PitchNo,Date,Time,PAofInning,PitchofPA,Pitcher,PitcherId,PitcherThrows,PitcherTeam,Batter,BatterId,BatterSide,BatterTeam,PitcherSet,Inning,Top/Bottom,Outs,Balls,Strikes,TaggedPitchType,AutoPitchType,PitchCall,KorBB,TaggedHitType,PlayResult,OutsOnPlay,RunsScored,Notes,RelSpeed,VertRelAngle,HorzRelAngle,SpinRate,SpinAxis,Tilt,RelHeight,RelSide,Extension,VertBreak,InducedVertBreak,HorzBreak,PlateLocHeight,PlateLocSide,ZoneSpeed,VertApprAngle,HorzApprAngle,ZoneTime,ExitSpeed,Angle,Direction,HitSpinRate,PositionAt110X,PositionAt110Y,PositionAt110Z,Distance,LastTrackedDistance,Bearing,HangTime,pfxx,pfxz,x0,y0,z0,vx0,vy0,vz0,ax0,ay0,az0,HomeTeam,AwayTeam,Stadium,Level,League,GameID,PitchUID,EffectiveVelo,MaxHeight,MeasuredDuration,SpeedDrop,PitchLastMeasuredX,PitchLastMeasuredY,PitchLastMeasuredZ,ContactPositionX,ContactPositionY,ContactPositionZ,GameUID,UTCDate,UTCTime,LocalDateTime,UTCDateTime,AutoHitType,System,HomeTeamForeignID,AwayTeamForeignID,GameForeignID,Catcher,CatcherId,CatcherThrows,CatcherTeam,PlayID,PitchTrajectoryXc0,PitchTrajectoryXc1,PitchTrajectoryXc2,PitchTrajectoryYc0,PitchTrajectoryYc1,PitchTrajectoryYc2,PitchTrajectoryZc0,PitchTrajectoryZc1,PitchTrajectoryZc2,HitSpinAxis,HitTrajectoryXc0,HitTrajectoryXc1,HitTrajectoryXc2,HitTrajectoryXc3,HitTrajectoryXc4,HitTrajectoryXc5,HitTrajectoryXc6,HitTrajectoryXc7,HitTrajectoryXc8,HitTrajectoryYc0,HitTrajectoryYc1,HitTrajectoryYc2,HitTrajectoryYc3,HitTrajectoryYc4,HitTrajectoryYc5,HitTrajectoryYc6,HitTrajectoryYc7,HitTrajectoryYc8,HitTrajectoryZc0,HitTrajectoryZc1,HitTrajectoryZc2,HitTrajectoryZc3,HitTrajectoryZc4,HitTrajectoryZc5,HitTrajectoryZc6,HitTrajectoryZc7,HitTrajectoryZc8,ThrowSpeed,PopTime,ExchangeTime,TimeToBase,CatchPositionX,CatchPositionY,CatchPositionZ,ThrowPositionX,ThrowPositionY,ThrowPositionZ,BasePositionX,BasePositionY,BasePositionZ,ThrowTrajectoryXc0,ThrowTrajectoryXc1,ThrowTrajectoryXc2,ThrowTrajectoryYc0,ThrowTrajectoryYc1,ThrowTrajectoryYc2,ThrowTrajectoryZc0,ThrowTrajectoryZc1,ThrowTrajectoryZc2,PitchReleaseConfidence,PitchLocationConfidence,PitchMovementConfidence,HitLaunchConfidence,HitLandingConfidence,CatcherThrowCatchConfidence,CatcherThrowReleaseConfidence,CatcherThrowLocationConfidence
1,2026-09-10,12:08:44.35,1,1,"Forton, Adam",1000298082,Right,THO_MOR,"Atchley, Chad",10005022,Right,THO_MOR,Undefined,1,Top,0,0,0,Fastball,Four-Seam,BallCalled,Undefined,Undefined,Undefined,0,0,,84.84594,0.245263,-2.915324,2186.655316,197.563268,12:30,5.70484,0.70075,6.33514,-21.961,16.29914,4.7728,4.10088,-1.58807,77.36557,-3.935097,-2.053443,0.445189,,,,,,,,,,,,-3.2954,8.77437,-0.49041,50,5.71215,6.08841,-123.16179,-0.06281,-5.05324,24.84263,-18.71911,THO_MOR,THO_MOR,ThomasMoreStadium,TeamExclusive,Team,20260910-ThomasMoreStadium-Private-1,e6062080-ad31-11f1-8927-d13a4ae004d8,84.66611,,,7.48037,,,,,,,1ad034c9-7055-40fd-8a13-2508ab8ee841,2026-09-10,16:08:44.35,2026-09-10T12:08:44.3530000-04:00,2026-09-10T16:08:44.3530000Z,,v3,643-145989,643-145989,,"Barth, Drew",1000298109,Right,THO_MOR,5174f337-77ee-4cc8-9aee-6cbfa81f1629,54.16099,-123.99825,12.42132,5.70365,0.56747,-9.35956,-0.69827,6.25855,-2.52662,,,,,,,,,,,,,,,,,,,,,,,,,,,,,,,,,,,,,,,,,,,,,,,,,,,High,High,High,,,,,
2,2026-09-10,12:08:55.91,1,2,"Forton, Adam",1000298082,Right,THO_MOR,"Atchley, Chad",10005022,Right,THO_MOR,Undefined,1,Top,0,1,0,Fastball,Four-Seam,StrikeCalled,Undefined,Undefined,Undefined,0,0,,84.77109,-1.348355,-1.742893,1997.689226,203.720911,12:45,5.61235,0.83752,5.48562,-23.24974,15.89713,6.48276,2.41259,-0.25334,78.22866,-5.66302,-0.588365,0.450318,,,,,,,,,,,,-3.71559,8.71969,-0.68931,50,5.47848,3.4765,-123.11728,-3.65764,-5.75737,22.26085,-18.66266,THO_MOR,THO_MOR,ThomasMoreStadium,TeamExclusive,Team,20260910-ThomasMoreStadium-Private-1,eceb1c70-ad31-11f1-8927-d13a4ae004d8,83.70174,,,6.54243,,,,,,,1ad034c9-7055-40fd-8a13-2508ab8ee841,2026-09-10,16:08:55.91,2026-09-10T12:08:55.9150000-04:00,2026-09-10T16:08:55.9150000Z,,v3,643-145989,643-145989,,"Barth, Drew",1000298109,Right,THO_MOR,c69d8a82-ea10-4a53-8717-cbd2cc2100fc,55.0128,-124.02033,11.13043,5.61151,-2.90055,-9.33133,-0.83508,3.71006,-2.87869,,,,,,,,,,,,,,,,,,,,,,,,,,,,,,,,,,,,,,,,,,,,,,,,,,,High,High,High,,,,,
3,2026-09-10,12:09:41.94,1,3,"Forton, Adam",1000298082,Right,THO_MOR,"Atchley, Chad",10005022,Right,THO_MOR,Undefined,1,Top,0,1,1,Fastball,Four-Seam,BallCalled,Undefined,Undefined,Undefined,0,0,,83.46595,-0.835293,-1.449754,2042.427009,196.817313,12:30,5.54036,0.8362,6.52519,-23.89249,15.22028,4.22803,2.78271,-0.14178,76.41882,-5.373215,-0.681827,0.450122,,,,,,,,,,,,-2.61705,8.59272,-0.7371,50,5.4718,2.91694,-121.33008,-2.39698,-3.89973,23.81605,-19.36976,THO_MOR,THO_MOR,ThomasMoreStadium,TeamExclusive,Team,20260910-ThomasMoreStadium-Private-1,0862d1a0-ad32-11f1-8927-d13a4ae004d8,83.73818,,,7.04712,,,,,,,1ad034c9-7055-40fd-8a13-2508ab8ee841,2026-09-10,16:09:41.94,2026-09-10T12:09:41.9480000-04:00,2026-09-10T16:09:41.9480000Z,,v3,643-145989,643-145989,,"Barth, Drew",1000298109,Right,THO_MOR,6c43dbc0-4c34-4a64-8b7e-19e2e26ac5a1,53.97182,-122.10723,11.90803,5.5397,-1.76492,-9.68488,-0.83436,3.04419,-1.94986,,,,,,,,,,,,,,,,,,,,,,,,,,,,,,,,,,,,,,,,,,,,,,,,,,,High,High,High,,,,,
4,2026-09-10,12:09:52.80,1,4,"Forton, Adam",1000298082,Right,THO_MOR,"Atchley, Chad",10005022,Right,THO_MOR,Undefined,1,Top,0,2,1,Fastball,Four-Seam,BallCalled,Undefined,Undefined,Undefined,0,0,,84.56955,-0.169183,-1.711783,2130.131489,203.143068,12:45,5.69859,0.91349,5.53434,-23.11261,16.46025,6.50142,3.61433,-0.14523,77.27943,-4.495522,-0.553319,0.452762,,,,,,,,,,,,-3.75469,8.73752,-0.76935,50,5.66876,3.39569,-122.7472,-1.09465,-5.73225,24.14472,-18.83456,THO_MOR,THO_MOR,ThomasMoreStadium,TeamExclusive,Team,20260910-ThomasMoreStadium-Private-1,0ecfde70-ad32-11f1-8927-d13a4ae004d8,83.25001,,,7.29012,,,,,,,1ad034c9-7055-40fd-8a13-2508ab8ee841,2026-09-10,16:09:52.80,2026-09-10T12:09:52.8010000-04:00,2026-09-10T16:09:52.8010000Z,,v3,643-145989,643-145989,,"Barth, Drew",1000298109,Right,THO_MOR,05cb2505-7c89-47de-b9b9-4d2685784e0e,54.96257,-123.7195,12.07236,5.69757,-0.33619,-9.41728,-0.91074,3.62652,-2.86612,,,,,,,,,,,,,,,,,,,,,,,,,,,,,,,,,,,,,,,,,,,,,,,,,,,High,High,High,,,,,
5,2026-09-10,12:10:07.74,1,5,"Forton, Adam",1000298082,Right,THO_MOR,"Atchley, Chad",10005022,Right,THO_MOR,Undefined,1,Top,0,3,1,Curveball,Curveball,BallCalled,Walk,Undefined,Undefined,0,0,,69.09138,3.098401,0.600822,2316.896081,64.225707,8:15,5.51846,0.85336,5.07422,-67.63744,-7.02146,-18.52257,2.80602,-0.12375,63.42832,-9.131487,-2.675756,0.560357,,,,,,,,,,,,9.41288,-3.88469,-0.89473,50,5.75845,-0.38772,-100.18595,3.29176,9.52703,16.81719,-36.10584,THO_MOR,THO_MOR,ThomasMoreStadium,TeamExclusive,Team,20260910-ThomasMoreStadium-Private-1,17c20f80-ad32-11f1-8927-d13a4ae004d8,67.26503,,,5.66306,,,,,,,1ad034c9-7055-40fd-8a13-2508ab8ee841,2026-09-10,16:10:07.74,2026-09-10T12:10:07.7450000-04:00,2026-09-10T16:10:07.7450000Z,,v3,643-145989,643-145989,,"Barth, Drew",1000298109,Right,THO_MOR,3bbc9691-4ff6-4076-b9c7-a0e4b3fc5d3b,55.42822,-101.09302,8.4086,5.52838,5.23921,-18.05292,-0.85996,-0.90158,4.76351,,,,,,,,,,,,,,,,,,,,,,,,,,,,,,,,,,,,,,,,,,,,,,,,,,,High,High,High,,,,,
6,2026-09-10,12:10:25.86,2,1,"Forton, Adam",1000298082,Right,THO_MOR,"Thompson, Dylan",10077983,Right,THO_MOR,Undefined,1,Top,0,0,0,Fastball,Four-Seam,BallCalled,Undefined,Undefined,Undefined,0,0,,84.6926,-0.35851,-0.007821,2175.836749,199.556105,12:45,5.70858,0.87523,5.64429,-21.70883,17.64139,5.81733,3.56509,1.35271,77.25973,-4.446199,1.031508,0.451487,,,,,,,,,,,,-2.94827,9.42689,-0.87832,50,5.66454,-0.22521,-122.96535,-1.43002,-4.50599,24.79233,-17.76644,THO_MOR,THO_MOR,ThomasMoreStadium,TeamExclusive,Team,20260910-ThomasMoreStadium-Private-1,22924f60-ad32-11f1-8927-d13a4ae004d8,83.48517,,,7.43287,,,,,,,1ad034c9-7055-40fd-8a13-2508ab8ee841,2026-09-10,16:10:25.86,2026-09-10T12:10:25.8630000-04:00,2026-09-10T16:10:25.8630000Z,,v3,643-145989,643-145989,,"Barth, Drew",1000298109,Right,THO_MOR,42c5b9c3-fbf2-444b-afd8-938fd0a6dd15,54.85213,-123.93977,12.39616,5.70702,-0.73173,-8.88322,-0.87295,-0.0481,-2.253,,,,,,,,,,,,,,,,,,,,,,,,,,,,,,,,,,,,,,,,,,,,,,,,,,,High,High,High,,,,,
7,2026-09-10,12:10:38.76,2,2,"Forton, Adam",1000298082,Right,THO_MOR,"Thompson, Dylan",10077983,Right,THO_MOR,Undefined,1,Top,0,1,0,Curveball,Curveball,StrikeCalled,Undefined,Undefined,Undefined,0,0,,69.14488,3.033037,0.366382,2357.452022,59.887118,8:00,5.52542,0.8669,5.45429,-69.95008,-10.00764,-20.65859,2.53821,-0.51167,63.2947,-9.69654,-3.3155,0.557235,,,,,,,,,,,,10.47977,-5.34512,-0.88465,50,5.74511,0.08313,-100.30011,3.18724,10.5676,17.7554,-37.56399,THO_MOR,THO_MOR,ThomasMoreStadium,TeamExclusive,Team,20260910-ThomasMoreStadium-Private-1,2a41ee50-ad32-11f1-8927-d13a4ae004d8,67.64188,,,5.85018,,,,,,,1ad034c9-7055-40fd-8a13-2508ab8ee841,2026-09-10,16:10:38.76,2026-09-10T12:10:38.7690000-04:00,2026-09-10T16:10:38.7690000Z,,v3,643-145989,643-145989,,"Barth, Drew",1000298109,Right,THO_MOR,caec63ae-f58e-4576-a711-6702c8bc99a5,55.04839,-101.18985,8.8777,5.53823,5.06959,-18.78199,-0.87555,-0.44642,5.2838,,,,,,,,,,,,,,,,,,,,,,,,,,,,,,,,,,,,,,,,,,,,,,,,,,,High,High,High,,,,,
8,2026-09-10,12:11:01.69,2,3,"Forton, Adam",1000298082,Right,THO_MOR,"Thompson, Dylan",10077983,Right,THO_MOR,Undefined,1,Top,0,1,1,Fastball,Four-Seam,StrikeCalled,Undefined,Undefined,Undefined,0,0,,84.12955,-0.417205,-1.411591,2160.434058,201.473131,12:45,5.62034,0.77477,5.59919,-23.69682,16.01658,5.82733,3.25598,-0.05772,77.24355,-4.841286,-0.371651,0.453565,,,,,,,,,,,,-3.32071,8.59115,-0.65771,50,5.56935,2.7705,-122.18886,-1.63776,-5.04586,22.92978,-19.11967,THO_MOR,THO_MOR,ThomasMoreStadium,TeamExclusive,Team,20260910-ThomasMoreStadium-Private-1,37ef8490-ad32-11f1-8927-d13a4ae004d8,83.10253,,,6.88599,,,,,,,1ad034c9-7055-40fd-8a13-2508ab8ee841,2026-09-10,16:11:01.69,2026-09-10T12:11:01.6910000-04:00,2026-09-10T16:11:01.6910000Z,,v3,643-145989,643-145989,,"Barth, Drew",1000298109,Right,THO_MOR,d7086fe5-a932-40b3-9e6f-8b5edd4e6684,54.89815,-123.10461,11.46489,5.61951,-0.87418,-9.55983,-0.77238,2.97202,-2.52293,,,,,,,,,,,,,,,,,,,,,,,,,,,,,,,,,,,,,,,,,,,,,,,,,,,High,High,High,,,,,
9,2026-09-10,12:11:15.12,2,4,"Forton, Adam",1000298082,Right,THO_MOR,"Thompson, Dylan",10077983,Right,THO_MOR,Undefined,1,Top,0,1,2,Splitter,Changeup,BallCalled,Undefined,Undefined,Undefined,0,0,,78.40322,0.539782,-0.385081,1245.781292,212.670591,1:00,5.55701,0.88031,6.19627,-35.16868,9.93878,5.42272,3.12462,0.97671,71.48251,-6.048629,0.594235,0.483388,,,,,,,,,,,,-2.91134,5.44296,-0.85394,50,5.58007,0.56942,-113.89326,0.07578,-3.80176,22.06006,-25.06642,THO_MOR,THO_MOR,ThomasMoreStadium,TeamExclusive,Team,20260910-ThomasMoreStadium-Private-1,3fe1aac0-ad32-11f1-8927-d13a4ae004d8,77.97558,,,6.92071,,,,,,,1ad034c9-7055-40fd-8a13-2508ab8ee841,2026-09-10,16:11:15.12,2026-09-10T12:11:15.1280000-04:00,2026-09-10T16:11:15.1280000Z,,v3,643-145989,643-145989,,"Barth, Drew",1000298109,Right,THO_MOR,c0464acf-f13d-4ed5-b4ac-b96d45c65712,54.29996,-114.7231,11.03003,5.55949,1.01871,-12.53321,-0.87805,0.71243,-1.90088,,,,,,,,,,,,,,,,,,,,,,,,,,,,,,,,,,,,,,,,,,,,,,,,,,,High,High,High,,,,,
10,2026-09-10,12:11:30.38,2,5,"Forton, Adam",1000298082,Right,THO_MOR,"Thompson, Dylan",10077983,Right,THO_MOR,Undefined,1,Top,0,2,2,Splitter,Changeup,StrikeCalled,Strikeout,Undefined,Undefined,0,0,,79.29323,-0.022723,-1.200064,1318.43644,206.949141,1:00,5.5705,0.9532,5.5961,-33.50923,11.76422,5.19544,2.75684,0.26557,72.0716,-6.247099,-0.272493,0.484276,,,,,,,,,,,,-2.99543,6.41583,-0.85381,50,5.54705,2.20636,-115.02505,-1.09242,-3.97882,23.03976,-23.65198,THO_MOR,THO_MOR,ThomasMoreStadium,TeamExclusive,Team,20260910-ThomasMoreStadium-Private-1,4906aba0-ad32-11f1-8927-d13a4ae004d8,77.8325,,,7.22163,,,,,,,1ad034c9-7055-40fd-8a13-2508ab8ee841,2026-09-10,16:11:30.38,2026-09-10T12:11:30.3820000-04:00,2026-09-10T16:11:30.3820000Z,,v3,643-145989,643-145989,,"Barth, Drew",1000298109,Right,THO_MOR,879c23f5-e8b3-4a71-b5ff-9fcbd2f2a8b7,54.90009,-116.00239,11.51988,5.57211,-0.0891,-11.82599,-0.95099,2.37513,-1.98941,,,,,,,,,,,,,,,,,,,,,,,,,,,,,,,,,,,,,,,,,,,,,,,,,,,High,High,High,,,,,
11,2026-09-10,12:11:58.11,3,1,"Forton, Adam",1000298082,Right,THO_MOR,"O'Donnell, Sean",1000511278,Right,THO_MOR,Undefined,1,Top,1,0,0,Slider,Curveball,BallCalled,Undefined,Undefined,Undefined,0,0,,73.6229,1.437695,-1.038691,2225.005799,105.648618,9:30,5.29937,0.99914,5.17548,-48.44991,4.74,-10.76693,2.61522,-0.87559,67.34145,-7.401099,-2.945411,0.524911,,,,,,,,,,,,5.07374,2.44366,-0.89388,50,5.39639,2.34398,-106.77018,1.11842,5.82892,19.2036,-29.36666,THO_MOR,THO_MOR,ThomasMoreStadium,TeamExclusive,Team,20260910-ThomasMoreStadium-Private-1,5990ade0-ad32-11f1-8927-d13a4ae004d8,71.80725,,,6.28145,,,,,,,1ad034c9-7055-40fd-8a13-2508ab8ee841,2026-09-10,16:11:58.11,2026-09-10T12:11:58.1110000-04:00,2026-09-10T16:11:58.1110000Z,,v3,643-145989,643-145989,,"Barth, Drew",1000298109,Right,THO_MOR,e29fda58-bb80-45b6-b251-a999bf3fbc83,55.3224,-107.72321,9.6018,5.30472,2.57581,-14.68333,-1.00303,2.0547,2.91446,,,,,,,,,,,,,,,,,,,,,,,,,,,,,,,,,,,,,,,,,,,,,,,,,,,High,High,High,,,,,
12,2026-09-10,12:12:11.96,3,2,"Forton, Adam",1000298082,Right,THO_MOR,"O'Donnell, Sean",1000511278,Right,THO_MOR,Undefined,1,Top,1,1,0,Fastball,Four-Seam,BallCalled,Undefined,Undefined,Undefined,0,0,,84.88339,-1.321241,-2.707374,2119.752884,206.431212,1:00,5.63365,0.88195,5.98764,-20.33745,18.47194,8.54701,2.71276,-0.91687,77.34803,-5.182836,-1.172414,0.448373,,,,,,,,,,,,-5.1717,10.25504,-0.67297,50,5.51811,5.48321,-123.13754,-3.41291,-7.91269,25.25376,-16.48381,THO_MOR,THO_MOR,ThomasMoreStadium,TeamExclusive,Team,20260910-ThomasMoreStadium-Private-1,61ce8310-ad32-11f1-8927-d13a4ae004d8,84.06482,,,7.53537,,,,,,,1ad034c9-7055-40fd-8a13-2508ab8ee841,2026-09-10,16:12:11.96,2026-09-10T12:12:11.9680000-04:00,2026-09-10T16:12:11.9680000Z,,v3,643-145989,643-145989,,"Barth, Drew",1000298109,Right,THO_MOR,ce8bff86-5c5e-4926-81e8-3c0038bd6170,54.50931,-124.05889,12.62688,5.63166,-2.81152,-8.24191,-0.87828,5.7719,-3.95635,,,,,,,,,,,,,,,,,,,,,,,,,,,,,,,,,,,,,,,,,,,,,,,,,,,High,High,High,,,,,
13,2026-09-10,12:12:27.32,3,3,"Forton, Adam",1000298082,Right,THO_MOR,"O'Donnell, Sean",1000511278,Right,THO_MOR,Undefined,1,Top,1,2,0,Curveball,Curveball,StrikeCalled,Undefined,Undefined,Undefined,0,0,,67.8624,3.860568,2.048045,2298.279158,56.242496,7:45,5.52982,0.81138,5.08919,-74.4191,-10.82863,-19.55477,2.97459,1.11289,61.61526,-9.617732,-1.409834,0.573941,,,,,,,,,,,,10.30036,-5.88611,-0.98902,50,5.83708,-2.80065,-98.1774,4.29016,9.9059,17.67189,-37.83473,THO_MOR,THO_MOR,ThomasMoreStadium,TeamExclusive,Team,20260910-ThomasMoreStadium-Private-1,6b0648a0-ad32-11f1-8927-d13a4ae004d8,65.67299,,,6.24714,,,,,,,1ad034c9-7055-40fd-8a13-2508ab8ee841,2026-09-10,16:12:27.32,2026-09-10T12:12:27.3210000-04:00,2026-09-10T16:12:27.3210000Z,,v3,643-145989,643-145989,,"Barth, Drew",1000298109,Right,THO_MOR,2f2cda68-a49c-4d86-b779-9b46c6d9b724,55.41265,-99.14689,8.83595,5.54478,6.36579,-18.91737,-0.82047,-3.34409,4.95295,,,,,,,,,,,,,,,,,,,,,,,,,,,,,,,,,,,,,,,,,,,,,,,,,,,High,High,High,,,,,
14,2026-09-10,12:12:59.86,3,4,"Forton, Adam",1000298082,Right,THO_MOR,"O'Donnell, Sean",1000511278,Right,THO_MOR,Undefined,1,Top,1,2,1,Fastball,Cutter,BallCalled,Undefined,Undefined,Undefined,0,0,,83.89522,0.758569,-0.956158,2164.354635,177.965704,12:00,5.65838,0.66322,6.12718,-24.23738,14.92056,-0.48827,4.33993,-0.26139,76.91788,-3.811979,-1.044145,0.450382,,,,,,,,,,,,-0.00331,7.86662,-0.58989,50,5.70366,2.05402,-121.94366,0.91696,-0.00501,23.10849,-20.28282,THO_MOR,THO_MOR,ThomasMoreStadium,TeamExclusive,Team,20260910-ThomasMoreStadium-Private-1,7e4fe010-ad32-11f1-8927-d13a4ae004d8,83.68991,,,6.97734,,,,,,,1ad034c9-7055-40fd-8a13-2508ab8ee841,2026-09-10,16:12:59.86,2026-09-10T12:12:59.8610000-04:00,2026-09-10T16:12:59.8610000Z,,v3,643-145989,643-145989,,"Barth, Drew",1000298109,Right,THO_MOR,63be9ac3-c543-4cfc-a09f-d416515f7555,54.37006,-122.769,11.55425,5.65797,1.64138,-10.14141,-0.66325,2.0542,-0.00251,,,,,,,,,,,,,,,,,,,,,,,,,,,,,,,,,,,,,,,,,,,,,,,,,,,High,High,High,,,,,
15,2026-09-10,12:13:13.20,3,5,"Forton, Adam",1000298082,Right,THO_MOR,"O'Donnell, Sean",1000511278,Right,THO_MOR,Undefined,1,Top,1,3,1,Curveball,Curveball,StrikeCalled,Undefined,Undefined,Undefined,0,0,,68.00674,2.311887,1.378142,2362.724603,65.499596,8:15,5.4777,0.7723,4.76821,-72.06279,-8.06422,-22.68375,1.66616,0.18884,61.96178,-10.65397,-2.617867,0.57578,,,,,,,,,,,,11.648,-4.15284,-0.88894,50,5.64574,-1.54022,-98.48743,1.65701,11.24896,18.0872,-36.1846,THO_MOR,THO_MOR,ThomasMoreStadium,TeamExclusive,Team,20260910-ThomasMoreStadium-Private-1,865e67e0-ad32-11f1-8927-d13a4ae004d8,65.46327,,,6.04496,,,,,,,1ad034c9-7055-40fd-8a13-2508ab8ee841,2026-09-10,16:13:13.20,2026-09-10T12:13:13.2020000-04:00,2026-09-10T16:13:13.2020000Z,,v3,643-145989,643-145989,,"Barth, Drew",1000298109,Right,THO_MOR,a960f298-e35a-4ba9-9912-d8749a44073a,55.73373,-99.53486,9.0436,5.48911,3.75246,-18.0923,-0.78089,-2.19165,5.62448,,,,,,,,,,,,,,,,,,,,,,,,,,,,,,,,,,,,,,,,,,,,,,,,,,,High,High,High,,,,,
16,2026-09-10,12:13:30.36,3,6,"Forton, Adam",1000298082,Right,THO_MOR,"O'Donnell, Sean",1000511278,Right,THO_MOR,Undefined,1,Top,1,3,2,Splitter,Changeup,BallCalled,Walk,Undefined,Undefined,0,0,,78.10939,-1.276524,-0.247273,1224.517616,185.856924,12:15,5.51771,0.66908,7.03899,-30.63765,13.68146,1.24299,1.80471,0.54802,70.90289,-7.134922,-0.019001,0.479145,,,,,,,,,,,,-0.74571,8.19166,-0.65445,50,5.43039,0.45112,-113.54021,-3.22473,-0.95901,23.66326,-21.63926,THO_MOR,THO_MOR,ThomasMoreStadium,TeamExclusive,Team,20260910-ThomasMoreStadium-Private-1,908f8190-ad32-11f1-8927-d13a4ae004d8,78.66604,,,7.2065,,,,,,,1ad034c9-7055-40fd-8a13-2508ab8ee841,2026-09-10,16:13:30.36,2026-09-10T12:13:30.3620000-04:00,2026-09-10T16:13:30.3620000Z,,v3,643-145989,643-145989,,"Barth, Drew",1000298109,Right,THO_MOR,8ac896d8-ac57-4c40-9b8f-1b971e8bf61c,53.45742,-114.25851,11.83163,5.51831,-2.56787,-10.81963,-0.66858,0.48022,-0.4795,,,,,,,,,,,,,,,,,,,,,,,,,,,,,,,,,,,,,,,,,,,,,,,,,,,High,High,High,,,,,
17,2026-09-10,12:13:48.79,4,1,"Forton, Adam",1000298082,Right,THO_MOR,"Sandhas, Kellen",10067176,Right,THO_MOR,Undefined,1,Top,1,0,0,Slider,Curveball,BallCalled,Undefined,Undefined,Undefined,0,0,,70.90079,2.639695,1.393608,2259.856631,94.381484,9:15,5.30831,1.14741,5.22144,-54.40086,3.43024,-18.11221,3.25917,0.94855,64.1797,-7.324959,-1.815813,0.547334,,,,,,,,,,,,9.40863,1.51516,-1.26199,50,5.5118,-1.81842,-102.64822,3.04,9.90398,19.11582,-30.57911,THO_MOR,THO_MOR,ThomasMoreStadium,TeamExclusive,Team,20260910-ThomasMoreStadium-Private-1,9b839d20-ad32-11f1-8927-d13a4ae004d8,68.86558,,,6.72108,,,,,,,1ad034c9-7055-40fd-8a13-2508ab8ee841,2026-09-10,16:13:48.79,2026-09-10T12:13:48.7900000-04:00,2026-09-10T16:13:48.7900000Z,,v3,643-145989,643-145989,,"Barth, Drew",1000298109,Right,THO_MOR,fff7325e-640d-47d1-9b84-0d1a24a9196b,55.27514,-103.62593,9.55791,5.31631,4.60403,-15.28955,-1.15603,-2.32498,4.95199,,,,,,,,,,,,,,,,,,,,,,,,,,,,,,,,,,,,,,,,,,,,,,,,,,,High,High,High,,,,,
18,2026-09-10,12:14:20.16,4,2,"Forton, Adam",1000298082,Right,THO_MOR,"Sandhas, Kellen",10067176,Right,THO_MOR,Undefined,1,Top,1,1,0,Fastball,Cutter,BallCalled,Undefined,Undefined,Undefined,0,0,,83.03665,0.488717,-2.492897,2089.117503,199.051734,12:45,5.63556,0.79425,5.54976,-25.61726,15.37213,4.87158,3.95791,-1.13073,75.99039,-4.288421,-1.625568,0.460794,,,,,,,,,,,,-3.12902,8.01945,-0.58175,50,5.66111,5.04435,-120.47793,0.21717,-4.61211,22.7814,-20.35354,THO_MOR,THO_MOR,ThomasMoreStadium,TeamExclusive,Team,20260910-ThomasMoreStadium-Private-1,ae39a720-ad32-11f1-8927-d13a4ae004d8,81.79883,,,7.04626,,,,,,,1ad034c9-7055-40fd-8a13-2508ab8ee841,2026-09-10,16:14:20.16,2026-09-10T12:14:20.1660000-04:00,2026-09-10T16:14:20.1660000Z,,v3,643-145989,643-145989,,"Barth, Drew",1000298109,Right,THO_MOR,cebaaa1d-ab16-4927-9bf6-2fa4967c82cf,54.94694,-121.40975,11.3907,5.6352,1.04969,-10.17677,-0.79194,5.233,-2.30605,,,,,,,,,,,,,,,,,,,,,,,,,,,,,,,,,,,,,,,,,,,,,,,,,,,High,High,High,,,,,
1,2026-09-10,13:01:45.40,1,1,"Adkins, Karson",1,Right,THO_MOR,"Barth, Drew",1000298109,,THO_MOR,Undefined,1,Top,0,0,0,Slider,Slider,StrikeCalled,Undefined,Undefined,Undefined,0,0,,79.89969,0.773878,-1.361987,2472.015948,98.196243,9:15,5.80781,2.28344,5.17859,-42.52703,1.80004,-4.24855,2.9923,0.64763,74.29722,-6.930409,-2.114717,0.479188,,,,,,,,,,,,1.7991,1.09461,-2.15342,50,5.8472,2.93393,-116.12539,0.05676,2.49269,18.75705,-30.65746,THO_MOR,THO_MOR,ThomasMoreStadium,TeamExclusive,Team,20260910-ThomasMoreStadium-Private-2,4e68d3f0-ad39-11f1-ae08-b3bdb2a0d99e,78.65898,,,5.60247,,,,,,,c76edcbc-2d97-419f-8c45-4d4c95e6fbea,2026-09-10,17:01:45.40,2026-09-10T13:01:45.4013440-04:00,2026-09-10T17:01:45.4013440Z,,v3,643-145989,643-145989,,"Barth, Drew",1000298109,Right,THO_MOR,dd1ce6ed-4827-4496-a499-7773b16f6388,55.32132,-116.98176,9.37852,5.81266,1.45645,-15.32873,-2.28477,2.82013,1.24635,,,,,,,,,,,,,,,,,,,,,,,,,,,,,,,,,,,,,,,,,,,,,,,,,,,High,High,High,,,,,
2,2026-09-10,13:02:17.06,1,2,"Adkins, Karson",1,Right,THO_MOR,"Barth, Drew",1000298109,,THO_MOR,Undefined,1,Top,0,0,1,Fastball,Four-Seam,StrikeCalled,Undefined,Undefined,Undefined,0,0,,85.83962,-1.102472,-2.893057,2334.779797,210.591029,1:00,5.80634,2.409,6.04386,-19.98946,17.52607,9.6969,3.11844,0.53635,78.90964,-4.880294,-1.150252,0.440836,,,,,,,,,,,,-5.75209,9.66556,-2.18869,50,5.70947,5.91728,-124.65287,-2.97402,-9.10867,23.54721,-16.86822,THO_MOR,THO_MOR,ThomasMoreStadium,TeamExclusive,Team,20260910-ThomasMoreStadium-Private-2,61448e60-ad39-11f1-ae08-b3bdb2a0d99e,85.50224,,,6.92998,,,,,,,c76edcbc-2d97-419f-8c45-4d4c95e6fbea,2026-09-10,17:02:17.06,2026-09-10T13:02:17.0614272-04:00,2026-09-10T17:02:17.0614272Z,,v3,643-145989,643-145989,,"Barth, Drew",1000298109,Right,THO_MOR,45049363-b1e1-4b62-b434-f69ca31d7f46,54.45459,-125.49153,11.77361,5.8047,-2.37324,-8.43411,-2.40522,6.2417,-4.55433,,,,,,,,,,,,,,,,,,,,,,,,,,,,,,,,,,,,,,,,,,,,,,,,,,,High,High,High,,,,,
3,2026-09-10,13:02:33.25,1,3,"Adkins, Karson",1,Right,THO_MOR,"Barth, Drew",1000298109,,THO_MOR,Undefined,1,Top,0,0,2,ChangeUp,Changeup,BallCalled,Undefined,Undefined,Undefined,0,0,,78.28471,-0.097643,-1.866482,2261.323192,257.633677,2:30,5.43847,1.48073,5.11071,-40.99683,6.05949,20.68596,1.93003,1.44551,71.69793,-7.569502,1.796198,0.49372,,,,,,,,,,,,-10.80953,3.5026,-1.32175,50,5.3975,2.85596,-113.56227,-1.60698,-14.07878,21.30989,-27.61214,THO_MOR,THO_MOR,ThomasMoreStadium,TeamExclusive,Team,20260910-ThomasMoreStadium-Private-2,6b18bb00-ad39-11f1-ae08-b3bdb2a0d99e,76.34382,,,6.58678,,,,,,,c76edcbc-2d97-419f-8c45-4d4c95e6fbea,2026-09-10,17:02:33.25,2026-09-10T13:02:33.2599808-04:00,2026-09-10T17:02:33.2599808Z,,v3,643-145989,643-145989,,"Barth, Drew",1000298109,Right,THO_MOR,fe49a0f5-c844-4f40-bfc5-2a912977725a,55.38813,-114.56889,10.65494,5.44261,-0.30266,-13.80607,-1.47236,3.521,-7.03939,,,,,,,,,,,,,,,,,,,,,,,,,,,,,,,,,,,,,,,,,,,,,,,,,,,High,High,High,,,,,
4,2026-09-10,13:02:50.85,1,4,"Adkins, Karson",1,Right,THO_MOR,"Barth, Drew",1000298109,,THO_MOR,Undefined,1,Top,0,1,2,Fastball,Four-Seam,BallCalled,Undefined,Undefined,Undefined,0,0,,86.05756,-2.904769,-2.144534,2259.26995,216.554904,1:15,5.63739,1.29066,5.85894,-21.7634,16.19733,11.07627,1.1209,0.22038,78.65789,-6.987766,-0.157796,0.443444,,,,,,,,,,,,-6.35496,9.52024,-1.12344,50,5.38887,4.23472,-124.78996,-6.99876,-9.98452,25.96593,-17.21641,THO_MOR,THO_MOR,ThomasMoreStadium,TeamExclusive,Team,20260910-ThomasMoreStadium-Private-2,7559b330-ad39-11f1-ae08-b3bdb2a0d99e,84.99935,,,7.39966,,,,,,,c76edcbc-2d97-419f-8c45-4d4c95e6fbea,2026-09-10,17:02:50.85,2026-09-10T13:02:50.8537856-04:00,2026-09-10T17:02:50.8537856Z,,v3,643-145989,643-145989,,"Barth, Drew",1000298109,Right,THO_MOR,0f83bc88-d006-486d-b106-394247286bc4,54.64036,-125.75181,12.98296,5.63631,-6.36102,-8.60821,-1.28716,4.60457,-4.99226,,,,,,,,,,,,,,,,,,,,,,,,,,,,,,,,,,,,,,,,,,,,,,,,,,,High,High,High,,,,,
5,2026-09-10,13:03:08.79,1,5,"Adkins, Karson",1,Right,THO_MOR,"Barth, Drew",1000298109,,THO_MOR,Undefined,1,Top,0,2,2,Fastball,Four-Seam,BallCalled,Undefined,Undefined,Undefined,0,0,,85.54394,-0.486808,-0.290857,2311.755153,213.786019,1:15,5.99654,0.70045,7.02817,-17.3171,19.0854,12.0291,4.1111,1.43859,78.40839,-3.852163,1.915123,0.434247,,,,,,,,,,,,-6.48307,10.66843,-0.68579,50,5.96051,0.21574,-124.53188,-1.41878,-10.19575,24.66338,-15.39604,THO_MOR,THO_MOR,ThomasMoreStadium,TeamExclusive,Team,20260910-ThomasMoreStadium-Private-2,8027a920-ad39-11f1-ae08-b3bdb2a0d99e,86.79948,,,7.13556,,,,,,,c76edcbc-2d97-419f-8c45-4d4c95e6fbea,2026-09-10,17:03:08.79,2026-09-10T13:03:08.7904768-04:00,2026-09-10T17:03:08.7904768Z,,v3,643-145989,643-145989,,"Barth, Drew",1000298109,Right,THO_MOR,727d749b-6808-40c3-91e8-2ece3ddfd899,53.46955,-125.21713,12.33169,5.99399,-0.99101,-7.69802,-0.69572,0.49903,-5.09787,,,,,,,,,,,,,,,,,,,,,,,,,,,,,,,,,,,,,,,,,,,,,,,,,,,High,High,High,,,,,
6,2026-09-10,13:03:26.42,1,6,"Adkins, Karson",1,Right,THO_MOR,"Barth, Drew",1000298109,,THO_MOR,Undefined,1,Top,0,3,2,Slider,Slider,BallCalled,Walk,Undefined,Undefined,0,0,,80.24606,-2.900109,-4.270136,2397.079772,7.736143,6:15,5.73177,1.19701,5.76868,-44.02975,-0.50945,-0.23665,-0.64611,-2.80396,74.92357,-10.857654,-4.312456,0.474807,,,,,,,,,,,,-0.97902,0.71724,-0.84314,50,5.46366,8.69035,-116.27615,-7.3219,-1.34982,20.35687,-31.18513,THO_MOR,THO_MOR,ThomasMoreStadium,TeamExclusive,Team,20260910-ThomasMoreStadium-Private-2,8a96b630-ad39-11f1-ae08-b3bdb2a0d99e,79.38474,,,5.32249,,,,,,,c76edcbc-2d97-419f-8c45-4d4c95e6fbea,2026-09-10,17:03:26.42,2026-09-10T13:03:26.4279040-04:00,2026-09-10T17:03:26.4279040Z,,v3,643-145989,643-145989,,"Barth, Drew",1000298109,Right,THO_MOR,db45c428-11a8-4de5-9392-f8d32120d259,54.73371,-117.10196,10.17844,5.73502,-6.05681,-15.59257,-1.19679,8.74511,-0.67491,,,,,,,,,,,,,,,,,,,,,,,,,,,,,,,,,,,,,,,,,,,,,,,,,,,High,High,High,,,,,
7,2026-09-10,13:04:11.47,2,1,"Adkins, Karson",1,Right,THO_MOR,"Thompson, Dylan",10077983,Right,THO_MOR,Undefined,1,Top,0,0,0,ChangeUp,Changeup,BallCalled,Undefined,Undefined,Undefined,0,0,,78.7897,0.853813,-1.89151,2266.746342,252.138576,2:30,5.52716,1.41086,5.37309,-37.74801,8.56351,21.6417,3.18246,1.44035,71.4939,-6.111121,1.955356,0.489797,,,,,,,,,,,,-11.41788,4.50595,-1.25719,50,5.5773,2.90117,-114.23673,0.46379,-14.94238,22.94272,-26.27718,THO_MOR,THO_MOR,ThomasMoreStadium,TeamExclusive,Team,20260910-ThomasMoreStadium-Private-2,a5786cf0-ad39-11f1-ae08-b3bdb2a0d99e,76.95526,,,7.29579,,,,,,,c76edcbc-2d97-419f-8c45-4d4c95e6fbea,2026-09-10,17:04:11.47,2026-09-10T13:04:11.4761728-04:00,2026-09-10T17:04:11.4761728Z,,v3,643-145989,643-145989,,"Barth, Drew",1000298109,Right,THO_MOR,31114aac-1847-44e1-a5ff-0f9dd97960ac,55.12462,-115.26134,11.47136,5.53038,1.63732,-13.13859,-1.40165,3.56849,-7.47119,,,,,,,,,,,,,,,,,,,,,,,,,,,,,,,,,,,,,,,,,,,,,,,,,,,High,High,High,,,,,
8,2026-09-10,13:04:54.40,2,2,"Adkins, Karson",1,Right,THO_MOR,"Thompson, Dylan",10077983,Right,THO_MOR,Undefined,1,Top,0,1,0,Curveball,Curveball,BallCalled,Undefined,Undefined,Undefined,0,0,,77.09239,1.12882,-2.974209,2345.034951,43.765198,7:30,5.72658,1.243,5.09542,-57.72058,-9.22623,-10.22886,1.98187,-2.41473,71.21411,-9.251676,-4.781184,0.501207,,,,,,,,,,,,4.25835,-4.45634,-0.95354,50,5.78778,6.21736,-111.80764,0.15547,5.3888,20.21478,-37.8134,THO_MOR,THO_MOR,ThomasMoreStadium,TeamExclusive,Team,20260910-ThomasMoreStadium-Private-2,bf288180-ad39-11f1-ae08-b3bdb2a0d99e,75.20334,,,5.87828,,,,,,,c76edcbc-2d97-419f-8c45-4d4c95e6fbea,2026-09-10,17:04:54.40,2026-09-10T13:04:54.4093184-04:00,2026-09-10T17:04:54.4093184Z,,v3,643-145989,643-145989,,"Barth, Drew",1000298109,Right,THO_MOR,79241474-3eac-4b71-b48b-00fa4feb2bd7,55.40618,-112.78084,10.10739,5.73647,1.97592,-18.9067,-1.24662,5.95793,2.6944,,,,,,,,,,,,,,,,,,,,,,,,,,,,,,,,,,,,,,,,,,,,,,,,,,,High,High,High,,,,,
9,2026-09-10,13:05:28.74,2,3,"Adkins, Karson",1,Right,THO_MOR,"Thompson, Dylan",10077983,Right,THO_MOR,Undefined,1,Top,0,2,0,ChangeUp,Changeup,BallCalled,Undefined,Undefined,Undefined,0,0,,78.46434,-2.335182,-3.830402,2152.583055,255.475817,2:30,5.44763,1.31463,6.46425,-37.87002,6.53819,19.93678,0.14098,-0.54738,72.52478,-9.3632,-0.213399,0.479626,,,,,,,,,,,,-11.54446,4.45315,-1.05267,50,5.26552,6.96043,-113.8669,-5.69675,-15.19722,20.38622,-26.3119,THO_MOR,THO_MOR,ThomasMoreStadium,TeamExclusive,Team,20260910-ThomasMoreStadium-Private-2,d3a78bb0-ad39-11f1-93c2-b9db7791008c,78.58707,,,5.93956,,,,,,,c76edcbc-2d97-419f-8c45-4d4c95e6fbea,2026-09-10,17:05:28.74,2026-09-10T13:05:28.7449600-04:00,2026-09-10T17:05:28.7449600Z,,v3,643-145989,643-145989,,"Barth, Drew",1000298109,Right,THO_MOR,3797230c-be15-4d63-b7ca-524f25ec2194,54.03679,-114.58735,10.19311,5.45041,-4.76689,-13.15595,-1.30814,7.4975,-7.59861,,,,,,,,,,,,,,,,,,,,,,,,,,,,,,,,,,,,,,,,,,,,,,,,,,,High,High,High,,,,,
10,2026-09-10,13:06:11.87,2,4,"Adkins, Karson",1,Right,THO_MOR,"Thompson, Dylan",10077983,Right,THO_MOR,Undefined,1,Top,0,3,0,Fastball,Four-Seam,BallCalled,Walk,Undefined,Undefined,0,0,,85.22821,-3.034424,-1.457166,2287.802528,214.454708,1:15,5.7408,0.92106,7.69178,-18.15206,17.35867,11.22048,1.50265,0.54865,79.05063,-6.550902,0.627773,0.428895,,,,,,,,,,,,-6.57059,10.63575,-0.8511,50,5.587,2.8378,-124.11252,-6.91657,-10.35503,22.43039,-15.41249,THO_MOR,THO_MOR,ThomasMoreStadium,TeamExclusive,Team,20260910-ThomasMoreStadium-Private-2,ed2a4eb0-ad39-11f1-93c2-b9db7791008c,87.88268,,,6.17758,,,,,,,c76edcbc-2d97-419f-8c45-4d4c95e6fbea,2026-09-10,17:06:11.87,2026-09-10T13:06:11.8714368-04:00,2026-09-10T17:06:11.8714368Z,,v3,643-145989,643-145989,,"Barth, Drew",1000298109,Right,THO_MOR,efc7a29a-4dbe-43c3-a839-131bb8b96c44,52.80902,-124.61915,11.2152,5.73929,-6.56845,-7.70624,-0.91784,3.07168,-5.17751,,,,,,,,,,,,,,,,,,,,,,,,,,,,,,,,,,,,,,,,,,,,,,,,,,,High,High,High,,,,,
11,2026-09-10,13:17:53.86,1,1,"Whitesell, Miles",1,Right,THO_MOR,"Barth, Drew",1000298109,,THO_MOR,Undefined,1,Bottom,0,0,0,Fastball,Four-Seam,StrikeCalled,Undefined,Undefined,Undefined,0,0,,89.02459,-2.50637,-3.013976,2277.762119,203.301566,12:45,6.49377,1.30198,6.07591,-14.69477,20.35537,8.28611,2.94547,-0.7988,81.48354,-5.32761,-1.524603,0.426105,,,,,,,,,,,,-5.09071,11.51552,-1.07304,50,6.29164,6.45738,-129.11142,-6.04274,-8.60862,26.42467,-12.70079,THO_MOR,THO_MOR,ThomasMoreStadium,TeamExclusive,Team,20260910-ThomasMoreStadium-Private-2,8fa2c180-ad3b-11f1-be3a-1767d8db7fdd,88.45817,,,7.54105,,,,,,,c76edcbc-2d97-419f-8c45-4d4c95e6fbea,2026-09-10,17:17:53.86,2026-09-10T13:17:53.8631680-04:00,2026-09-10T17:17:53.8631680Z,,v3,643-145989,643-145989,,"Barth, Drew",1000298109,Right,THO_MOR,74302c6a-848b-4fdf-b21c-bad0ce866864,54.42183,-130.01327,13.21234,6.49048,-5.60927,-6.35039,-1.29844,6.75118,-4.30431,,,,,,,,,,,,,,,,,,,,,,,,,,,,,,,,,,,,,,,,,,,,,,,,,,,High,High,High,,,,,
12,2026-09-10,13:18:09.05,1,2,"Whitesell, Miles",1,Right,THO_MOR,"Barth, Drew",1000298109,,THO_MOR,Undefined,1,Bottom,0,0,1,Cutter,Slider,BallCalled,Undefined,Undefined,Undefined,0,0,,81.6638,-2.301099,-2.642574,2229.588614,174.405099,11:45,6.31449,1.58756,5.59664,-36.69065,5.6576,-0.42744,1.10513,-0.91698,75.46273,-8.99362,-2.718895,0.46837,,,,,,,,,,,,-0.49807,3.85701,-1.36068,50,6.09301,5.4834,-118.4459,-5.98689,-0.7093,22.11105,-26.68144,THO_MOR,THO_MOR,ThomasMoreStadium,TeamExclusive,Team,20260910-ThomasMoreStadium-Private-2,98b599f0-ad3b-11f1-be3a-1767d8db7fdd,80.47579,,,6.20107,,,,,,,c76edcbc-2d97-419f-8c45-4d4c95e6fbea,2026-09-10,17:18:09.05,2026-09-10T13:18:09.0514944-04:00,2026-09-10T17:18:09.0514944Z,,v3,643-145989,643-145989,,"Barth, Drew",1000298109,Right,THO_MOR,2107fdc2-22ec-43d7-95d6-ed57ad7a4eab,54.90278,-119.35762,11.05552,6.31719,-4.88671,-13.34072,-1.58738,5.51264,-0.35465,,,,,,,,,,,,,,,,,,,,,,,,,,,,,,,,,,,,,,,,,,,,,,,,,,,High,High,High,,,,,
13,2026-09-10,13:18:26.60,1,3,"Whitesell, Miles",1,Right,THO_MOR,"Barth, Drew",1000298109,,THO_MOR,Undefined,1,Bottom,0,1,1,Fastball,Four-Seam,StrikeCalled,Undefined,Undefined,Undefined,0,0,,89.41957,-3.317933,-1.36276,2340.020884,200.767715,12:45,6.43118,1.40427,5.96551,-14.19662,20.7584,7.43796,2.16747,0.76033,81.72769,-6.041644,-0.026122,0.425526,,,,,,,,,,,,-4.18709,11.91977,-1.30032,50,6.15988,2.77026,-129.6688,-7.89076,-7.12385,27.29355,-11.89402,THO_MOR,THO_MOR,ThomasMoreStadium,TeamExclusive,Team,20260910-ThomasMoreStadium-Private-2,a310f7f0-ad3b-11f1-be3a-1767d8db7fdd,88.57843,,,7.69188,,,,,,,c76edcbc-2d97-419f-8c45-4d4c95e6fbea,2026-09-10,17:18:26.60,2026-09-10T13:18:26.6061312-04:00,2026-09-10T17:18:26.6061312Z,,v3,643-145989,643-145989,,"Barth, Drew",1000298109,Right,THO_MOR,244088f4-319e-4bd2-b129-aded56d652d9,54.53138,-130.61911,13.64678,6.42741,-7.47663,-5.94701,-1.40109,3.0183,-3.56193,,,,,,,,,,,,,,,,,,,,,,,,,,,,,,,,,,,,,,,,,,,,,,,,,,,High,High,High,,,,,
14,2026-09-10,13:18:45.18,1,4,"Whitesell, Miles",1,Right,THO_MOR,"Barth, Drew",1000298109,,THO_MOR,Undefined,1,Bottom,0,1,2,Curveball,Curveball,StrikeCalled,Strikeout,Undefined,Undefined,0,0,,76.65694,1.29613,-1.715693,2250.596822,2.644054,6:00,6.49201,1.15492,4.90507,-56.27365,-6.95985,-0.39134,3.02905,-0.5007,70.60237,-8.826637,-1.784735,0.505424,,,,,,,,,,,,-0.28161,-3.34532,-0.98681,50,6.57125,3.34715,-111.21451,0.48863,-0.35286,19.86824,-36.36561,THO_MOR,THO_MOR,ThomasMoreStadium,TeamExclusive,Team,20260910-ThomasMoreStadium-Private-2,ae426aa0-ad3b-11f1-be3a-1767d8db7fdd,74.57591,,,6.05457,,,,,,,c76edcbc-2d97-419f-8c45-4d4c95e6fbea,2026-09-10,17:18:45.18,2026-09-10T13:18:45.1897856-04:00,2026-09-10T17:18:45.1897856Z,,v3,643-145989,643-145989,,"Barth, Drew",1000298109,Right,THO_MOR,047a2167-a5a5-4f4c-a03e-4c541afbfc33,55.59546,-112.20968,9.93412,6.50116,2.31012,-18.18281,-1.15491,3.36482,-0.17643,,,,,,,,,,,,,,,,,,,,,,,,,,,,,,,,,,,,,,,,,,,,,,,,,,,High,High,High,,,,,
15,2026-09-10,13:19:02.00,2,1,"Whitesell, Miles",1,Right,THO_MOR,"Thompson, Dylan",10077983,Right,THO_MOR,Undefined,1,Bottom,1,0,0,Curveball,Curveball,StrikeCalled,Undefined,Undefined,Undefined,0,0,,75.88969,1.419284,-0.790256,2313.177152,35.884511,7:15,6.56308,1.3655,4.98903,-57.40196,-7.09028,-6.28418,3.12011,0.09558,69.68483,-8.933618,-1.901208,0.510512,,,,,,,,,,,,2.8774,-3.41614,-1.28406,50,6.65289,1.77135,-110.10291,0.69552,3.51978,20.18751,-36.35283,THO_MOR,THO_MOR,ThomasMoreStadium,TeamExclusive,Team,20260910-ThomasMoreStadium-Private-2,b854ffd0-ad3b-11f1-be3a-1767d8db7fdd,73.83265,,,6.20486,,,,,,,c76edcbc-2d97-419f-8c45-4d4c95e6fbea,2026-09-10,17:19:02.00,2026-09-10T13:19:02.0039168-04:00,2026-09-10T17:19:02.0039168Z,,v3,643-145989,643-145989,,"Barth, Drew",1000298109,Right,THO_MOR,bc04b965-37fd-42be-b8ea-18682af80e61,55.51098,-111.10876,10.09376,6.57311,2.50681,-18.17641,-1.36794,1.59597,1.75989,,,,,,,,,,,,,,,,,,,,,,,,,,,,,,,,,,,,,,,,,,,,,,,,,,,High,High,High,,,,,
16,2026-09-10,13:19:37.16,2,2,"Whitesell, Miles",1,Right,THO_MOR,"Thompson, Dylan",10077983,Right,THO_MOR,Undefined,1,Bottom,1,0,1,Curveball,Curveball,BallCalled,Undefined,Undefined,Undefined,0,0,,76.81686,-1.930696,-3.280141,2356.123113,5.6639,6:15,6.55056,1.36933,4.84531,-55.46397,-6.29429,-0.76618,0.09701,-1.80335,71.67796,-11.782829,-3.415294,0.504685,,,,,,,,,,,,-0.49032,-2.25547,-1.04421,50,6.31131,6.41109,-111.33474,-5.75168,-0.61805,19.18588,-35.01718,THO_MOR,THO_MOR,ThomasMoreStadium,TeamExclusive,Team,20260910-ThomasMoreStadium-Private-2,cd580710-ad3b-11f1-be3a-1767d8db7fdd,74.68515,,,5.1389,,,,,,,c76edcbc-2d97-419f-8c45-4d4c95e6fbea,2026-09-10,17:19:37.16,2026-09-10T13:19:37.1620864-04:00,2026-09-10T17:19:37.1620864Z,,v3,643-145989,643-145989,,"Barth, Drew",1000298109,Right,THO_MOR,90905329-71eb-4464-acb9-49cf40e349b4,55.65662,-112.3053,9.59294,6.55747,-3.98027,-17.50859,-1.36932,6.44236,-0.30902,,,,,,,,,,,,,,,,,,,,,,,,,,,,,,,,,,,,,,,,,,,,,,,,,,,High,High,High,,,,,
17,2026-09-10,13:20:05.47,2,3,"Whitesell, Miles",1,Right,THO_MOR,"Thompson, Dylan",10077983,Right,THO_MOR,Undefined,1,Bottom,1,1,1,Cutter,Slider,BallCalled,Undefined,Undefined,Undefined,0,0,,80.42076,1.333204,0.006863,2375.050909,227.994214,1:30,6.29208,1.54975,5.65852,-41.47892,1.61508,0.4626,4.079,1.5947,74.42979,-6.267829,0.089578,0.472476,,,,,,,,,,,,-0.23295,0.87728,-1.55063,50,6.3785,-0.03204,-116.92674,1.33578,-0.32603,19.78878,-30.94621,THO_MOR,THO_MOR,ThomasMoreStadium,TeamExclusive,Team,20260910-ThomasMoreStadium-Private-2,de0ce9e0-ad3b-11f1-be3a-1767d8db7fdd,79.77643,,,5.99096,,,,,,,c76edcbc-2d97-419f-8c45-4d4c95e6fbea,2026-09-10,17:20:05.47,2026-09-10T13:20:05.4749184-04:00,2026-09-10T17:20:05.4749184Z,,v3,643-145989,643-145989,,"Barth, Drew",1000298109,Right,THO_MOR,f05c3d53-31fc-47aa-a58a-e00b39132f17,54.84095,-117.74317,9.89439,6.29705,2.61254,-15.47311,-1.54959,-0.01859,-0.16302,,,,,,,,,,,,,,,,,,,,,,,,,,,,,,,,,,,,,,,,,,,,,,,,,,,High,High,High,,,,,
18,2026-09-10,13:20:26.59,2,4,"Whitesell, Miles",1,Right,THO_MOR,"Thompson, Dylan",10077983,Right,THO_MOR,Undefined,1,Bottom,1,2,1,Fastball,Four-Seam,StrikeCalled,Undefined,Undefined,Undefined,0,0,,89.53436,-3.192328,-1.662442,2336.664558,203.780623,12:45,6.50302,1.31227,5.99072,-14.75383,20.0582,8.33953,2.31074,0.46614,81.87543,-6.016057,-0.163293,0.424655,,,,,,,,,,,,-4.73835,11.53257,-1.18573,50,6.24285,3.41797,-129.85084,-7.64065,-8.08845,27.24195,-12.48771,THO_MOR,THO_MOR,ThomasMoreStadium,TeamExclusive,Team,20260910-ThomasMoreStadium-Private-2,ead06e40-ad3b-11f1-be3a-1767d8db7fdd,88.76015,,,7.65893,,,,,,,c76edcbc-2d97-419f-8c45-4d4c95e6fbea,2026-09-10,17:20:26.59,2026-09-10T13:20:26.5982464-04:00,2026-09-10T17:20:26.5982464Z,,v3,643-145989,643-145989,,"Barth, Drew",1000298109,Right,THO_MOR,852d6e5f-84ab-4d5f-ad0b-0833d70d6d5a,54.50649,-130.79286,13.62097,6.49959,-7.20883,-6.24386,-1.30876,3.69767,-4.04423,,,,,,,,,,,,,,,,,,,,,,,,,,,,,,,,,,,,,,,,,,,,,,,,,,,High,High,High,,,,,
19,2026-09-10,13:20:41.92,2,5,"Whitesell, Miles",1,Right,THO_MOR,"Thompson, Dylan",10077983,Right,THO_MOR,Undefined,1,Bottom,1,2,2,Fastball,Four-Seam,BallCalled,Undefined,Undefined,Undefined,0,0,,90.26566,-4.190159,-2.498811,2267.094504,199.485444,12:45,6.44896,1.36418,6.15567,-13.09898,21.07194,7.05461,1.47562,-0.35798,82.49117,-6.717747,-1.227972,0.420726,,,,,,,,,,,,-4.3839,12.46449,-1.178,50,6.12323,5.42151,-130.74648,-9.91675,-7.57432,28.04931,-10.63836,THO_MOR,THO_MOR,ThomasMoreStadium,TeamExclusive,Team,20260910-ThomasMoreStadium-Private-2,f3d75fd0-ad3b-11f1-be3a-1767d8db7fdd,89.58896,,,7.77448,,,,,,,c76edcbc-2d97-419f-8c45-4d4c95e6fbea,2026-09-10,17:20:41.92,2026-09-10T13:20:41.9260928-04:00,2026-09-10T17:20:41.9260928Z,,v3,643-145989,643-145989,,"Barth, Drew",1000298109,Right,THO_MOR,8d9e826a-556e-4de9-9ec5-e45c75c05fc2,54.34315,-131.67494,14.02466,6.44565,-9.56461,-5.31918,-1.3616,5.67223,-3.78716,,,,,,,,,,,,,,,,,,,,,,,,,,,,,,,,,,,,,,,,,,,,,,,,,,,High,High,High,,,,,
20,2026-09-10,13:21:02.70,2,6,"Whitesell, Miles",1,Right,THO_MOR,"Thompson, Dylan",10077983,Right,THO_MOR,Undefined,1,Bottom,1,3,2,Curveball,Curveball,BallCalled,Walk,Undefined,Undefined,0,0,,77.92203,-1.509511,-2.314063,2437.54939,44.092886,7:30,6.41122,1.39979,5.09327,-52.02011,-4.59792,-5.84197,0.65215,-1.26902,72.29097,-10.834012,-3.349525,0.495635,,,,,,,,,,,,2.3052,-1.56878,-1.17616,50,6.22698,4.79521,-113.04477,-4.80469,2.98294,20.60981,-34.20404,THO_MOR,THO_MOR,ThomasMoreStadium,TeamExclusive,Team,20260910-ThomasMoreStadium-Private-2,004b1680-ad3c-11f1-be3a-1767d8db7fdd,76.04873,,,5.63106,,,,,,,c76edcbc-2d97-419f-8c45-4d4c95e6fbea,2026-09-10,17:21:02.70,2026-09-10T13:21:02.7049984-04:00,2026-09-10T17:21:02.7049984Z,,v3,643-145989,643-145989,,"Barth, Drew",1000298109,Right,THO_MOR,0f6c173d-8965-4f51-8f9a-ad7fb3b8fe4f,55.40833,-114.02653,10.3049,6.41704,-3.17536,-17.10202,-1.4012,4.65312,1.49147,,,,,,,,,,,,,,,,,,,,,,,,,,,,,,,,,,,,,,,,,,,,,,,,,,,High,High,High,,,,,
21,2026-09-10,13:21:25.31,3,1,"Whitesell, Miles",1,Right,THO_MOR,"O'Donnell, Sean",1000511278,Right,THO_MOR,Undefined,1,Bottom,1,0,0,Cutter,Slider,BallCalled,Undefined,Undefined,Undefined,0,0,,82.59967,0.45333,-1.767395,2223.296634,164.148121,11:30,6.37377,1.65518,5.50183,-34.98022,6.14709,-1.41811,3.88295,-0.11653,76.41871,-5.955893,-2.019963,0.461569,,,,,,,,,,,,0.2802,3.35386,-1.49978,50,6.38971,3.76108,-120.02276,-0.2513,0.41323,20.84665,-27.22818,THO_MOR,THO_MOR,ThomasMoreStadium,TeamExclusive,Team,20260910-ThomasMoreStadium-Private-2,0da890f0-ad3c-11f1-be3a-1767d8db7fdd,81.66158,,,6.18097,,,,,,,c76edcbc-2d97-419f-8c45-4d4c95e6fbea,2026-09-10,17:21:25.31,2026-09-10T13:21:25.3140992-04:00,2026-09-10T17:21:25.3140992Z,,v3,643-145989,643-145989,,"Barth, Drew",1000298109,Right,THO_MOR,ff92cf88-e76d-4678-a350-eb18d97575b4,54.99706,-120.88758,10.42332,6.3767,0.87826,-13.61409,-1.65546,3.74394,0.20661,,,,,,,,,,,,,,,,,,,,,,,,,,,,,,,,,,,,,,,,,,,,,,,,,,,High,High,High,,,,,
22,2026-09-10,13:21:56.21,3,2,"Whitesell, Miles",1,Right,THO_MOR,"O'Donnell, Sean",1000511278,Right,THO_MOR,Undefined,1,Bottom,1,1,0,Cutter,Slider,StrikeCalled,Undefined,Undefined,Undefined,0,0,,83.55553,-0.423841,-0.988376,2219.391274,190.500829,12:15,6.30493,1.64024,5.74571,-35.52022,4.24563,0.58189,2.95024,0.76844,77.49685,-6.941389,-0.884114,0.453865,,,,,,,,,,,,-0.54,2.61477,-1.55847,50,6.24784,2.07328,-121.51194,-2.09828,-0.8165,21.29035,-28.2205,THO_MOR,THO_MOR,ThomasMoreStadium,TeamExclusive,Team,20260910-ThomasMoreStadium-Private-2,202848b0-ad3c-11f1-be3a-1767d8db7fdd,83.04769,,,6.05868,,,,,,,c76edcbc-2d97-419f-8c45-4d4c95e6fbea,2026-09-10,17:21:56.21,2026-09-10T13:21:56.2143232-04:00,2026-09-10T17:21:56.2143232Z,,v3,643-145989,643-145989,,"Barth, Drew",1000298109,Right,THO_MOR,5932f4f2-817d-46ab-a2b6-24dce27c419e,54.75378,-122.34203,10.64517,6.3082,-0.998,-14.11025,-1.63993,2.10511,-0.40825,,,,,,,,,,,,,,,,,,,,,,,,,,,,,,,,,,,,,,,,,,,,,,,,,,,High,High,High,,,,,
23,2026-09-10,13:22:16.48,3,3,"Whitesell, Miles",1,Right,THO_MOR,"O'Donnell, Sean",1000511278,Right,THO_MOR,Undefined,1,Bottom,1,1,1,Fastball,Four-Seam,BallCalled,Undefined,Undefined,Undefined,0,0,,90.40338,-1.902058,-2.384675,2290.49689,197.194167,12:30,6.48893,1.30223,6.3071,-15.80095,17.84517,5.19394,3.4178,-0.46303,82.73408,-4.93017,-1.446245,0.417483,,,,,,,,,,,,-3.35473,10.12701,-1.12973,50,6.34156,5.25638,-131.26765,-4.78404,-5.85932,27.52417,-14.48627,THO_MOR,THO_MOR,ThomasMoreStadium,TeamExclusive,Team,20260910-ThomasMoreStadium-Private-2,2c3d1680-ad3c-11f1-be3a-1767d8db7fdd,90.28494,,,7.6693,,,,,,,c76edcbc-2d97-419f-8c45-4d4c95e6fbea,2026-09-10,17:22:16.48,2026-09-10T13:22:16.4816896-04:00,2026-09-10T17:22:16.4816896Z,,v3,643-145989,643-145989,,"Barth, Drew",1000298109,Right,THO_MOR,c35e0a1d-47c5-49fa-ac94-40711b95012f,54.1905,-132.14339,13.76208,6.48644,-4.32313,-7.24313,-1.29994,5.44281,-2.92966,,,,,,,,,,,,,,,,,,,,,,,,,,,,,,,,,,,,,,,,,,,,,,,,,,,High,High,High,,,,,
24,2026-09-10,13:22:36.84,3,4,"Whitesell, Miles",1,Right,THO_MOR,"O'Donnell, Sean",1000511278,Right,THO_MOR,Undefined,1,Bottom,1,2,1,Curveball,Curveball,BallCalled,Undefined,Undefined,Undefined,0,0,,77.31123,-0.337296,-1.12553,2386.457124,23.800367,6:45,6.41622,1.38264,5.07709,-57.07798,-8.62091,-4.49563,1.34169,-0.05316,71.12373,-10.604733,-1.923154,0.501014,,,,,,,,,,,,1.91358,-3.80103,-1.27223,50,6.33868,2.38195,-112.1816,-2.68101,2.42011,21.72726,-36.98118,THO_MOR,THO_MOR,ThomasMoreStadium,TeamExclusive,Team,20260910-ThomasMoreStadium-Private-2,38715330-ad3c-11f1-be3a-1767d8db7fdd,75.23229,,,6.1875,,,,,,,c76edcbc-2d97-419f-8c45-4d4c95e6fbea,2026-09-10,17:22:36.84,2026-09-10T13:22:36.8447488-04:00,2026-09-10T17:22:36.8447488Z,,v3,643-145989,643-145989,,"Barth, Drew",1000298109,Right,THO_MOR,b858c504-e4b1-47d3-8c2c-1a159179d425,55.42384,-113.22721,10.86363,6.42488,-0.90131,-18.49059,-1.38406,2.26548,1.21006,,,,,,,,,,,,,,,,,,,,,,,,,,,,,,,,,,,,,,,,,,,,,,,,,,,High,High,High,,,,,
25,2026-09-10,13:23:03.96,3,5,"Whitesell, Miles",1,Right,THO_MOR,"O'Donnell, Sean",1000511278,Right,THO_MOR,Undefined,1,Bottom,1,3,1,Fastball,Four-Seam,StrikeCalled,Undefined,Undefined,Undefined,0,0,,90.21255,-2.901156,-1.464562,2297.78432,200.87724,12:45,6.42931,1.44067,6.10743,-14.28725,19.76962,7.12681,2.55281,0.67998,82.61115,-5.642601,-0.180493,0.420024,,,,,,,,,,,,-4.07433,11.32666,-1.33184,50,6.19867,3.05122,-130.9286,-7.01248,-7.08208,27.28721,-12.48582,THO_MOR,THO_MOR,ThomasMoreStadium,TeamExclusive,Team,20260910-ThomasMoreStadium-Private-2,486f6920-ad3c-11f1-be3a-1767d8db7fdd,89.73883,,,7.6014,,,,,,,c76edcbc-2d97-419f-8c45-4d4c95e6fbea,2026-09-10,17:23:03.96,2026-09-10T13:23:03.9604736-04:00,2026-09-10T17:23:03.9604736Z,,v3,643-145989,643-145989,,"Barth, Drew",1000298109,Right,THO_MOR,5ff0c007-4c07-4966-8e1d-91fd5efc66e9,54.39012,-131.84038,13.6436,6.42602,-6.59528,-6.24291,-1.43775,3.28786,-3.54104,,,,,,,,,,,,,,,,,,,,,,,,,,,,,,,,,,,,,,,,,,,,,,,,,,,High,High,High,,,,,
26,2026-09-10,13:23:28.27,3,6,"Whitesell, Miles",1,Right,THO_MOR,"O'Donnell, Sean",1000511278,Right,THO_MOR,Undefined,1,Bottom,1,3,2,Curveball,Curveball,BallCalled,Walk,Undefined,Undefined,0,0,,76.37223,1.492193,-0.95801,2289.839108,35.037614,7:15,6.50867,1.30356,4.98166,-53.30212,-4.09355,-3.86382,3.47651,0.07678,70.67928,-8.114737,-1.640566,0.504884,,,,,,,,,,,,1.66862,-1.98205,-1.20787,50,6.60872,2.00893,-110.90513,1.00368,2.09325,18.49488,-34.66051,THO_MOR,THO_MOR,ThomasMoreStadium,TeamExclusive,Team,20260910-ThomasMoreStadium-Private-2,56f64860-ad3c-11f1-be3a-1767d8db7fdd,74.65562,,,5.69295,,,,,,,c76edcbc-2d97-419f-8c45-4d4c95e6fbea,2026-09-10,17:23:28.27,2026-09-10T13:23:28.2734592-04:00,2026-09-10T17:23:28.2734592Z,,v3,643-145989,643-145989,,"Barth, Drew",1000298109,Right,THO_MOR,210d6843-a411-453f-bcb7-d6e40e213bf9,55.51899,-111.82171,9.24744,6.51641,2.7214,-17.33025,-1.30486,1.90519,1.04662,,,,,,,,,,,,,,,,,,,,,,,,,,,,,,,,,,,,,,,,,,,,,,,,,,,High,High,High,,,,,
27,2026-09-10,13:23:48.83,4,1,"Whitesell, Miles",1,Right,THO_MOR,"Sandhas, Kellen",10067176,Right,THO_MOR,Undefined,1,Bottom,1,0,0,Fastball,Four-Seam,StrikeCalled,Undefined,Undefined,Undefined,0,0,,90.34757,-2.717018,-2.392195,2357.789053,197.705859,12:30,6.41431,1.40283,6.26824,-14.46032,19.22277,5.80374,2.7004,-0.32018,82.92987,-5.491879,-1.34436,0.417712,,,,,,,,,,,,-3.64469,11.02331,-1.22847,50,6.20568,5.24225,-131.13656,-6.60101,-6.3728,26.66374,-12.89967,THO_MOR,THO_MOR,ThomasMoreStadium,TeamExclusive,Team,20260910-ThomasMoreStadium-Private-2,632afa40-ad3c-11f1-be3a-1767d8db7fdd,90.23542,,,7.41769,,,,,,,c76edcbc-2d97-419f-8c45-4d4c95e6fbea,2026-09-10,17:23:48.83,2026-09-10T13:23:48.8361472-04:00,2026-09-10T17:23:48.8361472Z,,v3,643-145989,643-145989,,"Barth, Drew",1000298109,Right,THO_MOR,efba20ac-61d2-4d28-a5c2-5a34841c9e5d,54.22951,-131.99374,13.33187,6.41122,-6.18631,-6.44983,-1.40029,5.44712,-3.1864,,,,,,,,,,,,,,,,,,,,,,,,,,,,,,,,,,,,,,,,,,,,,,,,,,,High,High,High,,,,,
28,2026-09-10,13:24:10.33,4,2,"Whitesell, Miles",1,Right,THO_MOR,"Sandhas, Kellen",10067176,Right,THO_MOR,Undefined,1,Bottom,1,0,1,Cutter,Slider,BallCalled,Undefined,Undefined,Undefined,0,0,,83.04852,-0.216355,-2.93446,2237.126051,175.414853,11:45,6.26287,1.7824,5.77846,-35.58715,4.76705,-0.29083,3.0957,-0.9746,76.89534,-6.750638,-2.98647,0.45721,,,,,,,,,,,,-0.58638,2.84036,-1.53988,50,6.22339,6.19461,-120.62239,-1.63883,-0.87232,21.33214,-27.94876,THO_MOR,THO_MOR,ThomasMoreStadium,TeamExclusive,Team,20260910-ThomasMoreStadium-Private-2,70053af0-ad3c-11f1-be3a-1767d8db7fdd,82.44012,,,6.15318,,,,,,,c76edcbc-2d97-419f-8c45-4d4c95e6fbea,2026-09-10,17:24:10.33,2026-09-10T13:24:10.3315968-04:00,2026-09-10T17:24:10.3315968Z,,v3,643-145989,643-145989,,"Barth, Drew",1000298109,Right,THO_MOR,97074f97-4e88-4330-887f-b70006b0b3ba,54.72085,-121.4544,10.66607,6.26605,-0.54874,-13.97438,-1.78215,6.22863,-0.43616,,,,,,,,,,,,,,,,,,,,,,,,,,,,,,,,,,,,,,,,,,,,,,,,,,,High,High,High,,,,,
29,2026-09-10,13:24:51.78,4,3,"Whitesell, Miles",1,Right,THO_MOR,"Sandhas, Kellen",10067176,Right,THO_MOR,Undefined,1,Bottom,1,1,1,Fastball,Four-Seam,StrikeCalled,Undefined,Undefined,Undefined,0,0,,89.63316,-3.758595,-2.700807,2544.288791,203.471515,12:45,6.36931,1.51001,6.22094,-13.42241,20.99631,8.63918,1.77378,-0.26402,82.17209,-6.345676,-1.142871,0.422249,,,,,,,,,,,,-5.23555,12.26922,-1.31215,50,6.0807,5.78524,-129.93144,-8.87855,-8.96886,26.6906,-11.15599,THO_MOR,THO_MOR,ThomasMoreStadium,TeamExclusive,Team,20260910-ThomasMoreStadium-Private-2,88e7c650-ad3c-11f1-be3a-1767d8db7fdd,89.26592,,,7.46107,,,,,,,c76edcbc-2d97-419f-8c45-4d4c95e6fbea,2026-09-10,17:24:51.78,2026-09-10T13:24:51.7827072-04:00,2026-09-10T17:24:51.7827072Z,,v3,643-145989,643-145989,,"Barth, Drew",1000298109,Right,THO_MOR,99e93a66-a380-471c-92f4-07167c718be2,54.27797,-130.80727,13.3453,6.36603,-8.51248,-5.578,-1.50681,6.07955,-4.48443,,,,,,,,,,,,,,,,,,,,,,,,,,,,,,,,,,,,,,,,,,,,,,,,,,,High,High,High,,,,,
30,2026-09-10,13:25:19.18,4,4,"Whitesell, Miles",1,Right,THO_MOR,"Sandhas, Kellen",10067176,Right,THO_MOR,Undefined,1,Bottom,1,1,2,Cutter,Slider,BallCalled,Undefined,Undefined,Undefined,0,0,,83.44171,-2.960297,-2.855194,2314.949023,154.367414,11:15,6.27337,1.72515,5.72391,-34.19939,6.08552,-2.35091,0.66031,-1.1323,77.40271,-9.195867,-3.275811,0.456817,,,,,,,,,,,,0.46622,4.19831,-1.48512,50,6.00437,6.12567,-121.01625,-7.39981,0.69531,22.36751,-25.91297,THO_MOR,THO_MOR,ThomasMoreStadium,TeamExclusive,Team,20260910-ThomasMoreStadium-Private-2,9902da20-ad3c-11f1-be3a-1767d8db7fdd,82.51096,,,6.03901,,,,,,,c76edcbc-2d97-419f-8c45-4d4c95e6fbea,2026-09-10,17:25:19.18,2026-09-10T13:25:19.1892480-04:00,2026-09-10T17:25:19.1892480Z,,v3,643-145989,643-145989,,"Barth, Drew",1000298109,Right,THO_MOR,6ea92cef-0a52-44b3-9fad-7b30f7a5f5c0,54.77661,-121.89592,11.18376,6.27535,-6.38071,-12.95649,-1.72549,6.09832,0.34765,,,,,,,,,,,,,,,,,,,,,,,,,,,,,,,,,,,,,,,,,,,,,,,,,,,High,High,High,,,,,
31,2026-09-10,13:25:45.97,4,5,"Whitesell, Miles",1,Right,THO_MOR,"Sandhas, Kellen",10067176,Right,THO_MOR,Undefined,1,Bottom,1,2,2,Fastball,Four-Seam,BallCalled,Undefined,Undefined,Undefined,0,0,,88.67929,-2.881173,-1.913495,2312.279978,212.192443,1:00,6.3513,1.72879,5.87664,-17.75324,18.05013,10.59835,2.19226,0.83419,80.74662,-6.249582,-0.012188,0.430659,,,,,,,,,,,,-5.9776,10.44044,-1.58026,50,6.10799,3.84644,-128.54925,-6.9915,-9.94896,27.97871,-14.7973,THO_MOR,THO_MOR,ThomasMoreStadium,TeamExclusive,Team,20260910-ThomasMoreStadium-Private-2,a8fd94b0-ad3c-11f1-be3a-1767d8db7fdd,87.52272,,,7.93267,,,,,,,c76edcbc-2d97-419f-8c45-4d4c95e6fbea,2026-09-10,17:25:45.97,2026-09-10T13:25:45.9715072-04:00,2026-09-10T17:25:45.9715072Z,,v3,643-145989,643-145989,,"Barth, Drew",1000298109,Right,THO_MOR,4060d2f3-5f8d-4510-b374-6bb010a6e885,54.62027,-129.55094,13.98935,6.34882,-6.46172,-7.39865,-1.72434,4.20263,-4.97448,,,,,,,,,,,,,,,,,,,,,,,,,,,,,,,,,,,,,,,,,,,,,,,,,,,High,High,High,,,,,
32,2026-09-10,13:26:14.72,4,6,"Whitesell, Miles",1,Right,THO_MOR,"Bosio, Theodore",1000511279,Right,THO_MOR,Undefined,1,Bottom,1,0,0,Cutter,Slider,BallCalled,Undefined,Undefined,Undefined,0,0,,83.75585,-0.666289,0.404733,2468.481662,149.714471,11:00,6.32479,1.90238,5.55295,-35.37766,4.50248,-1.97654,2.75404,2.11585,77.6654,-7.134417,0.051733,0.454517,,,,,,,,,,,,1.1028,2.78732,-1.93602,50,6.24365,-0.77995,-121.7762,-2.64769,1.67406,21.47389,-27.94289,THO_MOR,THO_MOR,ThomasMoreStadium,TeamExclusive,Team,20260910-ThomasMoreStadium-Private-2,ba31e0b0-ad3c-11f1-be3a-1767d8db7fdd,82.9286,,,6.09045,,,,,,,c76edcbc-2d97-419f-8c45-4d4c95e6fbea,2026-09-10,17:26:14.72,2026-09-10T13:26:14.7261440-04:00,2026-09-10T17:26:14.7261440Z,,v3,643-145989,643-145989,,"Barth, Drew",1000298109,Right,THO_MOR,6a8a8d6a-7f4c-44a2-9308-33c67c51376e,54.94656,-122.64537,10.73694,6.32793,-1.51668,-13.97144,-1.90308,-0.84771,0.83703,,,,,,,,,,,,,,,,,,,,,,,,,,,,,,,,,,,,,,,,,,,,,,,,,,,High,High,High,,,,,
33,2026-09-10,13:27:06.42,4,7,"Whitesell, Miles",1,Right,THO_MOR,"Bosio, Theodore",1000511279,Right,THO_MOR,Undefined,1,Bottom,1,1,0,Cutter,Slider,BallCalled,Undefined,Undefined,Undefined,0,0,,84.68326,-1.196311,-3.336121,2380.413343,156.059566,11:15,6.23459,1.77974,5.77059,-31.20671,7.59126,-2.89311,2.5187,-1.56942,78.61115,-6.924222,-3.852982,0.448307,,,,,,,,,,,,0.66362,4.50681,-1.50193,50,6.11651,7.28161,-122.93942,-3.61348,1.0276,21.6811,-25.19526,THO_MOR,THO_MOR,ThomasMoreStadium,TeamExclusive,Team,20260910-ThomasMoreStadium-Private-2,d8fda2e0-ad3c-11f1-be3a-1767d8db7fdd,84.07722,,,6.07211,,,,,,,c76edcbc-2d97-419f-8c45-4d4c95e6fbea,2026-09-10,17:27:06.42,2026-09-10T13:27:06.4290816-04:00,2026-09-10T17:27:06.4290816Z,,v3,643-145989,643-145989,,"Barth, Drew",1000298109,Right,THO_MOR,fde278e1-bc39-4425-862f-99a5dfbc0834,54.72866,-123.77054,10.84055,6.23652,-2.64765,-12.59763,-1.7803,7.24222,0.5138,,,,,,,,,,,,,,,,,,,,,,,,,,,,,,,,,,,,,,,,,,,,,,,,,,,High,High,High,,,,,
34,2026-09-10,13:27:28.27,4,8,"Whitesell, Miles",1,Right,THO_MOR,"Bosio, Theodore",1000511279,Right,THO_MOR,Undefined,1,Bottom,1,2,0,Fastball,Four-Seam,BallCalled,Undefined,Undefined,Undefined,0,0,,89.27002,-2.960715,-0.418068,2375.078964,209.775984,1:00,6.33465,1.57975,5.84771,-15.66084,19.61745,10.55316,2.27584,2.07069,81.43466,-5.945582,1.474962,0.427489,,,,,,,,,,,,-5.5004,11.22351,-1.5519,50,6.08459,0.49274,-129.47851,-7.13639,-9.30541,27.90114,-13.18643,THO_MOR,THO_MOR,ThomasMoreStadium,TeamExclusive,Team,20260910-ThomasMoreStadium-Private-2,e5fc5b80-ad3c-11f1-be3a-1767d8db7fdd,88.1717,,,7.83536,,,,,,,c76edcbc-2d97-419f-8c45-4d4c95e6fbea,2026-09-10,17:27:28.27,2026-09-10T13:27:28.2729472-04:00,2026-09-10T17:27:28.2729472Z,,v3,643-145989,643-145989,,"Barth, Drew",1000298109,Right,THO_MOR,1e269db3-feae-4565-b2ba-11c4ae15f6fd,54.64915,-130.4765,13.95057,6.33142,-6.66473,-6.59322,-1.57548,0.82558,-4.6527,,,,,,,,,,,,,,,,,,,,,,,,,,,,,,,,,,,,,,,,,,,,,,,,,,,High,High,High,,,,,
35,2026-09-10,13:27:44.40,4,9,"Whitesell, Miles",1,Right,THO_MOR,"Bosio, Theodore",1000511279,Right,THO_MOR,Undefined,1,Bottom,1,3,0,Fastball,Four-Seam,StrikeCalled,Undefined,Undefined,Undefined,0,0,,89.49697,-3.400849,-2.5472,2464.527149,205.794275,12:45,6.36293,1.53857,6.11136,-14.76083,19.96418,9.10095,1.98149,-0.05982,81.84663,-6.230692,-0.908843,0.424124,,,,,,,,,,,,-5.4176,11.60808,-1.34778,50,6.09372,5.3997,-129.73668,-8.10611,-9.22999,27.24103,-12.39727,THO_MOR,THO_MOR,ThomasMoreStadium,TeamExclusive,Team,20260910-ThomasMoreStadium-Private-2,ef8eeb40-ad3c-11f1-be3a-1767d8db7fdd,88.87129,,,7.65034,,,,,,,c76edcbc-2d97-419f-8c45-4d4c95e6fbea,2026-09-10,17:27:44.40,2026-09-10T13:27:44.4002304-04:00,2026-09-10T17:27:44.4002304Z,,v3,643-145989,643-145989,,"Barth, Drew",1000298109,Right,THO_MOR,007804ca-2e0c-4bc1-8bf9-96fcce65fb0c,54.38671,-130.65452,13.62052,6.3598,-7.68841,-6.19864,-1.53495,5.71069,-4.61499,,,,,,,,,,,,,,,,,,,,,,,,,,,,,,,,,,,,,,,,,,,,,,,,,,,High,High,High,,,,,
36,2026-09-10,13:27:59.28,4,10,"Whitesell, Miles",1,Right,THO_MOR,"Bosio, Theodore",1000511279,Right,THO_MOR,Undefined,1,Bottom,1,3,1,Curveball,Curveball,StrikeCalled,Undefined,Undefined,Undefined,0,0,,77.53144,0.308634,-1.352622,2391.311944,17.944706,6:30,6.44826,1.51768,5.03846,-52.99042,-5.37331,-2.18063,2.32364,0.05971,71.9899,-9.221448,-1.738639,0.496653,,,,,,,,,,,,0.74043,-2.38417,-1.38674,50,6.43473,2.74614,-112.63498,-1.27841,0.95795,19.10685,-35.25855,THO_MOR,THO_MOR,ThomasMoreStadium,TeamExclusive,Team,20260910-ThomasMoreStadium-Private-2,f87890d0-ad3c-11f1-be3a-1767d8db7fdd,75.89294,,,5.54154,,,,,,,c76edcbc-2d97-419f-8c45-4d4c95e6fbea,2026-09-10,17:27:59.28,2026-09-10T13:27:59.2877568-04:00,2026-09-10T17:27:59.2877568Z,,v3,643-145989,643-145989,,"Barth, Drew",1000298109,Right,THO_MOR,9dacee39-fbe2-455d-8907-06ee0a4cffb5,55.46303,-113.55792,9.55343,6.45535,0.42473,-17.62928,-1.51827,2.69987,0.47897,,,,,,,,,,,,,,,,,,,,,,,,,,,,,,,,,,,,,,,,,,,,,,,,,,,High,High,High,,,,,
37,2026-09-10,13:28:15.85,4,11,"Whitesell, Miles",1,Right,THO_MOR,"Bosio, Theodore",1000511279,Right,THO_MOR,Undefined,1,Bottom,1,3,2,Fastball,Four-Seam,StrikeCalled,Strikeout,Undefined,Undefined,0,0,,90.52627,-3.128971,-2.648317,2322.738884,203.04384,12:45,6.33034,1.66166,6.25548,-17.98966,15.48623,6.16398,1.93994,-0.26849,83.52281,-6.521192,-1.535547,0.416426,,,,,,,,,,,,-3.8774,9.15717,-1.46797,50,6.0887,5.82839,-131.37626,-7.71392,-6.83138,25.72766,-16.04055,THO_MOR,THO_MOR,ThomasMoreStadium,TeamExclusive,Team,20260910-ThomasMoreStadium-Private-2,02779e00-ad3d-11f1-be3a-1767d8db7fdd,90.51421,,,7.00346,,,,,,,c76edcbc-2d97-419f-8c45-4d4c95e6fbea,2026-09-10,17:28:15.85,2026-09-10T13:28:15.8529024-04:00,2026-09-10T17:28:15.8529024Z,,v3,643-145989,643-145989,,"Barth, Drew",1000298109,Right,THO_MOR,cbbd64be-83d6-4746-9d4d-5072180a7a11,54.24315,-132.20459,12.86383,6.32875,-7.19748,-8.02028,-1.65916,6.04833,-3.41569,,,,,,,,,,,,,,,,,,,,,,,,,,,,,,,,,,,,,,,,,,,,,,,,,,,High,High,High,,,,,
38,2026-09-10,13:32:20.17,1,1,"LoParo, Sam",,Right,THO_MOR,"Thompson, Dylan",10077983,Right,THO_MOR,Undefined,2,Top,0,0,0,Fastball,Changeup,StrikeCalled,Undefined,Undefined,Undefined,0,0,,82.93897,-0.353254,-3.290076,1908.035884,223.099135,1:30,5.39143,2.64266,5.52549,-30.60769,10.53375,8.66733,2.50999,0.28577,76.10892,-6.00177,-1.748018,0.461648,,,,,,,,,,,,-5.28154,5.79512,-2.36238,50,5.34027,6.56382,-120.29195,-1.76085,-7.7631,22.64963,-23.6561,THO_MOR,THO_MOR,ThomasMoreStadium,TeamExclusive,Team,20260910-ThomasMoreStadium-Private-2,93f4cba0-ad3d-11f1-be3a-1767d8db7fdd,81.64753,,,6.83005,,,,,,,c76edcbc-2d97-419f-8c45-4d4c95e6fbea,2026-09-10,17:32:20.17,2026-09-10T13:32:20.1705984-04:00,2026-09-10T17:32:20.1705984Z,,v3,643-145989,643-145989,,"Barth, Drew",1000298109,Right,THO_MOR,24301b38-2a07-4664-8c7b-1b9122fe97c2,54.97302,-121.2247,11.32482,5.39273,-0.78665,-11.82805,-2.63928,6.88352,-3.88155,,,,,,,,,,,,,,,,,,,,,,,,,,,,,,,,,,,,,,,,,,,,,,,,,,,High,High,High,,,,,
39,2026-09-10,13:32:35.75,1,2,"LoParo, Sam",,Right,THO_MOR,"Thompson, Dylan",10077983,Right,THO_MOR,Undefined,2,Top,0,0,1,Slider,Curveball,BallCalled,Undefined,Undefined,Undefined,0,0,,74.14633,0.389467,-2.493748,2284.496731,72.564326,8:30,5.21758,2.68534,4.97504,-53.08688,-0.32835,-6.3428,1.16187,-0.19999,68.27558,-9.183672,-3.612759,0.522779,,,,,,,,,,,,2.46083,0.12961,-2.43891,50,5.21143,4.92342,-107.50575,-1.05377,2.87186,19.12554,-32.02279,THO_MOR,THO_MOR,ThomasMoreStadium,TeamExclusive,Team,20260910-ThomasMoreStadium-Private-2,9d3f2ed0-ad3d-11f1-be3a-1767d8db7fdd,72.1002,,,5.87076,,,,,,,c76edcbc-2d97-419f-8c45-4d4c95e6fbea,2026-09-10,17:32:35.75,2026-09-10T13:32:35.7588992-04:00,2026-09-10T17:32:35.7588992Z,,v3,643-145989,643-145989,,"Barth, Drew",1000298109,Right,THO_MOR,2f3119d8-193c-4afd-b8ba-1c24374ff46b,55.52506,-108.48422,9.56277,5.22343,0.58453,-16.01139,-2.68703,4.77649,1.43593,,,,,,,,,,,,,,,,,,,,,,,,,,,,,,,,,,,,,,,,,,,,,,,,,,,High,High,High,,,,,
40,2026-09-10,13:33:01.79,1,3,"LoParo, Sam",,Right,THO_MOR,"Thompson, Dylan",10077983,Right,THO_MOR,Undefined,2,Top,0,1,1,Slider,Slider,StrikeCalled,Undefined,Undefined,Undefined,0,0,,74.87949,1.820264,-3.040992,2248.107377,120.328294,10:00,5.31555,2.91702,4.8943,-48.32262,3.04827,-2.74622,3.01343,-0.19095,69.32789,-6.898426,-3.523505,0.515858,,,,,,,,,,,,0.60791,1.46528,-2.61645,50,5.45323,5.87535,-108.57324,1.79949,0.73332,17.12429,-30.40649,THO_MOR,THO_MOR,ThomasMoreStadium,TeamExclusive,Team,20260910-ThomasMoreStadium-Private-2,accef290-ad3d-11f1-be3a-1767d8db7fdd,73.0675,,,5.5516,,,,,,,c76edcbc-2d97-419f-8c45-4d4c95e6fbea,2026-09-10,17:33:01.79,2026-09-10T13:33:01.7989632-04:00,2026-09-10T17:33:01.7989632Z,,v3,643-145989,643-145989,,"Barth, Drew",1000298109,Right,THO_MOR,31857507-bee7-4fe3-bf2a-ea3837c15152,55.60549,-109.45377,8.56215,5.32051,3.363,-15.20325,-2.91759,5.83764,0.36666,,,,,,,,,,,,,,,,,,,,,,,,,,,,,,,,,,,,,,,,,,,,,,,,,,,High,High,High,,,,,
41,2026-09-10,13:33:19.67,1,4,"LoParo, Sam",,Right,THO_MOR,"Thompson, Dylan",10077983,Right,THO_MOR,Undefined,2,Top,0,1,2,Sinker,Changeup,StrikeCalled,Strikeout,Undefined,Undefined,0,0,,80.91314,-0.184297,-4.965272,2061.537984,239.086813,2:00,5.21466,2.81136,5.32386,-34.39431,9.35524,13.3217,2.17487,-0.74953,74.17153,-6.488971,-2.611474,0.476056,,,,,,,,,,,,-8.02591,5.14709,-2.3712,50,5.1732,9.62815,-117.07588,-1.54157,-11.17417,21.46039,-25.00795,THO_MOR,THO_MOR,ThomasMoreStadium,TeamExclusive,Team,20260910-ThomasMoreStadium-Private-2,b78edec0-ad3d-11f1-be3a-1767d8db7fdd,79.17644,,,6.74161,,,,,,,c76edcbc-2d97-419f-8c45-4d4c95e6fbea,2026-09-10,17:33:19.67,2026-09-10T13:33:19.6701184-04:00,2026-09-10T17:33:19.6701184Z,,v3,643-145989,643-145989,,"Barth, Drew",1000298109,Right,THO_MOR,fc32d99a-d5b4-4e92-9a2a-97aa4097d3cc,55.17469,-118.02061,10.73019,5.21683,-0.44067,-12.50397,-2.80588,10.12005,-5.58708,,,,,,,,,,,,,,,,,,,,,,,,,,,,,,,,,,,,,,,,,,,,,,,,,,,High,High,High,,,,,
42,2026-09-10,13:33:38.12,2,1,"LoParo, Sam",,Right,THO_MOR,"O'Donnell, Sean",1000511278,Right,THO_MOR,Undefined,2,Top,1,0,0,ChangeUp,Changeup,BallCalled,Undefined,Undefined,Undefined,0,0,,77.73313,-0.793314,-5.140773,1416.495468,241.104888,2:00,4.84989,3.08855,5.33213,-38.97447,8.42615,12.56788,0.85465,-0.7004,71.50229,-7.905372,-2.919388,0.495522,,,,,,,,,,,,-7.77382,4.83859,-2.63278,50,4.74977,9.64001,-112.46221,-2.83256,-9.98448,19.8501,-25.95952,THO_MOR,THO_MOR,ThomasMoreStadium,TeamExclusive,Team,20260910-ThomasMoreStadium-Private-2,c2851d30-ad3d-11f1-be3a-1767d8db7fdd,76.06605,,,6.23084,,,,,,,c76edcbc-2d97-419f-8c45-4d4c95e6fbea,2026-09-10,17:33:38.12,2026-09-10T13:33:38.1200384-04:00,2026-09-10T17:33:38.1200384Z,,v3,643-145989,643-145989,,"Barth, Drew",1000298109,Right,THO_MOR,967939b2-304e-4c30-94fc-3489c1096b42,55.16801,-113.37072,9.92505,4.85222,-1.64443,-12.97976,-3.08444,10.09699,-4.99224,,,,,,,,,,,,,,,,,,,,,,,,,,,,,,,,,,,,,,,,,,,,,,,,,,,High,High,High,,,,,
43,2026-09-10,13:33:53.55,2,2,"LoParo, Sam",,Right,THO_MOR,"O'Donnell, Sean",1000511278,Right,THO_MOR,Undefined,2,Top,1,1,0,Slider,Curveball,StrikeCalled,Undefined,Undefined,Undefined,0,0,,73.80412,1.51737,-2.104648,2232.364663,85.125506,8:45,5.27748,2.76642,4.84235,-52.22645,1.1387,-5.90303,2.36321,0.28094,67.89919,-7.906723,-3.1429,0.525776,,,,,,,,,,,,2.33323,0.62591,-2.55293,50,5.38284,4.16382,-106.99412,1.04885,2.70769,18.26871,-31.44769,THO_MOR,THO_MOR,ThomasMoreStadium,TeamExclusive,Team,20260910-ThomasMoreStadium-Private-2,cba7fb30-ad3d-11f1-be3a-1767d8db7fdd,71.68922,,,5.90492,,,,,,,c76edcbc-2d97-419f-8c45-4d4c95e6fbea,2026-09-10,17:33:53.55,2026-09-10T13:33:53.5561728-04:00,2026-09-10T17:33:53.5561728Z,,v3,643-145989,643-145989,,"Barth, Drew",1000298109,Right,THO_MOR,7da02134-79a3-493f-9320-a162a120d5ee,55.65645,-107.95561,9.13435,5.28408,2.70396,-15.72385,-2.76833,4.02132,1.35385,,,,,,,,,,,,,,,,,,,,,,,,,,,,,,,,,,,,,,,,,,,,,,,,,,,High,High,High,,,,,
44,2026-09-10,13:34:10.61,2,3,"LoParo, Sam",,Right,THO_MOR,"O'Donnell, Sean",1000511278,Right,THO_MOR,Undefined,2,Top,1,1,1,ChangeUp,Changeup,StrikeCalled,Undefined,Undefined,Undefined,0,0,,78.11144,0.676149,-3.466282,1570.692519,221.513892,1:30,5.10324,2.98864,5.13898,-36.411,11.1578,8.44319,2.70685,0.42436,70.95181,-6.018465,-1.975936,0.496401,,,,,,,,,,,,-5.23914,5.81811,-2.67042,50,5.13901,6.50552,-113.0549,0.12867,-6.73445,21.92544,-24.69539,THO_MOR,THO_MOR,ThomasMoreStadium,TeamExclusive,Team,20260910-ThomasMoreStadium-Private-2,d5eebfc0-ad3d-11f1-be3a-1767d8db7fdd,75.93146,,,7.15963,,,,,,,c76edcbc-2d97-419f-8c45-4d4c95e6fbea,2026-09-10,17:34:10.61,2026-09-10T13:34:10.6121728-04:00,2026-09-10T17:34:10.6121728Z,,v3,643-145989,643-145989,,"Barth, Drew",1000298109,Right,THO_MOR,33f9b17f-3036-46d0-bbd0-7684e79ae0d0,55.35744,-114.08916,10.96272,5.10546,1.29361,-12.3477,-2.98479,6.8232,-3.36722,,,,,,,,,,,,,,,,,,,,,,,,,,,,,,,,,,,,,,,,,,,,,,,,,,,High,High,High,,,,,
45,2026-09-10,13:34:35.39,2,4,"LoParo, Sam",,Right,THO_MOR,"O'Donnell, Sean",1000511278,Right,THO_MOR,Undefined,2,Top,1,1,2,Fastball,Changeup,BallCalled,Undefined,Undefined,Undefined,0,0,,83.1134,-0.923326,-2.240283,1982.220109,209.978844,1:00,5.51047,2.5396,5.31339,-27.39844,13.81028,7.23508,2.35992,1.03879,76.34922,-5.979651,-0.956399,0.462026,,,,,,,,,,,,-4.23587,7.55335,-2.34195,50,5.4071,4.41641,-120.60012,-2.86713,-6.26478,22.5267,-21.00271,THO_MOR,THO_MOR,ThomasMoreStadium,TeamExclusive,Team,20260910-ThomasMoreStadium-Private-2,e4942380-ad3d-11f1-be3a-1767d8db7fdd,81.58085,,,6.76418,,,,,,,c76edcbc-2d97-419f-8c45-4d4c95e6fbea,2026-09-10,17:34:35.39,2026-09-10T13:34:35.3960960-04:00,2026-09-10T17:34:35.3960960Z,,v3,643-145989,643-145989,,"Barth, Drew",1000298109,Right,THO_MOR,41c7ffbc-4e9b-415e-805d-8982d320225d,55.18473,-121.56471,11.26335,5.51062,-1.9678,-10.50136,-2.53681,4.68467,-3.13239,,,,,,,,,,,,,,,,,,,,,,,,,,,,,,,,,,,,,,,,,,,,,,,,,,,High,High,High,,,,,
46,2026-09-10,13:34:53.55,2,5,"LoParo, Sam",,Right,THO_MOR,"O'Donnell, Sean",1000511278,Right,THO_MOR,Undefined,2,Top,1,2,2,Slider,Slider,BallCalled,Undefined,Undefined,Undefined,0,0,,74.76716,1.390227,-1.631041,2282.926919,113.490021,9:45,5.28922,2.81114,4.87422,-48.38656,3.54414,-4.44079,2.57328,0.89731,68.66065,-7.369125,-2.412885,0.518661,,,,,,,,,,,,1.74051,1.84728,-2.6468,50,5.38507,3.26374,-108.40927,0.97155,2.07309,18.7993,-29.97376,THO_MOR,THO_MOR,ThomasMoreStadium,TeamExclusive,Team,20260910-ThomasMoreStadium-Private-2,ef7e7b10-ad3d-11f1-be3a-1767d8db7fdd,72.67259,,,6.10651,,,,,,,c76edcbc-2d97-419f-8c45-4d4c95e6fbea,2026-09-10,17:34:53.55,2026-09-10T13:34:53.5519744-04:00,2026-09-10T17:34:53.5519744Z,,v3,643-145989,643-145989,,"Barth, Drew",1000298109,Right,THO_MOR,992cdfc4-5d7c-4068-b099-0db612273d81,55.62374,-109.38014,9.39965,5.29492,2.5195,-14.98688,-2.81259,3.15667,1.03655,,,,,,,,,,,,,,,,,,,,,,,,,,,,,,,,,,,,,,,,,,,,,,,,,,,High,High,High,,,,,
47,2026-09-10,13:35:11.42,2,6,"LoParo, Sam",,Right,THO_MOR,"O'Donnell, Sean",1000511278,Right,THO_MOR,Undefined,2,Top,1,3,2,ChangeUp,Changeup,BallCalled,Walk,Undefined,Undefined,0,0,,77.81216,0.057588,-6.297317,1448.809323,229.05542,1:45,5.01241,2.85979,5.44971,-38.94612,8.54989,8.07004,1.82115,-2.38703,71.15818,-7.07394,-4.874836,0.496021,,,,,,,,,,,,-5.84343,4.74796,-2.30756,50,4.99086,12.07882,-112.28912,-1.13595,-7.45189,20.55858,-26.11921,THO_MOR,THO_MOR,ThomasMoreStadium,TeamExclusive,Team,20260910-ThomasMoreStadium-Private-2,fa2bc9a0-ad3d-11f1-be3a-1767d8db7fdd,75.9896,,,6.65399,,,,,,,c76edcbc-2d97-419f-8c45-4d4c95e6fbea,2026-09-10,17:35:11.42,2026-09-10T13:35:11.4203136-04:00,2026-09-10T17:35:11.4203136Z,,v3,643-145989,643-145989,,"Barth, Drew",1000298109,Right,THO_MOR,357c9fd6-f07a-4da1-a28e-e95d9c8d9599,55.04774,-113.20952,10.27929,5.01553,0.0334,-13.05961,-2.85579,12.41244,-3.72595,,,,,,,,,,,,,,,,,,,,,,,,,,,,,,,,,,,,,,,,,,,,,,,,,,,High,High,High,,,,,
48,2026-09-10,13:35:26.31,3,1,"LoParo, Sam",,Right,THO_MOR,"Sandhas, Kellen",10067176,Right,THO_MOR,Undefined,2,Top,1,0,0,Fastball,Changeup,BallCalled,Undefined,Undefined,Undefined,0,0,,81.57099,0.100638,-2.063358,1991.864425,214.985813,1:15,5.47982,2.66566,5.25362,-29.49128,13.35875,8.43445,3.11683,1.42894,74.8713,-5.336993,-0.568368,0.471137,,,,,,,,,,,,-4.7691,7.04937,-2.48295,50,5.46746,3.91506,-118.37716,-0.782,-6.79871,21.6143,-22.12469,THO_MOR,THO_MOR,ThomasMoreStadium,TeamExclusive,Team,20260910-ThomasMoreStadium-Private-2,02e7a870-ad3e-11f1-be3a-1767d8db7fdd,80.00319,,,6.6997,,,,,,,c76edcbc-2d97-419f-8c45-4d4c95e6fbea,2026-09-10,17:35:26.31,2026-09-10T13:35:26.3156224-04:00,2026-09-10T17:35:26.3156224Z,,v3,643-145989,643-145989,,"Barth, Drew",1000298109,Right,THO_MOR,688d7970-f78d-4c7f-b56d-19ffd1fac82a,55.2441,-119.33083,10.80715,5.48043,0.19419,-11.06234,-2.66231,4.21503,-3.39935,,,,,,,,,,,,,,,,,,,,,,,,,,,,,,,,,,,,,,,,,,,,,,,,,,,High,High,High,,,,,
49,2026-09-10,13:35:47.25,3,2,"LoParo, Sam",,Right,THO_MOR,"Sandhas, Kellen",10067176,Right,THO_MOR,Undefined,2,Top,1,1,0,Sinker,Changeup,BallCalled,Undefined,Undefined,Undefined,0,0,,80.07046,-0.621887,-3.757536,2077.557011,237.362515,2:00,5.12231,3.21092,5.59398,-33.38281,11.02831,14.88454,1.7585,0.93795,72.97311,-6.801985,-1.106222,0.479642,,,,,,,,,,,,-8.69469,6.19032,-2.89849,50,5.04728,7.04185,-116.00395,-2.31809,-11.78338,22.80327,-23.78472,THO_MOR,THO_MOR,ThomasMoreStadium,TeamExclusive,Team,20260910-ThomasMoreStadium-Private-2,0f8443e0-ad3e-11f1-be3a-1767d8db7fdd,78.58451,,,7.09736,,,,,,,c76edcbc-2d97-419f-8c45-4d4c95e6fbea,2026-09-10,17:35:47.25,2026-09-10T13:35:47.2538112-04:00,2026-09-10T17:35:47.2538112Z,,v3,643-145989,643-145989,,"Barth, Drew",1000298109,Right,THO_MOR,ec0d10b9-81b9-4b9d-b6ec-0ef57386e231,54.90462,-116.96409,11.40163,5.1238,-1.31662,-11.89236,-3.20543,7.538,-5.89169,,,,,,,,,,,,,,,,,,,,,,,,,,,,,,,,,,,,,,,,,,,,,,,,,,,High,High,High,,,,,
50,2026-09-10,13:36:03.90,3,3,"LoParo, Sam",,Right,THO_MOR,"Sandhas, Kellen",10067176,Right,THO_MOR,Undefined,2,Top,1,2,0,Sinker,Changeup,StrikeCalled,Undefined,Undefined,Undefined,0,0,,80.47865,-0.22416,-3.924188,2053.797552,240.969218,2:00,5.25828,3.2971,5.35614,-34.90797,9.79233,14.74946,2.13857,0.84027,72.77796,-6.670346,-1.309701,0.481201,,,,,,,,,,,,-8.65989,5.43237,-2.9549,50,5.21353,7.38661,-116.43198,-1.61402,-11.73729,24.44141,-24.81122,THO_MOR,THO_MOR,ThomasMoreStadium,TeamExclusive,Team,20260910-ThomasMoreStadium-Private-2,1956e9e0-ad3e-11f1-be3a-1767d8db7fdd,78.32991,,,7.70069,,,,,,,c76edcbc-2d97-419f-8c45-4d4c95e6fbea,2026-09-10,17:36:03.90,2026-09-10T13:36:03.9029760-04:00,2026-09-10T17:36:03.9029760Z,,v3,643-145989,643-145989,,"Barth, Drew",1000298109,Right,THO_MOR,59222952-9ebe-4ed3-b78f-3f9d8a0b49e1,55.14097,-117.50621,12.22071,5.2605,-0.52352,-12.40561,-3.29089,7.90248,-5.86865,,,,,,,,,,,,,,,,,,,,,,,,,,,,,,,,,,,,,,,,,,,,,,,,,,,High,High,High,,,,,
51,2026-09-10,13:37:07.09,3,4,"LoParo, Sam",,Right,THO_MOR,"Sandhas, Kellen",10067176,Right,THO_MOR,Undefined,2,Top,1,2,1,Fastball,Changeup,BallCalled,Undefined,Undefined,Undefined,0,0,,82.94569,1.621617,-4.030233,1846.665706,211.154412,1:00,5.71211,2.4576,5.50281,-29.57754,11.74973,6.32878,4.76812,-0.79055,75.74726,-3.856678,-2.907824,0.46269,,,,,,,,,,,,-4.29555,5.86614,-2.10951,50,5.83431,8.20366,-120.12035,2.43513,-6.28865,22.83261,-23.58605,THO_MOR,THO_MOR,ThomasMoreStadium,TeamExclusive,Team,20260910-ThomasMoreStadium-Private-2,3ef4e350-ad3e-11f1-be3a-1767d8db7fdd,81.46375,,,7.19844,,,,,,,c76edcbc-2d97-419f-8c45-4d4c95e6fbea,2026-09-10,17:37:07.09,2026-09-10T13:37:07.0989824-04:00,2026-09-10T17:37:07.0989824Z,,v3,643-145989,643-145989,,"Barth, Drew",1000298109,Right,THO_MOR,d07cc35f-370e-42b9-87d6-159431acd9fa,54.99482,-121.06605,11.41631,5.71322,3.41203,-11.79303,-2.45469,8.46413,-3.14432,,,,,,,,,,,,,,,,,,,,,,,,,,,,,,,,,,,,,,,,,,,,,,,,,,,High,High,High,,,,,
52,2026-09-10,13:37:26.82,3,5,"LoParo, Sam",,Right,THO_MOR,"Sandhas, Kellen",10067176,Right,THO_MOR,Undefined,2,Top,1,3,1,Sinker,Changeup,BallCalled,Walk,Undefined,Undefined,0,0,,80.47565,0.161555,-2.192419,2071.427717,234.120016,1:45,5.38954,3.32258,5.43206,-32.95073,11.82446,14.00394,2.79505,2.43538,72.23871,-5.976174,0.298623,0.481604,,,,,,,,,,,,-7.76768,6.37292,-3.13836,50,5.38159,3.88456,-116.51079,-0.73317,-10.46146,26.01812,-23.59108,THO_MOR,THO_MOR,ThomasMoreStadium,TeamExclusive,Team,20260910-ThomasMoreStadium-Private-2,4abddb10-ad3e-11f1-be3a-1767d8db7fdd,78.2644,,,8.23694,,,,,,,c76edcbc-2d97-419f-8c45-4d4c95e6fbea,2026-09-10,17:37:26.82,2026-09-10T13:37:26.8235776-04:00,2026-09-10T17:37:26.8235776Z,,v3,643-145989,643-145989,,"Barth, Drew",1000298109,Right,THO_MOR,72de88b6-3d3c-4a4f-87b7-f9307aed2e92,55.06278,-117.63593,13.00906,5.39124,0.28701,-11.79554,-3.31612,4.33696,-5.23073,,,,,,,,,,,,,,,,,,,,,,,,,,,,,,,,,,,,,,,,,,,,,,,,,,,High,High,High,,,,,
53,2026-09-10,13:37:45.41,4,1,"LoParo, Sam",,Right,THO_MOR,"Bosio, Theodore",1000511279,Right,THO_MOR,Undefined,2,Top,1,0,0,Slider,Curveball,StrikeCalled,Undefined,Undefined,Undefined,0,0,,75.64039,0.727016,-3.074323,2501.32829,74.074195,8:30,5.31358,3.13178,5.0682,-50.66373,-0.36898,-6.53201,1.77809,-0.31396,69.90675,-8.416859,-4.226814,0.510426,,,,,,,,,,,,2.44496,0.00839,-2.83422,50,5.34217,6.14267,-109.69158,-0.32792,2.9881,18.84217,-32.16378,THO_MOR,THO_MOR,ThomasMoreStadium,TeamExclusive,Team,20260910-ThomasMoreStadium-Private-2,55d81c40-ad3e-11f1-be3a-1767d8db7fdd,73.84507,,,5.73364,,,,,,,c76edcbc-2d97-419f-8c45-4d4c95e6fbea,2026-09-10,17:37:45.41,2026-09-10T13:37:45.4182912-04:00,2026-09-10T17:37:45.4182912Z,,v3,643-145989,643-145989,,"Barth, Drew",1000298109,Right,THO_MOR,6618564d-be0e-49d2-a6de-5c2b26bc7eca,55.43222,-110.62076,9.42109,5.31923,1.2582,-16.08189,-3.13351,5.99532,1.49405,,,,,,,,,,,,,,,,,,,,,,,,,,,,,,,,,,,,,,,,,,,,,,,,,,,High,High,High,,,,,
54,2026-09-10,13:38:01.20,4,2,"LoParo, Sam",,Right,THO_MOR,"Bosio, Theodore",1000511279,Right,THO_MOR,Undefined,2,Top,1,0,1,Slider,Curveball,BallCalled,Undefined,Undefined,Undefined,0,0,,73.52609,0.995699,-2.917806,2244.31539,60.441472,8:00,5.43408,2.39197,5.13702,-55.54346,-2.37551,-7.01331,1.74437,-0.9424,67.94341,-9.031929,-4.157537,0.524803,,,,,,,,,,,,2.72079,-1.05197,-2.11256,50,5.48411,5.69562,-106.63639,0.03006,3.13632,18.14801,-33.38667,THO_MOR,THO_MOR,ThomasMoreStadium,TeamExclusive,Team,20260910-ThomasMoreStadium-Private-2,5f40dce0-ad3e-11f1-be3a-1767d8db7fdd,71.82208,,,5.58269,,,,,,,c76edcbc-2d97-419f-8c45-4d4c95e6fbea,2026-09-10,17:38:01.20,2026-09-10T13:38:01.2060672-04:00,2026-09-10T17:38:01.2060672Z,,v3,643-145989,643-145989,,"Barth, Drew",1000298109,Right,THO_MOR,34c4c267-9d0b-49c0-8741-9ef4c9c9d938,55.36376,-107.54535,9.074,5.44073,1.70226,-16.69334,-2.39389,5.53854,1.56816,,,,,,,,,,,,,,,,,,,,,,,,,,,,,,,,,,,,,,,,,,,,,,,,,,,High,High,High,,,,,
55,2026-09-10,13:38:19.59,4,3,"LoParo, Sam",,Right,THO_MOR,"Bosio, Theodore",1000511279,Right,THO_MOR,Undefined,2,Top,1,1,1,ChangeUp,Changeup,BallCalled,Undefined,Undefined,Undefined,0,0,,77.34972,-0.665002,-2.985389,1415.060337,232.950701,1:45,5.03562,3.25216,5.10834,-40.71443,7.76591,8.11473,1.01534,1.11317,70.63292,-8.090565,-1.550785,0.501134,,,,,,,,,,,,-4.97154,4.49173,-2.97746,50,4.94121,5.5247,-112.04301,-2.66657,-6.27645,21.53865,-26.50333,THO_MOR,THO_MOR,ThomasMoreStadium,TeamExclusive,Team,20260910-ThomasMoreStadium-Private-2,6a328770-ad3e-11f1-be3a-1767d8db7fdd,75.21425,,,6.7168,,,,,,,c76edcbc-2d97-419f-8c45-4d4c95e6fbea,2026-09-10,17:38:19.59,2026-09-10T13:38:19.5974144-04:00,2026-09-10T17:38:19.5974144Z,,v3,643-145989,643-145989,,"Barth, Drew",1000298109,Right,THO_MOR,d4505fd7-0764-4c49-8121-7098e0e16777,55.39022,-113.07446,10.76932,5.03852,-1.39738,-13.25166,-3.24922,5.82527,-3.13823,,,,,,,,,,,,,,,,,,,,,,,,,,,,,,,,,,,,,,,,,,,,,,,,,,,High,High,High,,,,,
56,2026-09-10,13:38:33.60,4,4,"LoParo, Sam",,Right,THO_MOR,"Bosio, Theodore",1000511279,Right,THO_MOR,Undefined,2,Top,1,2,1,Fastball,Changeup,BallCalled,Undefined,Undefined,Undefined,0,0,,82.25532,-1.256393,-2.004099,2029.88071,202.39068,12:45,5.50139,2.51901,5.46812,-26.75494,15.00895,5.66134,2.09509,1.11445,75.71631,-6.208274,-0.996324,0.465127,,,,,,,,,,,,-3.38689,8.28752,-2.34674,50,5.37272,3.94879,-119.39964,-3.48379,-4.91736,21.754,-20.14153,THO_MOR,THO_MOR,ThomasMoreStadium,TeamExclusive,Team,20260910-ThomasMoreStadium-Private-2,72880350-ad3e-11f1-be3a-1767d8db7fdd,81.03682,,,6.53902,,,,,,,c76edcbc-2d97-419f-8c45-4d4c95e6fbea,2026-09-10,17:38:33.60,2026-09-10T13:38:33.6093184-04:00,2026-09-10T17:38:33.6093184Z,,v3,643-145989,643-145989,,"Barth, Drew",1000298109,Right,THO_MOR,f4393f87-5174-4326-aa8a-545804c2f08c,55.02988,-120.31257,10.877,5.50118,-2.63853,-10.07076,-2.51678,4.15515,-2.45868,,,,,,,,,,,,,,,,,,,,,,,,,,,,,,,,,,,,,,,,,,,,,,,,,,,High,High,High,,,,,
57,2026-09-10,13:38:48.11,4,5,"LoParo, Sam",,Right,THO_MOR,"Bosio, Theodore",1000511279,Right,THO_MOR,Undefined,2,Top,1,3,1,Fastball,Slider,BallCalled,Walk,Undefined,Undefined,0,0,,83.0079,-0.322098,-0.864237,2055.271994,194.195994,12:30,5.51625,2.73897,5.26356,-27.84348,13.40524,3.07988,2.89333,2.18367,76.37841,-5.454301,-0.317761,0.46225,,,,,,,,,,,,-1.76441,7.16957,-2.66224,50,5.46645,1.68832,-120.54227,-1.6259,-2.61347,21.96283,-21.55445,THO_MOR,THO_MOR,ThomasMoreStadium,TeamExclusive,Team,20260910-ThomasMoreStadium-Private-2,7b3ae170-ad3e-11f1-be3a-1767d8db7fdd,81.54129,,,6.62949,,,,,,,c76edcbc-2d97-419f-8c45-4d4c95e6fbea,2026-09-10,17:38:48.11,2026-09-10T13:38:48.1130496-04:00,2026-09-10T17:38:48.1130496Z,,v3,643-145989,643-145989,,"Barth, Drew",1000298109,Right,THO_MOR,e29c75a8-b69d-4c5f-bd7e-bc7756e5de57,55.23389,-121.49215,10.98141,5.51661,-0.69369,-10.77722,-2.73771,1.80136,-1.30674,,,,,,,,,,,,,,,,,,,,,,,,,,,,,,,,,,,,,,,,,,,,,,,,,,,High,High,High,,,,,
1,2026-09-10,14:29:34.94,1,1,"Wichmann, Aaron",10146177,Left,THO_MOR,"Barth, Drew",1000298109,,THO_MOR,Undefined,1,Top,0,0,0,Fastball,Changeup,BallCalled,Undefined,Undefined,Undefined,0,0,,83.83024,-0.93719,0.383476,2330.199946,152.945506,11:00,5.4675,-0.85055,7.77568,-21.54604,15.16824,-7.19268,2.83257,-1.1065,77.18712,-5.124872,-0.955358,0.436103,,,,,,,,,,,,4.05984,8.94867,0.83292,50,5.4179,-0.60996,-122.19293,-2.3975,6.16022,23.26854,-18.59572,THO_MOR,THO_MOR,ThomasMoreStadium,TeamExclusive,Team,20260910-ThomasMoreStadium-Private-3,933308a0-ad45-11f1-85f7-1bad2866657f,86.43018,,,6.64311,,,,,,,437a5b9e-9bac-4067-8f8c-b974482b9e7b,2026-09-10,18:29:34.94,2026-09-10T14:29:34.9472256-04:00,2026-09-10T18:29:34.9472256Z,,v3,643-145989,643-145989,,"Barth, Drew",1000298109,Right,THO_MOR,2763d28e-87a0-4a92-b6a3-33059fba567a,52.72289,-122.71034,11.63427,5.46662,-1.984,-9.29786,0.84801,-0.74695,3.08011,,,,,,,,,,,,,,,,,,,,,,,,,,,,,,,,,,,,,,,,,,,,,,,,,,,High,High,High,,,,,
2,2026-09-10,14:29:50.84,1,2,"Wichmann, Aaron",10146177,Left,THO_MOR,"Barth, Drew",1000298109,,THO_MOR,Undefined,1,Top,0,1,0,Fastball,Slider,BallCalled,Undefined,Undefined,Undefined,0,0,,81.67627,-1.826817,1.739386,2427.325126,153.454323,11:00,5.19156,-1.19224,6.05911,-30.74765,10.36335,-4.60756,0.93708,0.03418,75.96127,-7.512225,0.909251,0.461477,,,,,,,,,,,,2.82677,6.13315,1.05977,50,5.0329,-3.44109,-118.76568,-4.71658,4.08831,20.06289,-23.30371,THO_MOR,THO_MOR,ThomasMoreStadium,TeamExclusive,Team,20260910-ThomasMoreStadium-Private-3,9ccdfcd0-ad45-11f1-85f7-1bad2866657f,81.67775,,,5.71499,,,,,,,437a5b9e-9bac-4067-8f8c-b974482b9e7b,2026-09-10,18:29:50.84,2026-09-10T14:29:50.8452864-04:00,2026-09-10T18:29:50.8452864Z,,v3,643-145989,643-145989,,"Barth, Drew",1000298109,Right,THO_MOR,273f1741-77d5-4943-abc5-39c3abfa51a4,54.44154,-119.51363,10.03144,5.19254,-3.84782,-11.65185,1.19089,-3.59351,2.04416,,,,,,,,,,,,,,,,,,,,,,,,,,,,,,,,,,,,,,,,,,,,,,,,,,,High,High,High,,,,,
3,2026-09-10,14:30:31.00,1,3,"Wichmann, Aaron",10146177,Left,THO_MOR,"Barth, Drew",1000298109,,THO_MOR,Undefined,1,Top,0,2,0,Cutter,Slider,Undefined,Undefined,Undefined,Undefined,0,0,,78.60365,1.859701,0.057785,2454.004435,256.443383,2:30,5.34374,-1.25391,5.92018,-43.14778,2.095,2.7524,3.47447,-0.97092,71.84018,-6.123014,0.552178,0.484112,,,,,,,,,,,,-1.39,0.99232,1.24774,50,5.46828,-0.21818,-114.14754,2.35985,-1.8294,21.49726,-30.86801,THO_MOR,THO_MOR,ThomasMoreStadium,TeamExclusive,Team,20260910-ThomasMoreStadium-Private-3,b5a95c40-ad45-11f1-85f7-1bad2866657f,77.8589,,,6.76346,,,,,,,437a5b9e-9bac-4067-8f8c-b974482b9e7b,2026-09-10,18:30:31.00,2026-09-10T14:30:31.0030000-04:00,2026-09-10T18:30:31.0030000Z,,v3,643-145989,643-145989,,"Barth, Drew",1000298109,Right,THO_MOR,272aa4a0-b421-4458-be22-f5f76f7510a4,54.57764,-115.0064,10.74863,5.34936,3.59311,-15.43401,1.255,-0.1451,-0.9147,,,,,,,,,,,,,,,,,,,,,,,,,,,,,,,,,,,,,,,,,,,,,,,,,,,High,High,High,,,,,
4,2026-09-10,14:31:37.93,1,4,"Wichmann, Aaron",10146177,Left,THO_MOR,"Barth, Drew",1000298109,,THO_MOR,Undefined,1,Top,0,3,0,Cutter,Slider,BallCalled,Walk,Undefined,Undefined,0,0,,78.86433,1.864809,1.981448,2569.207469,261.314918,2:45,5.12785,-1.11602,5.96076,-43.18546,2.1374,3.84028,3.25989,1.04207,71.49547,-6.147462,2.670753,0.48454,,,,,,,,,,,,-1.3378,1.02378,0.95672,50,5.25231,-4.10267,-114.35006,2.37918,-1.75111,23.33133,-30.83393,THO_MOR,THO_MOR,ThomasMoreStadium,TeamExclusive,Team,20260910-ThomasMoreStadium-Private-3,dc9ab0b0-ad45-11f1-85f7-1bad2866657f,77.79008,,,7.36886,,,,,,,437a5b9e-9bac-4067-8f8c-b974482b9e7b,2026-09-10,18:31:37.93,2026-09-10T14:31:37.9381760-04:00,2026-09-10T18:31:37.9381760Z,,v3,643-145989,643-145989,,"Barth, Drew",1000298109,Right,THO_MOR,03eff866-9409-461b-8a1a-02d153bc7bc2,54.53511,-115.27166,11.66566,5.13428,3.59714,-15.41697,1.11741,-4.0335,-0.87555,,,,,,,,,,,,,,,,,,,,,,,,,,,,,,,,,,,,,,,,,,,,,,,,,,,High,High,High,,,,,
5,2026-09-10,14:32:13.04,2,1,"Wichmann, Aaron",10146177,Left,THO_MOR,"Thompson, Dylan",10077983,Right,THO_MOR,Undefined,1,Top,0,0,0,ChangeUp,Changeup,StrikeCalled,Undefined,Undefined,Undefined,0,0,,75.12043,0.680081,2.001718,1127.710739,162.427449,11:30,4.76059,-1.5773,6.23613,-37.36108,11.9219,-3.24465,2.27493,-0.00042,68.29404,-6.336018,1.41597,0.505266,,,,,,,,,,,,2.30433,6.45741,1.42965,50,4.79289,-3.70154,-109.04024,0.30224,2.74692,20.94087,-24.47634,THO_MOR,THO_MOR,ThomasMoreStadium,TeamExclusive,Team,20260910-ThomasMoreStadium-Private-3,f1883420-ad45-11f1-85f7-1bad2866657f,74.59924,,,6.8264,,,,,,,437a5b9e-9bac-4067-8f8c-b974482b9e7b,2026-09-10,18:32:13.04,2026-09-10T14:32:13.0452480-04:00,2026-09-10T18:32:13.0452480Z,,v3,643-145989,643-145989,,"Barth, Drew",1000298109,Right,THO_MOR,2b896747-e66c-4676-b074-fd7df0dc5868,54.2608,-109.85546,10.47044,4.76258,1.2551,-12.23817,1.57583,-3.80847,1.37346,,,,,,,,,,,,,,,,,,,,,,,,,,,,,,,,,,,,,,,,,,,,,,,,,,,High,High,High,,,,,
6,2026-09-10,14:32:56.98,2,2,"Wichmann, Aaron",10146177,Left,THO_MOR,"Thompson, Dylan",10077983,Right,THO_MOR,Undefined,1,Top,0,0,1,ChangeUp,Slider,StrikeCalled,Undefined,Undefined,Undefined,0,0,,76.12003,0.798448,2.297181,1050.932977,124.748815,10:15,4.8213,-1.34936,5.87412,-42.87928,6.01193,-6.17457,1.99026,0.27081,68.9741,-7.16214,1.189782,0.503253,,,,,,,,,,,,3.90949,3.29103,1.16723,50,4.86115,-4.20554,-110.3742,0.26911,4.75407,22.25648,-28.17206,THO_MOR,THO_MOR,ThomasMoreStadium,TeamExclusive,Team,20260910-ThomasMoreStadium-Private-3,0bb1be70-ad46-11f1-85f7-1bad2866657f,74.89753,,,7.14593,,,,,,,437a5b9e-9bac-4067-8f8c-b974482b9e7b,2026-09-10,18:32:56.98,2026-09-10T14:32:56.9833472-04:00,2026-09-10T18:32:56.9833472Z,,v3,643-145989,643-145989,,"Barth, Drew",1000298109,Right,THO_MOR,1c61f2f6-4b10-472d-b7df-6e82516121c7,54.62317,-111.30253,11.12824,4.82541,1.4442,-14.08603,1.34678,-4.40384,2.37704,,,,,,,,,,,,,,,,,,,,,,,,,,,,,,,,,,,,,,,,,,,,,,,,,,,High,High,High,,,,,
7,2026-09-10,14:33:20.62,2,3,"Wichmann, Aaron",10146177,Left,THO_MOR,"Thompson, Dylan",10077983,Right,THO_MOR,Undefined,1,Top,0,0,2,Fastball,Cutter,StrikeCalled,Strikeout,Undefined,Undefined,0,0,,84.36582,-1.009208,1.384146,2339.275849,165.682237,11:30,5.50904,-0.95776,8.13724,-19.80867,15.88965,-3.79,2.9605,-0.04246,77.76517,-4.894147,0.674069,0.430027,,,,,,,,,,,,2.47528,9.47008,0.90054,50,5.46351,-2.86982,-123.01012,-2.4771,3.81205,23.23329,-17.58966,THO_MOR,THO_MOR,ThomasMoreStadium,TeamExclusive,Team,20260910-ThomasMoreStadium-Private-3,19b95b90-ad46-11f1-85f7-1bad2866657f,87.65141,,,6.60065,,,,,,,437a5b9e-9bac-4067-8f8c-b974482b9e7b,2026-09-10,18:33:20.62,2026-09-10T14:33:20.6218752-04:00,2026-09-10T18:33:20.6218752Z,,v3,643-145989,643-145989,,"Barth, Drew",1000298109,Right,THO_MOR,4519aa4b-fdc7-4c31-ae4f-63757788e6d6,52.36118,-123.45528,11.61664,5.50774,-2.14008,-8.79483,0.95623,-2.94286,1.90602,,,,,,,,,,,,,,,,,,,,,,,,,,,,,,,,,,,,,,,,,,,,,,,,,,,High,High,High,,,,,
8,2026-09-10,14:33:38.74,3,1,"Wichmann, Aaron",10146177,Left,THO_MOR,"O'Donnell, Sean",1000511278,Right,THO_MOR,Undefined,1,Top,1,0,0,Cutter,Curveball,BallCalled,Undefined,Undefined,Undefined,0,0,,77.29694,-0.764317,2.920753,2584.579021,263.422456,2:45,4.85275,-1.27801,5.86838,-44.32109,1.71929,4.83256,0.4484,1.8401,72.56721,-8.837114,3.787413,0.488361,,,,,,,,,,,,-1.83634,1.38406,1.03848,50,4.76452,-5.90326,-112.39723,-2.86611,-2.39164,16.91659,-30.37146,THO_MOR,THO_MOR,ThomasMoreStadium,TeamExclusive,Team,20260910-ThomasMoreStadium-Private-3,249ab270-ad46-11f1-85f7-1bad2866657f,77.18155,,,4.72973,,,,,,,437a5b9e-9bac-4067-8f8c-b974482b9e7b,2026-09-10,18:33:38.74,2026-09-10T14:33:38.7499008-04:00,2026-09-10T18:33:38.7499008Z,,v3,643-145989,643-145989,,"Barth, Drew",1000298109,Right,THO_MOR,3e4fbe6d-4534-413e-ba16-fe5a7b099c00,54.6333,-113.09242,8.4583,4.85666,-1.61798,-15.18573,1.27906,-5.80497,-1.19582,,,,,,,,,,,,,,,,,,,,,,,,,,,,,,,,,,,,,,,,,,,,,,,,,,,High,High,High,,,,,
9,2026-09-10,14:34:10.40,3,2,"Wichmann, Aaron",10146177,Left,THO_MOR,"O'Donnell, Sean",1000511278,Right,THO_MOR,Undefined,1,Top,1,1,0,Curveball,Curveball,StrikeCalled,Undefined,Undefined,Undefined,0,0,,71.96055,3.047315,-0.65205,2536.703819,317.37665,4:30,5.11599,-1.19733,5.06533,-67.05039,-11.19197,11.92434,2.40467,-0.81848,66.03429,-9.056874,1.457782,0.537918,,,,,,,,,,,,-6.0878,-5.86792,1.24937,50,5.35215,0.73473,-104.35497,3.31018,-6.6903,18.11879,-38.6227,THO_MOR,THO_MOR,ThomasMoreStadium,TeamExclusive,Team,20260910-ThomasMoreStadium-Private-3,378bc9a0-ad46-11f1-85f7-1bad2866657f,70.07103,,,5.92627,,,,,,,437a5b9e-9bac-4067-8f8c-b974482b9e7b,2026-09-10,18:34:10.40,2026-09-10T14:34:10.4064000-04:00,2026-09-10T18:34:10.4064000Z,,v3,643-145989,643-145989,,"Barth, Drew",1000298109,Right,THO_MOR,f97ad5d7-6c0d-47fd-9e70-c4b13b3310d5,55.4369,-105.29473,9.05939,5.12851,5.31341,-19.31135,1.20226,1.08173,-3.34515,,,,,,,,,,,,,,,,,,,,,,,,,,,,,,,,,,,,,,,,,,,,,,,,,,,High,High,High,,,,,
10,2026-09-10,14:34:28.15,3,3,"Wichmann, Aaron",10146177,Left,THO_MOR,"O'Donnell, Sean",1000511278,Right,THO_MOR,Undefined,1,Top,1,1,1,ChangeUp,Slider,BallCalled,Undefined,Undefined,Undefined,0,0,,75.72125,1.019985,2.4879,989.160588,168.48424,11:30,4.92073,-1.22095,6.27792,-38.54821,9.97186,-1.69327,2.64952,0.93257,68.74541,-6.214549,2.182226,0.50134,,,,,,,,,,,,1.63976,5.37681,1.03799,50,4.9777,-4.71323,-109.8388,0.91392,1.98262,21.32316,-25.67297,THO_MOR,THO_MOR,ThomasMoreStadium,TeamExclusive,Team,20260910-ThomasMoreStadium-Private-3,420a8e20-ad46-11f1-85f7-1bad2866657f,75.18343,,,6.97583,,,,,,,437a5b9e-9bac-4067-8f8c-b974482b9e7b,2026-09-10,18:34:28.15,2026-09-10T14:34:28.1595392-04:00,2026-09-10T18:34:28.1595392Z,,v3,643-145989,643-145989,,"Barth, Drew",1000298109,Right,THO_MOR,1b43c8c7-0c68-45bd-9b21-5ad43c216478,54.21708,-110.65444,10.66158,4.92396,1.89594,-12.83648,1.21973,-4.78907,0.99131,,,,,,,,,,,,,,,,,,,,,,,,,,,,,,,,,,,,,,,,,,,,,,,,,,,High,High,High,,,,,
11,2026-09-10,14:34:45.17,3,4,"Wichmann, Aaron",10146177,Left,THO_MOR,"O'Donnell, Sean",1000511278,Right,THO_MOR,Undefined,1,Top,1,2,1,Fastball,Four-Seam,StrikeCalled,Undefined,Undefined,Undefined,0,0,,83.85476,-1.501018,1.08341,2365.073444,167.435076,11:30,5.63348,-0.74007,6.01224,-21.50115,17.73202,-3.69457,2.45065,-0.0442,77.33932,-5.54633,0.418753,0.450815,,,,,,,,,,,,2.17961,9.87367,0.6571,50,5.50384,-2.16245,-121.88509,-3.80894,3.30553,22.13123,-17.20001,THO_MOR,THO_MOR,ThomasMoreStadium,TeamExclusive,Team,20260910-ThomasMoreStadium-Private-3,4c29cd80-ad46-11f1-85f7-1bad2866657f,83.60962,,,6.51544,,,,,,,437a5b9e-9bac-4067-8f8c-b974482b9e7b,2026-09-10,18:34:45.17,2026-09-10T14:34:45.1798016-04:00,2026-09-10T18:34:45.1798016Z,,v3,643-145989,643-145989,,"Barth, Drew",1000298109,Right,THO_MOR,aee0cc98-1e37-4956-a010-a0d218664fb6,54.48589,-122.69691,11.06561,5.63199,-3.17801,-8.6,0.73865,-2.28371,1.65277,,,,,,,,,,,,,,,,,,,,,,,,,,,,,,,,,,,,,,,,,,,,,,,,,,,High,High,High,,,,,
12,2026-09-10,14:35:05.49,3,5,"Wichmann, Aaron",10146177,Left,THO_MOR,"O'Donnell, Sean",1000511278,Right,THO_MOR,Undefined,1,Top,1,2,2,ChangeUp,Changeup,BallCalled,Undefined,Undefined,Undefined,0,0,,77.01893,1.421078,1.887092,1152.119371,156.441838,11:15,5.20693,-1.05856,6.40515,-33.65695,12.34934,-4.78516,3.70987,0.27851,70.71355,-4.907978,1.020804,0.48818,,,,,,,,,,,,2.99654,6.49559,0.92548,50,5.29326,-3.52508,-111.92972,1.89141,3.8168,19.43987,-23.90038,THO_MOR,THO_MOR,ThomasMoreStadium,TeamExclusive,Team,20260910-ThomasMoreStadium-Private-3,584f6430-ad46-11f1-85f7-1bad2866657f,77.21013,,,6.30537,,,,,,,437a5b9e-9bac-4067-8f8c-b974482b9e7b,2026-09-10,18:35:05.49,2026-09-10T14:35:05.4954496-04:00,2026-09-10T18:35:05.4954496Z,,v3,643-145989,643-145989,,"Barth, Drew",1000298109,Right,THO_MOR,85a75d37-54de-4a0b-a686-ec63664793d1,54.09225,-112.63822,9.71993,5.20845,2.76247,-11.95019,1.05649,-3.66418,1.9084,,,,,,,,,,,,,,,,,,,,,,,,,,,,,,,,,,,,,,,,,,,,,,,,,,,High,High,High,,,,,
13,2026-09-10,14:35:39.10,3,6,"Wichmann, Aaron",10146177,Left,THO_MOR,"O'Donnell, Sean",1000511278,Right,THO_MOR,Undefined,1,Top,1,3,2,ChangeUp,Changeup,BallCalled,Walk,Undefined,Undefined,0,0,,75.27545,0.776026,0.873688,1163.565007,150.973627,11:00,4.87757,-1.3331,5.80701,-35.57085,14.14875,-6.93288,2.63513,-1.09829,68.54493,-5.866036,-0.368599,0.507499,,,,,,,,,,,,3.78878,7.48304,1.26558,50,4.92022,-1.41375,-109.24831,0.46884,4.55125,20.33576,-23.18512,THO_MOR,THO_MOR,ThomasMoreStadium,TeamExclusive,Team,20260910-ThomasMoreStadium-Private-3,6c540e40-ad46-11f1-85f7-1bad2866657f,74.27098,,,6.73052,,,,,,,437a5b9e-9bac-4067-8f8c-b974482b9e7b,2026-09-10,18:35:39.10,2026-09-10T14:35:39.1059968-04:00,2026-09-10T18:35:39.1059968Z,,v3,643-145989,643-145989,,"Barth, Drew",1000298109,Right,THO_MOR,0092a8d2-0e5f-4dcc-9017-b873b59eaec7,54.68874,-110.11763,10.16788,4.879,1.45995,-11.59256,1.33018,-1.60831,2.27562,,,,,,,,,,,,,,,,,,,,,,,,,,,,,,,,,,,,,,,,,,,,,,,,,,,High,High,High,,,,,
14,2026-09-10,14:36:44.48,4,1,"Wichmann, Aaron",10146177,Left,THO_MOR,"Sandhas, Kellen",10067176,Right,THO_MOR,Undefined,1,Top,1,0,0,Fastball,Changeup,StrikeCalled,Undefined,Undefined,Undefined,0,0,,82.63393,-0.363293,1.936037,2402.129884,150.78166,11:00,5.41761,-1.20332,5.35657,-25.79155,15.87237,-8.15461,2.92741,-0.06654,75.69887,-5.153178,0.487403,0.46457,,,,,,,,,,,,4.63193,8.46067,1.03533,50,5.36686,-3.71681,-119.92271,-1.60042,6.7621,22.65154,-19.82238,THO_MOR,THO_MOR,ThomasMoreStadium,TeamExclusive,Team,20260910-ThomasMoreStadium-Private-3,935986f0-ad46-11f1-85f7-1bad2866657f,81.134,,,6.93506,,,,,,,437a5b9e-9bac-4067-8f8c-b974482b9e7b,2026-09-10,18:36:44.48,2026-09-10T14:36:44.4860416-04:00,2026-09-10T18:36:44.4860416Z,,v3,643-145989,643-145989,,"Barth, Drew",1000298109,Right,THO_MOR,d7c0133b-4d37-4eda-97ae-46e3878a1478,55.1412,-120.8899,11.32577,5.41713,-0.75404,-9.91119,1.2002,-4.00554,3.38105,,,,,,,,,,,,,,,,,,,,,,,,,,,,,,,,,,,,,,,,,,,,,,,,,,,High,High,High,,,,,
15,2026-09-10,14:37:35.79,4,2,"Wichmann, Aaron",10146177,Left,THO_MOR,"Sandhas, Kellen",10067176,Right,THO_MOR,Undefined,1,Top,1,0,1,ChangeUp,Changeup,BallCalled,Undefined,Undefined,Undefined,0,0,,75.19205,-0.345086,0.931505,1152.989252,149.712126,11:00,5.019,-1.14739,5.70913,-35.34663,14.66028,-7.58296,1.7519,-0.91138,68.61332,-6.920747,-0.425621,0.508963,,,,,,,,,,,,4.14071,8.05331,1.07422,50,4.96838,-1.49886,-109.12776,-1.67577,4.96226,20.31827,-22.52289,THO_MOR,THO_MOR,ThomasMoreStadium,TeamExclusive,Team,20260910-ThomasMoreStadium-Private-3,b1f9f360-ad46-11f1-85f7-1bad2866657f,74.05728,,,6.57873,,,,,,,437a5b9e-9bac-4067-8f8c-b974482b9e7b,2026-09-10,18:37:35.79,2026-09-10T14:37:35.7996032-04:00,2026-09-10T18:37:35.7996032Z,,v3,643-145989,643-145989,,"Barth, Drew",1000298109,Right,THO_MOR,017290fe-84e6-4e57-a0d8-ce7deb4d97bb,54.78736,-110.0155,10.15914,5.0201,-0.69171,-11.26145,1.14445,-1.71568,2.48113,,,,,,,,,,,,,,,,,,,,,,,,,,,,,,,,,,,,,,,,,,,,,,,,,,,High,High,High,,,,,
16,2026-09-10,14:37:55.46,4,3,"Wichmann, Aaron",10146177,Left,THO_MOR,"Sandhas, Kellen",10067176,Right,THO_MOR,Undefined,1,Top,1,1,1,ChangeUp,Changeup,StrikeCalled,Undefined,Undefined,Undefined,0,0,,74.9667,0.697785,1.592475,1403.033969,127.115604,10:15,4.8661,-1.19304,7.58192,-40.81234,5.79847,-5.72229,2.09263,-0.23793,68.75833,-7.09829,0.531398,0.491377,,,,,,,,,,,,3.58736,3.41953,1.11251,50,4.89293,-2.87979,-109.16509,0.48861,4.31123,19.952,-28.06451,THO_MOR,THO_MOR,ThomasMoreStadium,TeamExclusive,Team,20260910-ThomasMoreStadium-Private-3,bd89b2b0-ad46-11f1-85f7-1bad2866657f,76.70778,,,6.20836,,,,,,,437a5b9e-9bac-4067-8f8c-b974482b9e7b,2026-09-10,18:37:55.46,2026-09-10T14:37:55.4642944-04:00,2026-09-10T18:37:55.4642944Z,,v3,643-145989,643-145989,,"Barth, Drew",1000298109,Right,THO_MOR,7e01ad7a-6241-47de-9678-fa30b4130425,52.91656,-109.69685,9.976,4.86994,1.23659,-14.03226,1.19079,-2.99469,2.15561,,,,,,,,,,,,,,,,,,,,,,,,,,,,,,,,,,,,,,,,,,,,,,,,,,,High,High,High,,,,,
17,2026-09-10,14:38:20.22,4,4,"Wichmann, Aaron",10146177,Left,THO_MOR,"Sandhas, Kellen",10067176,Right,THO_MOR,Undefined,1,Top,1,1,2,ChangeUp,Changeup,BallCalled,Undefined,Undefined,Undefined,0,0,,74.74818,2.293088,0.999782,1428.706265,145.76514,10:45,4.88808,-1.47907,7.11466,-41.13132,6.6415,-3.50512,3.54203,-0.86413,68.34135,-5.51634,0.356287,0.497464,,,,,,,,,,,,2.15697,3.38146,1.42069,50,5.01151,-1.79188,-108.69848,3.4072,2.57415,19.50093,-28.13854,THO_MOR,THO_MOR,ThomasMoreStadium,TeamExclusive,Team,20260910-ThomasMoreStadium-Private-3,cc6541a0-ad46-11f1-85f7-1bad2866657f,75.76917,,,6.40683,,,,,,,437a5b9e-9bac-4067-8f8c-b974482b9e7b,2026-09-10,18:38:20.22,2026-09-10T14:38:20.2257920-04:00,2026-09-10T18:38:20.2257920Z,,v3,643-145989,643-145989,,"Barth, Drew",1000298109,Right,THO_MOR,cd9eaa63-e16b-4827-95ec-f2bc9365ab43,53.38278,-109.30368,9.75046,4.89221,4.28047,-14.06927,1.47754,-1.87176,1.28707,,,,,,,,,,,,,,,,,,,,,,,,,,,,,,,,,,,,,,,,,,,,,,,,,,,High,High,High,,,,,
18,2026-09-10,14:38:38.65,4,5,"Wichmann, Aaron",10146177,Left,THO_MOR,"Sandhas, Kellen",10067176,Right,THO_MOR,Undefined,1,Top,1,2,2,ChangeUp,Changeup,StrikeCalled,Strikeout,Undefined,Undefined,0,0,,75.42489,1.589078,1.491211,1423.095154,154.834602,11:15,5.06497,-1.30401,7.97562,-38.5477,6.7304,-2.50835,3.27113,-0.18242,69.14334,-5.846097,1.022907,0.484301,,,,,,,,,,,,1.81512,3.71646,1.23825,50,5.12929,-2.79721,-109.87974,2.34366,2.21367,19.91598,-27.64156,THO_MOR,THO_MOR,ThomasMoreStadium,TeamExclusive,Team,20260910-ThomasMoreStadium-Private-3,d752a670-ad46-11f1-85f7-1bad2866657f,77.82851,,,6.28156,,,,,,,437a5b9e-9bac-4067-8f8c-b974482b9e7b,2026-09-10,18:38:38.65,2026-09-10T14:38:38.6505216-04:00,2026-09-10T18:38:38.6505216Z,,v3,643-145989,643-145989,,"Barth, Drew",1000298109,Right,THO_MOR,2b0a08e5-f053-45c7-8302-14c06de80c36,52.52281,-110.33606,9.95799,5.06834,2.97699,-13.82078,1.30292,-2.84793,1.10683,,,,,,,,,,,,,,,,,,,,,,,,,,,,,,,,,,,,,,,,,,,,,,,,,,,High,High,High,,,,,
19,2026-09-10,14:38:59.71,5,1,"Wichmann, Aaron",10146177,Left,THO_MOR,"Bosio, Theodore",1000511279,Right,THO_MOR,Undefined,1,Top,2,0,0,Fastball,Changeup,BallCalled,Undefined,Undefined,Undefined,0,0,,81.92714,0.045069,0.439404,2325.90623,147.409443,11:00,5.33953,-1.50279,7.17129,-24.68844,14.60272,-8.60831,3.32301,-1.82198,75.4937,-4.686299,-1.143878,0.451148,,,,,,,,,,,,4.72646,8.20205,1.47908,50,5.33428,-0.63905,-119.33103,-0.45953,6.85796,21.61577,-20.2731,THO_MOR,THO_MOR,ThomasMoreStadium,TeamExclusive,Team,20260910-ThomasMoreStadium-Private-3,e3f58370-ad46-11f1-85f7-1bad2866657f,83.54789,,,6.43344,,,,,,,437a5b9e-9bac-4067-8f8c-b974482b9e7b,2026-09-10,18:38:59.71,2026-09-10T14:38:59.7180928-04:00,2026-09-10T18:38:59.7180928Z,,v3,643-145989,643-145989,,"Barth, Drew",1000298109,Right,THO_MOR,69a50a2c-3f7d-4690-bfee-5188d3b74421,53.3267,-119.93212,10.80789,5.33922,0.10422,-10.13655,1.4995,-0.82975,3.42898,,,,,,,,,,,,,,,,,,,,,,,,,,,,,,,,,,,,,,,,,,,,,,,,,,,High,High,High,,,,,
20,2026-09-10,14:39:12.98,5,2,"Wichmann, Aaron",10146177,Left,THO_MOR,"Bosio, Theodore",1000511279,Right,THO_MOR,Undefined,1,Top,2,1,0,Fastball,Changeup,StrikeCalled,Undefined,Undefined,Undefined,0,0,,84.49613,-0.801407,1.996257,2400.12474,151.325463,11:00,5.22717,-1.28226,7.16015,-22.27726,14.54812,-7.39603,2.6439,-0.08859,78.21239,-5.062497,0.637113,0.436762,,,,,,,,,,,,4.47839,8.35524,1.16746,50,5.1731,-4.05126,-123.05444,-2.23542,6.94333,21.87041,-19.22001,THO_MOR,THO_MOR,ThomasMoreStadium,TeamExclusive,Team,20260910-ThomasMoreStadium-Private-3,ebd4bde0-ad46-11f1-85f7-1bad2866657f,86.29967,,,6.28374,,,,,,,437a5b9e-9bac-4067-8f8c-b974482b9e7b,2026-09-10,18:39:12.98,2026-09-10T14:39:12.9862656-04:00,2026-09-10T18:39:12.9862656Z,,v3,643-145989,643-145989,,"Barth, Drew",1000298109,Right,THO_MOR,daf606d3-90ae-4220-a86c-811de9bec369,53.33939,-123.64653,10.93521,5.22658,-1.71509,-9.61,1.27968,-4.23923,3.47166,,,,,,,,,,,,,,,,,,,,,,,,,,,,,,,,,,,,,,,,,,,,,,,,,,,High,High,High,,,,,
21,2026-09-10,14:44:01.34,1,1,"Bach, Keeton",1000347728,Right,THO_MOR,"Barth, Drew",1000298109,,THO_MOR,Undefined,1,Bottom,0,0,0,ChangeUp,Changeup,BallCalled,Undefined,Undefined,Undefined,0,0,,70.48965,1.784193,-1.918799,1000.204839,230.651915,1:45,5.21444,2.6913,4.67595,-50.6781,10.03902,9.21189,2.68719,1.63601,62.78592,-7.497454,-0.303265,0.560825,,,,,,,,,,,,-5.14496,4.99579,-2.50475,50,5.35182,3.0387,-101.71412,1.53478,-5.23493,21.15281,-27.09091,THO_MOR,THO_MOR,ThomasMoreStadium,TeamExclusive,Team,20260910-ThomasMoreStadium-Private-3,97c43ea0-ad47-11f1-85f7-1bad2866657f,67.20897,,,7.70373,,,,,,,437a5b9e-9bac-4067-8f8c-b974482b9e7b,2026-09-10,18:44:01.34,2026-09-10T14:44:01.3448704-04:00,2026-09-10T18:44:01.3448704Z,,v3,643-145989,643-145989,,"Barth, Drew",1000298109,Right,THO_MOR,107308a6-5396-48bc-9d45-5085df1d9789,55.81426,-102.91617,10.57641,5.22086,3.07427,-13.54545,-2.68589,3.33618,-2.61746,,,,,,,,,,,,,,,,,,,,,,,,,,,,,,,,,,,,,,,,,,,,,,,,,,,High,High,High,,,,,
22,2026-09-10,14:44:24.88,1,2,"Bach, Keeton",1000347728,Right,THO_MOR,"Barth, Drew",1000298109,,THO_MOR,Undefined,1,Bottom,0,1,0,Sinker,Changeup,StrikeCalled,Undefined,Undefined,Undefined,0,0,,82.59246,-1.229127,-4.051464,2053.559158,241.592257,2:00,5.48363,2.56217,5.59005,-31.31226,10.16945,16.38221,1.72354,0.13802,75.80538,-7.003602,-1.134253,0.463553,,,,,,,,,,,,-9.46953,5.86028,-2.22523,50,5.35746,7.83012,-119.70051,-3.60256,-13.76936,22.62956,-23.6528,THO_MOR,THO_MOR,ThomasMoreStadium,TeamExclusive,Team,20260910-ThomasMoreStadium-Private-3,a5ae8fc0-ad47-11f1-85f7-1bad2866657f,81.31197,,,6.78708,,,,,,,437a5b9e-9bac-4067-8f8c-b974482b9e7b,2026-09-10,18:44:24.88,2026-09-10T14:44:24.8824320-04:00,2026-09-10T18:44:24.8824320Z,,v3,643-145989,643-145989,,"Barth, Drew",1000298109,Right,THO_MOR,81c01fae-aca0-4ac8-a9a7-29ff007f341a,54.90993,-120.62516,11.31478,5.48492,-2.63609,-11.8264,-2.55666,8.39274,-6.88468,,,,,,,,,,,,,,,,,,,,,,,,,,,,,,,,,,,,,,,,,,,,,,,,,,,High,High,High,,,,,
23,2026-09-10,14:45:14.56,1,3,"Bach, Keeton",1000347728,Right,THO_MOR,"Barth, Drew",1000298109,,THO_MOR,Undefined,1,Bottom,0,1,1,ChangeUp,Changeup,BallCalled,Undefined,Undefined,Undefined,0,0,,72.19173,2.193872,-2.468135,916.788492,277.551307,3:15,5.24903,2.78765,5.22446,-55.14712,0.9352,8.59504,2.71886,1.18213,65.08886,-7.897824,-0.945735,0.538995,,,,,,,,,,,,-5.09477,0.34866,-2.56672,50,5.41065,4.17604,-104.42569,2.25035,-5.52156,20.62165,-31.79618,THO_MOR,THO_MOR,ThomasMoreStadium,TeamExclusive,Team,20260910-ThomasMoreStadium-Private-3,c3595190-ad47-11f1-85f7-1bad2866657f,69.931,,,7.10287,,,,,,,437a5b9e-9bac-4067-8f8c-b974482b9e7b,2026-09-10,18:45:14.56,2026-09-10T14:45:14.5648128-04:00,2026-09-10T18:45:14.5648128Z,,v3,643-145989,643-145989,,"Barth, Drew",1000298109,Right,THO_MOR,45b9c4ef-1428-4959-b526-43e053680177,55.27162,-105.46157,10.31083,5.25749,3.84756,-15.89809,-2.78346,4.4534,-2.76078,,,,,,,,,,,,,,,,,,,,,,,,,,,,,,,,,,,,,,,,,,,,,,,,,,,High,High,High,,,,,
24,2026-09-10,14:45:43.40,1,4,"Bach, Keeton",1000347728,Right,THO_MOR,"Barth, Drew",1000298109,,THO_MOR,Undefined,1,Bottom,0,2,1,Sinker,Changeup,BallCalled,Undefined,Undefined,Undefined,0,0,,82.99882,-0.367816,-2.266189,2134.035049,243.087567,2:00,5.44525,2.50349,6.53688,-30.33809,9.26095,15.76359,2.57944,1.73745,75.95129,-6.079164,0.597783,0.452912,,,,,,,,,,,,-8.88689,5.35477,-2.35247,50,5.40681,4.2022,-120.63261,-1.62626,-13.07077,23.87827,-24.29827,THO_MOR,THO_MOR,ThomasMoreStadium,TeamExclusive,Team,20260910-ThomasMoreStadium-Private-3,d48eaf00-ad47-11f1-85f7-1bad2866657f,83.22242,,,7.04754,,,,,,,437a5b9e-9bac-4067-8f8c-b974482b9e7b,2026-09-10,18:45:43.40,2026-09-10T14:45:43.4006528-04:00,2026-09-10T18:45:43.4006528Z,,v3,643-145989,643-145989,,"Barth, Drew",1000298109,Right,THO_MOR,77c2a0c9-5ad7-4347-b9f3-d478122ef021,53.96138,-121.4142,11.93913,5.44702,-0.83093,-12.14913,-2.49702,4.63004,-6.53538,,,,,,,,,,,,,,,,,,,,,,,,,,,,,,,,,,,,,,,,,,,,,,,,,,,High,High,High,,,,,
25,2026-09-10,14:46:11.70,1,5,"Bach, Keeton",1000347728,Right,THO_MOR,"Barth, Drew",1000298109,,THO_MOR,Undefined,1,Bottom,0,3,1,ChangeUp,Changeup,BallCalled,Walk,Undefined,Undefined,0,0,,72.06089,-0.064364,-3.698835,1009.439446,272.655095,3:00,5.2517,2.55826,5.76732,-53.89987,1.76323,9.7641,0.70002,-0.07516,64.81469,-10.005169,-1.951212,0.536976,,,,,,,,,,,,-6.38284,1.43669,-2.25816,50,5.21375,6.40346,-104.23029,-1.67093,-6.81607,22.29737,-30.63984,THO_MOR,THO_MOR,ThomasMoreStadium,TeamExclusive,Team,20260910-ThomasMoreStadium-Private-3,e5679490-ad47-11f1-85f7-1bad2866657f,70.19387,,,7.2462,,,,,,,437a5b9e-9bac-4067-8f8c-b974482b9e7b,2026-09-10,18:46:11.70,2026-09-10T14:46:11.7064704-04:00,2026-09-10T18:46:11.7064704Z,,v3,643-145989,643-145989,,"Barth, Drew",1000298109,Right,THO_MOR,3859c9f0-4776-46a0-ac0c-1ecbbb2233ff,54.73014,-105.23731,11.14868,5.25797,-0.28713,-15.31992,-2.55431,6.7113,-3.40803,,,,,,,,,,,,,,,,,,,,,,,,,,,,,,,,,,,,,,,,,,,,,,,,,,,High,High,High,,,,,
26,2026-09-10,14:46:42.74,2,1,"Bach, Keeton",1000347728,Right,THO_MOR,"Thompson, Dylan",10077983,Right,THO_MOR,Undefined,1,Bottom,0,0,0,Slider,Curveball,BallCalled,Undefined,Undefined,Undefined,0,0,,74.07884,-1.281717,-4.856507,2025.435964,353.430066,5:45,5.38022,2.63701,5.61331,-55.0731,-3.36406,0.56858,-0.40998,-1.85923,68.80315,-11.229422,-4.755244,0.517553,,,,,,,,,,,,-1.6489,-1.0202,-2.22169,50,5.23411,9.09442,-107.26708,-4.10178,-1.92077,18.59097,-33.36244,THO_MOR,THO_MOR,ThomasMoreStadium,TeamExclusive,Team,20260910-ThomasMoreStadium-Private-3,f7e5c5b0-ad47-11f1-85f7-1bad2866657f,72.82823,,,5.27569,,,,,,,437a5b9e-9bac-4067-8f8c-b974482b9e7b,2026-09-10,18:46:42.74,2026-09-10T14:46:42.7415040-04:00,2026-09-10T18:46:42.7415040Z,,v3,643-145989,643-145989,,"Barth, Drew",1000298109,Right,THO_MOR,47679321-0d86-4635-a6a6-8ed3effa6fa9,54.88837,-108.11099,9.29548,5.38594,-2.58735,-16.68122,-2.63649,9.1816,-0.96039,,,,,,,,,,,,,,,,,,,,,,,,,,,,,,,,,,,,,,,,,,,,,,,,,,,High,High,High,,,,,
27,2026-09-10,14:47:10.21,2,2,"Bach, Keeton",1000347728,Right,THO_MOR,"Thompson, Dylan",10077983,Right,THO_MOR,Undefined,1,Bottom,0,1,0,Slider,Curveball,StrikeCalled,Undefined,Undefined,Undefined,0,0,,72.91727,2.227807,-3.380907,1969.103804,358.227722,6:00,5.25013,2.59294,4.35263,-58.56783,-2.6302,0.13606,2.50257,-0.62938,66.9012,-8.228229,-3.357233,0.538299,,,,,,,,,,,,-1.01398,-1.44099,-2.22957,50,5.43092,6.22559,-105.47495,2.0026,-1.14144,18.06005,-33.79619,THO_MOR,THO_MOR,ThomasMoreStadium,TeamExclusive,Team,20260910-ThomasMoreStadium-Private-3,0860acc0-ad48-11f1-85f7-1bad2866657f,70.02141,,,6.01607,,,,,,,437a5b9e-9bac-4067-8f8c-b974482b9e7b,2026-09-10,18:47:10.21,2026-09-10T14:47:10.2134272-04:00,2026-09-10T18:47:10.2134272Z,,v3,643-145989,643-145989,,"Barth, Drew",1000298109,Right,THO_MOR,04721497-937e-4cc2-8a5c-2b96b864dbb1,56.14718,-106.52231,9.03002,5.25795,3.96254,-16.8981,-2.59253,6.29178,-0.57072,,,,,,,,,,,,,,,,,,,,,,,,,,,,,,,,,,,,,,,,,,,,,,,,,,,High,High,High,,,,,
28,2026-09-10,14:47:28.31,2,3,"Bach, Keeton",1000347728,Right,THO_MOR,"Thompson, Dylan",10077983,Right,THO_MOR,Undefined,1,Bottom,0,1,1,Sinker,Changeup,BallCalled,Undefined,Undefined,Undefined,0,0,,81.61532,0.687921,-2.380812,2002.562309,246.200236,2:15,5.50693,2.29392,5.41219,-33.80112,8.9063,17.1445,3.33524,1.49089,74.65155,-5.540753,0.667223,0.470352,,,,,,,,,,,,-9.26528,4.695,-2.09447,50,5.5447,4.21775,-118.41996,0.28173,-13.16552,22.4716,-25.50268,THO_MOR,THO_MOR,ThomasMoreStadium,TeamExclusive,Team,20260910-ThomasMoreStadium-Private-3,132e5490-ad48-11f1-85f7-1bad2866657f,80.13664,,,6.96377,,,,,,,437a5b9e-9bac-4067-8f8c-b974482b9e7b,2026-09-10,18:47:28.31,2026-09-10T14:47:28.3126272-04:00,2026-09-10T18:47:28.3126272Z,,v3,643-145989,643-145989,,"Barth, Drew",1000298109,Right,THO_MOR,ddcd63e1-f99b-4fcb-a688-9d449a5fdc6a,55.08619,-119.38122,11.2358,5.50932,1.37265,-12.75134,-2.28694,4.78093,-6.58276,,,,,,,,,,,,,,,,,,,,,,,,,,,,,,,,,,,,,,,,,,,,,,,,,,,High,High,High,,,,,
29,2026-09-10,14:47:51.73,2,4,"Bach, Keeton",1000347728,Right,THO_MOR,"Thompson, Dylan",10077983,Right,THO_MOR,Undefined,1,Bottom,0,2,1,Sinker,Changeup,BallCalled,Undefined,Undefined,Undefined,0,0,,82.10976,-0.230238,-3.221852,2076.680742,249.423906,2:15,5.40304,2.58811,5.81276,-33.13266,8.92548,19.8367,2.42756,1.24216,74.38649,-6.399648,0.330073,0.466763,,,,,,,,,,,,-11.08627,5.06457,-2.33569,50,5.36468,5.906,-119.006,-1.53026,-15.72174,25.21158,-24.99183,THO_MOR,THO_MOR,ThomasMoreStadium,TeamExclusive,Team,20260910-ThomasMoreStadium-Private-3,20f89a90-ad48-11f1-85f7-1bad2866657f,80.75284,,,7.72327,,,,,,,437a5b9e-9bac-4067-8f8c-b974482b9e7b,2026-09-10,18:47:51.73,2026-09-10T14:47:51.7313536-04:00,2026-09-10T18:47:51.7313536Z,,v3,643-145989,643-145989,,"Barth, Drew",1000298109,Right,THO_MOR,218779b5-f4d5-4cc6-bae4-9d0d03a71288,54.68457,-119.99433,12.60579,5.40547,-0.55055,-12.49592,-2.57929,6.52231,-7.86087,,,,,,,,,,,,,,,,,,,,,,,,,,,,,,,,,,,,,,,,,,,,,,,,,,,High,High,High,,,,,
30,2026-09-10,14:48:11.41,2,5,"Bach, Keeton",1000347728,Right,THO_MOR,"Thompson, Dylan",10077983,Right,THO_MOR,Undefined,1,Bottom,0,3,1,Slider,Curveball,BallCalled,Walk,Undefined,Undefined,0,0,,73.23014,-0.18093,-4.230027,2011.381246,3.976107,6:15,5.39742,2.59727,4.46324,-60.47598,-4.78327,-0.46295,0.18479,-1.48158,67.24452,-10.934524,-4.310829,0.537119,,,,,,,,,,,,-1.07055,-1.93484,-2.14985,50,5.31917,7.84708,-105.85071,-2.47365,-1.20257,19.73986,-34.34748,THO_MOR,THO_MOR,ThomasMoreStadium,TeamExclusive,Team,20260910-ThomasMoreStadium-Private-3,2cb44be0-ad48-11f1-85f7-1bad2866657f,70.17519,,,5.98562,,,,,,,437a5b9e-9bac-4067-8f8c-b974482b9e7b,2026-09-10,18:48:11.41,2026-09-10T14:48:11.4195456-04:00,2026-09-10T18:48:11.4195456Z,,v3,643-145989,643-145989,,"Barth, Drew",1000298109,Right,THO_MOR,a837dc4c-3b5f-457d-8887-39aa0a460d54,56.03768,-106.97074,9.86993,5.40424,-0.5248,-17.17374,-2.59702,7.91531,-0.60128,,,,,,,,,,,,,,,,,,,,,,,,,,,,,,,,,,,,,,,,,,,,,,,,,,,High,High,High,,,,,
31,2026-09-10,14:48:35.44,3,1,"Bach, Keeton",1000347728,Right,THO_MOR,"O'Donnell, Sean",1000511278,Right,THO_MOR,Undefined,1,Bottom,0,0,0,Slider,Curveball,BallCalled,Undefined,Undefined,Undefined,0,0,,73.71802,1.130198,-3.584526,2055.701854,2.282594,6:00,5.40859,2.57163,4.31071,-61.32165,-5.64933,-0.30606,1.38126,-0.8854,66.86988,-9.812575,-3.637805,0.537021,,,,,,,,,,,,-1.03587,-2.62453,-2.1832,50,5.46863,6.68195,-106.46518,-0.138,-1.16772,21.32151,-35.13264,THO_MOR,THO_MOR,ThomasMoreStadium,TeamExclusive,Team,20260910-ThomasMoreStadium-Private-3,3b08a970-ad48-11f1-85f7-1bad2866657f,70.18805,,,6.84814,,,,,,,437a5b9e-9bac-4067-8f8c-b974482b9e7b,2026-09-10,18:48:35.44,2026-09-10T14:48:35.4431488-04:00,2026-09-10T18:48:35.4431488Z,,v3,643-145989,643-145989,,"Barth, Drew",1000298109,Right,THO_MOR,c6f7d36d-f427-4fec-845b-0f9f0e0c5bf1,56.18799,-107.6973,10.66075,5.41794,1.89224,-17.56632,-2.57128,6.74943,-0.58386,,,,,,,,,,,,,,,,,,,,,,,,,,,,,,,,,,,,,,,,,,,,,,,,,,,High,High,High,,,,,
32,2026-09-10,14:48:58.64,3,2,"Bach, Keeton",1000347728,Right,THO_MOR,"O'Donnell, Sean",1000511278,Right,THO_MOR,Undefined,1,Bottom,0,1,0,Sinker,Changeup,BallCalled,Undefined,Undefined,Undefined,0,0,,81.68022,1.205749,-1.675852,2058.000532,242.00094,2:00,5.46465,2.54355,4.92661,-31.69954,12.0519,19.8871,3.9635,2.61614,74.05068,-4.629748,1.828486,0.476066,,,,,,,,,,,,-10.30351,6.01843,-2.39776,50,5.55638,2.59268,-118.34867,1.37286,-14.50852,24.1002,-23.6994,THO_MOR,THO_MOR,ThomasMoreStadium,TeamExclusive,Team,20260910-ThomasMoreStadium-Private-3,48d8e2e0-ad48-11f1-85f7-1bad2866657f,79.17475,,,7.62954,,,,,,,437a5b9e-9bac-4067-8f8c-b974482b9e7b,2026-09-10,18:48:58.64,2026-09-10T14:48:58.6443776-04:00,2026-09-10T18:48:58.6443776Z,,v3,643-145989,643-145989,,"Barth, Drew",1000298109,Right,THO_MOR,81af4432-8bcf-4b77-a389-9f85ab1a1003,55.57054,-119.47765,12.0501,5.46607,2.48307,-11.8497,-2.53514,3.27233,-7.25426,,,,,,,,,,,,,,,,,,,,,,,,,,,,,,,,,,,,,,,,,,,,,,,,,,,High,High,High,,,,,
33,2026-09-10,14:49:33.50,3,3,"Bach, Keeton",1000347728,Right,THO_MOR,"O'Donnell, Sean",1000511278,Right,THO_MOR,Undefined,1,Bottom,0,2,0,Sinker,Changeup,StrikeCalled,Undefined,Undefined,Undefined,0,0,,81.01981,-1.314287,-3.554085,2052.818073,242.353877,2:00,5.56582,2.32808,5.3458,-30.66486,12.99308,22.04198,1.77502,0.82689,74.02729,-6.972886,0.357626,0.475557,,,,,,,,,,,,-12.14249,7.31319,-2.02428,50,5.42551,6.40061,-117.39146,-3.70669,-16.90317,22.72431,-21.99356,THO_MOR,THO_MOR,ThomasMoreStadium,TeamExclusive,Team,20260910-ThomasMoreStadium-Private-3,5da82ff0-ad48-11f1-85f7-1bad2866657f,79.25949,,,6.99252,,,,,,,437a5b9e-9bac-4067-8f8c-b974482b9e7b,2026-09-10,18:49:33.50,2026-09-10T14:49:33.5054848-04:00,2026-09-10T18:49:33.5054848Z,,v3,643-145989,643-145989,,"Barth, Drew",1000298109,Right,THO_MOR,c6f1fa7f-2727-44ea-835d-5bccd598aba1,55.15378,-118.38491,11.36216,5.56654,-2.74518,-10.99678,-2.32025,7.13957,-8.45158,,,,,,,,,,,,,,,,,,,,,,,,,,,,,,,,,,,,,,,,,,,,,,,,,,,High,High,High,,,,,
34,2026-09-10,14:49:52.33,3,4,"Bach, Keeton",1000347728,Right,THO_MOR,"O'Donnell, Sean",1000511278,Right,THO_MOR,Undefined,1,Bottom,0,2,1,Sinker,Changeup,BallCalled,Undefined,Undefined,Undefined,0,0,,80.14301,0.082188,-3.042865,2063.862883,257.875601,2:30,5.43283,2.39518,5.75175,-38.17242,6.33662,21.84186,2.32841,1.38002,72.25217,-7.006411,0.865793,0.480171,,,,,,,,,,,,-12.04552,3.69697,-2.15566,50,5.4168,5.30149,-116.09519,-1.05177,-16.15059,25.29948,-27.21718,THO_MOR,THO_MOR,ThomasMoreStadium,TeamExclusive,Team,20260910-ThomasMoreStadium-Private-3,68df47f0-ad48-11f1-85f7-1bad2866657f,78.498,,,7.89084,,,,,,,437a5b9e-9bac-4067-8f8c-b974482b9e7b,2026-09-10,18:49:52.33,2026-09-10T14:49:52.3391488-04:00,2026-09-10T18:49:52.3391488Z,,v3,643-145989,643-145989,,"Barth, Drew",1000298109,Right,THO_MOR,be3fe120-41b6-4230-9db9-4b97419d52c2,54.74486,-117.12463,12.64974,5.43707,0.0557,-13.60859,-2.38475,5.95866,-8.0753,,,,,,,,,,,,,,,,,,,,,,,,,,,,,,,,,,,,,,,,,,,,,,,,,,,High,High,High,,,,,
35,2026-09-10,14:50:13.74,3,5,"Bach, Keeton",1000347728,Right,THO_MOR,"O'Donnell, Sean",1000511278,Right,THO_MOR,Undefined,1,Bottom,0,3,1,Sinker,Changeup,StrikeCalled,Undefined,Undefined,Undefined,0,0,,80.93115,-0.637453,-4.046609,2021.042584,243.992327,2:15,5.4565,2.12739,5.29358,-33.62533,10.26634,18.06186,2.05436,-0.1732,73.87971,-6.818885,-0.848254,0.476829,,,,,,,,,,,,-10.28434,5.72713,-1.77271,50,5.37396,7.56191,-117.20017,-2.43835,-14.26412,22.7338,-24.23065,THO_MOR,THO_MOR,ThomasMoreStadium,TeamExclusive,Team,20260910-ThomasMoreStadium-Private-3,75a08260-ad48-11f1-85f7-1bad2866657f,79.04817,,,7.05143,,,,,,,437a5b9e-9bac-4067-8f8c-b974482b9e7b,2026-09-10,18:50:13.74,2026-09-10T14:50:13.7498624-04:00,2026-09-10T18:50:13.7498624Z,,v3,643-145989,643-145989,,"Barth, Drew",1000298109,Right,THO_MOR,e436f74e-4231-4122-9a03-c2607bf3d310,55.20592,-118.20567,11.3669,5.4581,-1.36665,-12.11533,-2.12112,8.19281,-7.13206,,,,,,,,,,,,,,,,,,,,,,,,,,,,,,,,,,,,,,,,,,,,,,,,,,,High,High,High,,,,,
36,2026-09-10,14:50:55.90,3,6,"Bach, Keeton",1000347728,Right,THO_MOR,"O'Donnell, Sean",1000511278,Right,THO_MOR,Undefined,1,Bottom,0,3,2,Slider,Curveball,BallCalled,Walk,Undefined,Undefined,0,0,,71.7824,2.370616,-1.579189,1935.738695,341.363088,5:30,5.21533,2.40959,3.63617,-62.97543,-3.68681,1.89618,2.26394,1.03882,65.7078,-8.743208,-1.252549,0.554188,,,,,,,,,,,,-1.34583,-1.8676,-2.22271,50,5.4224,2.78026,-103.81047,1.87534,-1.4645,17.83246,-34.20636,THO_MOR,THO_MOR,ThomasMoreStadium,TeamExclusive,Team,20260910-ThomasMoreStadium-Private-3,8ef5f3d0-ad48-11f1-85f7-1bad2866657f,68.01382,,,6.0746,,,,,,,437a5b9e-9bac-4067-8f8c-b974482b9e7b,2026-09-10,18:50:55.90,2026-09-10T14:50:55.9044608-04:00,2026-09-10T18:50:55.9044608Z,,v3,643-145989,643-145989,,"Barth, Drew",1000298109,Right,THO_MOR,64c411af-6a08-4ca0-a99b-73cd78f50c48,56.86274,-104.98272,8.91623,5.22521,4.12397,-17.10318,-2.40864,2.87654,-0.73225,,,,,,,,,,,,,,,,,,,,,,,,,,,,,,,,,,,,,,,,,,,,,,,,,,,High,High,High,,,,,
37,2026-09-10,14:51:14.84,4,1,"Bach, Keeton",1000347728,Right,THO_MOR,"Sandhas, Kellen",10067176,Right,THO_MOR,Undefined,1,Bottom,0,0,0,Sinker,Changeup,StrikeCalled,Undefined,Undefined,Undefined,0,0,,82.72427,-0.744724,-4.362109,2046.082611,238.340597,2:00,5.63711,1.91409,5.43694,-29.83254,11.76327,16.9491,2.45164,-0.76612,75.82276,-6.248401,-1.355609,0.46419,,,,,,,,,,,,-9.70504,6.51508,-1.53956,50,5.55054,8.43995,-119.81895,-2.55812,-14.15578,22.42823,-22.67116,THO_MOR,THO_MOR,ThomasMoreStadium,TeamExclusive,Team,20260910-ThomasMoreStadium-Private-3,9a20fde0-ad48-11f1-85f7-1bad2866657f,81.20039,,,6.90151,,,,,,,437a5b9e-9bac-4067-8f8c-b974482b9e7b,2026-09-10,18:51:14.84,2026-09-10T14:51:14.8482048-04:00,2026-09-10T18:51:14.8482048Z,,v3,643-145989,643-145989,,"Barth, Drew",1000298109,Right,THO_MOR,74eba5b0-d9c6-4e7f-b6e9-cbdb833f09a0,55.06177,-120.76272,11.21411,5.63811,-1.60414,-11.33558,-1.90724,9.03561,-7.07789,,,,,,,,,,,,,,,,,,,,,,,,,,,,,,,,,,,,,,,,,,,,,,,,,,,High,High,High,,,,,
38,2026-09-10,14:56:57.29,1,1,"Snider, Cameron",1000511269,Right,THO_MOR,"Bosio, Theodore",1000511279,Right,THO_MOR,Undefined,2,Top,0,0,0,Fastball,Changeup,BallCalled,Undefined,Undefined,Undefined,0,0,,82.33089,0.032462,-2.307121,2223.818851,222.388489,1:30,5.4725,1.05752,7.05096,-25.32434,14.21666,11.8067,3.39164,-0.05514,75.05746,-4.830186,-0.142571,0.45258,,,,,,,,,,,,-6.9602,7.98331,-0.9212,50,5.46595,4.42822,-119.70974,-0.51884,-10.05452,24.08029,-20.64159,THO_MOR,THO_MOR,ThomasMoreStadium,TeamExclusive,Team,20260910-ThomasMoreStadium-Private-3,664a28b0-ad49-11f1-85f7-1bad2866657f,83.28348,,,7.27343,,,,,,,437a5b9e-9bac-4067-8f8c-b974482b9e7b,2026-09-10,18:56:57.29,2026-09-10T14:56:57.2977152-04:00,2026-09-10T18:56:57.2977152Z,,v3,643-145989,643-145989,,"Barth, Drew",1000298109,Right,THO_MOR,770956f7-a9c5-4b7c-92b8-f853c24b8a5e,53.44615,-120.40096,12.04014,5.47234,0.07367,-10.3208,-1.05245,4.71683,-5.02726,,,,,,,,,,,,,,,,,,,,,,,,,,,,,,,,,,,,,,,,,,,,,,,,,,,High,High,High,,,,,
39,2026-09-10,14:57:17.39,1,2,"Snider, Cameron",1000511269,Right,THO_MOR,"Bosio, Theodore",1000511279,Right,THO_MOR,Undefined,2,Top,0,1,0,Curveball,Curveball,BallCalled,Undefined,Undefined,Undefined,0,0,,72.8028,3.539281,-0.662214,2709.355116,74.247193,8:30,5.24706,1.58292,4.291,-56.73566,-0.86295,-8.94949,3.90864,0.20375,66.89092,-6.603711,-2.219869,0.537986,,,,,,,,,,,,4.14504,-0.85886,-1.5013,50,5.5734,1.58647,-105.41594,4.46272,4.68987,16.99836,-33.1458,THO_MOR,THO_MOR,ThomasMoreStadium,TeamExclusive,Team,20260910-ThomasMoreStadium-Private-3,72317de0-ad49-11f1-85f7-1bad2866657f,70.06207,,,5.91188,,,,,,,437a5b9e-9bac-4067-8f8c-b974482b9e7b,2026-09-10,18:57:17.39,2026-09-10T14:57:17.3945856-04:00,2026-09-10T18:57:17.3945856Z,,v3,643-145989,643-145989,,"Barth, Drew",1000298109,Right,THO_MOR,49c200ad-cd8d-4e21-a8e6-da20da369125,56.20863,-106.41238,8.49918,5.25485,6.40571,-16.5729,-1.58624,1.31155,2.34493,,,,,,,,,,,,,,,,,,,,,,,,,,,,,,,,,,,,,,,,,,,,,,,,,,,High,High,High,,,,,
40,2026-09-10,14:58:14.90,1,3,"Snider, Cameron",1000511269,Right,THO_MOR,"Bosio, Theodore",1000511279,Right,THO_MOR,Undefined,2,Top,0,2,0,Fastball,Changeup,BallCalled,Undefined,Undefined,Undefined,0,0,,83.70353,0.253658,-0.313639,2074.044274,223.728509,1:30,5.27571,1.31483,5.17869,-27.54025,13.82024,11.84591,3.21937,2.00688,75.73842,-4.861652,1.784597,0.462876,,,,,,,,,,,,-5.95713,7.22697,-1.29492,50,5.27894,0.13981,-121.31708,-0.4029,-8.78783,25.98687,-21.51297,THO_MOR,THO_MOR,ThomasMoreStadium,TeamExclusive,Team,20260910-ThomasMoreStadium-Private-3,946e23e0-ad49-11f1-85f7-1bad2866657f,81.43104,,,7.96511,,,,,,,437a5b9e-9bac-4067-8f8c-b974482b9e7b,2026-09-10,18:58:14.90,2026-09-10T14:58:14.9023232-04:00,2026-09-10T18:58:14.9023232Z,,v3,643-145989,643-145989,,"Barth, Drew",1000298109,Right,THO_MOR,12b37906-4cfd-4531-9773-278048c0858b,55.31589,-122.45049,12.99344,5.27605,0.53537,-10.75649,-1.30938,0.52309,-4.39392,,,,,,,,,,,,,,,,,,,,,,,,,,,,,,,,,,,,,,,,,,,,,,,,,,,High,High,High,,,,,
41,2026-09-10,14:58:52.74,1,4,"Snider, Cameron",1000511269,Right,THO_MOR,"Bosio, Theodore",1000511279,Right,THO_MOR,Undefined,2,Top,0,3,0,Slider,Curveball,StrikeCalled,Undefined,Undefined,Undefined,0,0,,74.5024,1.999516,-0.734342,2468.910526,96.244632,9:15,4.70096,1.79525,4.82744,-50.4829,2.07563,-3.5378,2.38862,0.80493,68.12001,-7.143431,-1.356987,0.521787,,,,,,,,,,,,1.52602,0.97461,-1.71926,50,4.85599,1.5266,-107.97633,2.02241,1.79739,19.20906,-31.02611,THO_MOR,THO_MOR,ThomasMoreStadium,TeamExclusive,Team,20260910-ThomasMoreStadium-Private-3,ab038af0-ad49-11f1-85f7-1bad2866657f,72.23723,,,6.38239,,,,,,,437a5b9e-9bac-4067-8f8c-b974482b9e7b,2026-09-10,18:58:52.74,2026-09-10T14:58:52.7494144-04:00,2026-09-10T18:58:52.7494144Z,,v3,643-145989,643-145989,,"Barth, Drew",1000298109,Right,THO_MOR,ab2cc3f9-2b7e-4e94-863f-ffc5a121f464,55.66984,-108.98033,9.60453,4.70791,3.64406,-15.51305,-1.7966,1.43265,0.89869,,,,,,,,,,,,,,,,,,,,,,,,,,,,,,,,,,,,,,,,,,,,,,,,,,,High,High,High,,,,,
42,2026-09-10,14:59:09.85,1,5,"Snider, Cameron",1000511269,Right,THO_MOR,"Bosio, Theodore",1000511279,Right,THO_MOR,Undefined,2,Top,0,3,1,Slider,Curveball,BallCalled,Walk,Undefined,Undefined,0,0,,71.90598,0.025496,-1.11895,2787.10286,88.119981,9:00,5.23649,1.49494,5.28425,-54.12877,1.83366,-4.055,0.74971,0.10612,65.61395,-9.83238,-1.840088,0.538418,,,,,,,,,,,,1.69197,1.40213,-1.3898,50,5.19912,2.18234,-104.25283,-1.63611,1.8356,19.85667,-30.65289,THO_MOR,THO_MOR,ThomasMoreStadium,TeamExclusive,Team,20260910-ThomasMoreStadium-Private-3,b53540e0-ad49-11f1-85f7-1bad2866657f,70.00588,,,6.29204,,,,,,,437a5b9e-9bac-4067-8f8c-b974482b9e7b,2026-09-10,18:59:09.85,2026-09-10T14:59:09.8593792-04:00,2026-09-10T18:59:09.8593792Z,,v3,643-145989,643-145989,,"Barth, Drew",1000298109,Right,THO_MOR,9633b0d2-83d4-4255-85f3-c4eef006e7bb,55.21408,-105.24125,9.92833,5.24259,-0.11028,-15.32644,-1.49615,2.09097,0.9178,,,,,,,,,,,,,,,,,,,,,,,,,,,,,,,,,,,,,,,,,,,,,,,,,,,High,High,High,,,,,
43,2026-09-10,14:59:27.11,2,1,"Snider, Cameron",1000511269,Right,THO_MOR,"Geers, Jackson",1000511277,Right,THO_MOR,Undefined,2,Top,0,0,0,Fastball,Changeup,StrikeCalled,Undefined,Undefined,Undefined,0,0,,84.60389,-0.903007,-1.84636,2467.847579,225.580927,1:30,5.33448,1.14494,4.83504,-24.96304,15.83958,14.77158,2.39864,0.62695,77.00982,-5.510184,0.753106,0.459743,,,,,,,,,,,,-7.82166,8.45949,-0.9756,50,5.2244,3.28433,-122.59897,-2.82475,-11.85703,25.14054,-19.35009,THO_MOR,THO_MOR,ThomasMoreStadium,TeamExclusive,Team,20260910-ThomasMoreStadium-Private-3,bf75eaf0-ad49-11f1-85f7-1bad2866657f,81.98584,,,7.59408,,,,,,,437a5b9e-9bac-4067-8f8c-b974482b9e7b,2026-09-10,18:59:27.11,2026-09-10T14:59:27.1175168-04:00,2026-09-10T18:59:27.1175168Z,,v3,643-145989,643-145989,,"Barth, Drew",1000298109,Right,THO_MOR,648a840e-5967-411f-a5b9-dcb23e74d2d3,55.66224,-123.75464,12.57027,5.33381,-1.93526,-9.67505,-1.1391,3.82938,-5.92852,,,,,,,,,,,,,,,,,,,,,,,,,,,,,,,,,,,,,,,,,,,,,,,,,,,High,High,High,,,,,
44,2026-09-10,14:59:50.12,2,2,"Snider, Cameron",1000511269,Right,THO_MOR,"Geers, Jackson",1000511277,Right,THO_MOR,Undefined,2,Top,0,0,1,ChangeUp,Changeup,BallCalled,Undefined,Undefined,Undefined,0,0,,73.01984,-0.59455,-3.917454,1722.701388,263.985663,2:45,4.82359,1.93772,5.84318,-49.02845,3.63571,18.49399,0.18405,-0.16738,67.27583,-9.589468,-0.602519,0.522311,,,,,,,,,,,,-10.72331,2.41122,-1.63,50,4.74575,6.63871,-105.91006,-2.5109,-12.1584,18.38566,-29.44015,THO_MOR,THO_MOR,ThomasMoreStadium,TeamExclusive,Team,20260910-ThomasMoreStadium-Private-3,cd349830-ad49-11f1-85f7-1bad2866657f,72.16477,,,5.744,,,,,,,437a5b9e-9bac-4067-8f8c-b974482b9e7b,2026-09-10,18:59:50.12,2026-09-10T14:59:50.1205504-04:00,2026-09-10T18:59:50.1205504Z,,v3,643-145989,643-145989,,"Barth, Drew",1000298109,Right,THO_MOR,1aee9e67-1ec3-4a4f-84b4-3d5288851c1c,54.65845,-106.71569,9.19283,4.82752,-1.22088,-14.72008,-1.93257,7.17147,-6.0792,,,,,,,,,,,,,,,,,,,,,,,,,,,,,,,,,,,,,,,,,,,,,,,,,,,High,High,High,,,,,
45,2026-09-10,15:00:19.52,2,3,"Snider, Cameron",1000511269,Right,THO_MOR,"Geers, Jackson",1000511277,Right,THO_MOR,Undefined,2,Top,0,1,1,Fastball,Changeup,BallCalled,Undefined,Undefined,Undefined,0,0,,82.816,1.053024,-0.661574,2306.383058,227.020109,1:30,5.37215,0.99853,6.33581,-24.60218,16.13635,15.71792,4.29168,1.69921,74.33716,-3.663374,2.182268,0.459382,,,,,,,,,,,,-8.2654,8.45221,-0.95661,50,5.43715,0.76847,-120.13963,1.56465,-11.85443,27.33331,-20.05168,THO_MOR,THO_MOR,ThomasMoreStadium,TeamExclusive,Team,20260910-ThomasMoreStadium-Private-3,deb6dd20-ad49-11f1-85f7-1bad2866657f,82.05027,,,8.47884,,,,,,,437a5b9e-9bac-4067-8f8c-b974482b9e7b,2026-09-10,19:00:19.52,2026-09-10T15:00:19.5255296-04:00,2026-09-10T19:00:19.5255296Z,,v3,643-145989,643-145989,,"Barth, Drew",1000298109,Right,THO_MOR,32f0cc12-d946-4c06-9b19-d65612490899,54.15699,-121.0817,13.66665,5.37132,2.25575,-10.02584,-0.99014,1.17705,-5.92721,,,,,,,,,,,,,,,,,,,,,,,,,,,,,,,,,,,,,,,,,,,,,,,,,,,High,High,High,,,,,
46,2026-09-10,15:01:03.52,2,4,"Snider, Cameron",1000511269,Right,THO_MOR,"Geers, Jackson",1000511277,Right,THO_MOR,Undefined,2,Top,0,2,1,Sinker,Changeup,StrikeCalled,Undefined,Undefined,Undefined,0,0,,83.47031,-1.666278,-3.28715,2393.453286,227.680732,1:30,5.37324,1.27502,5.63616,-22.273,18.71139,18.94871,1.95964,-0.21598,75.57372,-5.8735,0.092416,0.460766,,,,,,,,,,,,-10.56804,10.40646,-1.00755,50,5.21743,6.15383,-120.8715,-4.17942,-15.48136,25.71324,-16.92937,THO_MOR,THO_MOR,ThomasMoreStadium,TeamExclusive,Team,20260910-ThomasMoreStadium-Private-3,f8eb63f0-ad49-11f1-85f7-1bad2866657f,81.80382,,,7.89659,,,,,,,437a5b9e-9bac-4067-8f8c-b974482b9e7b,2026-09-10,19:01:03.52,2026-09-10T15:01:03.5266560-04:00,2026-09-10T19:01:03.5266560Z,,v3,643-145989,643-145989,,"Barth, Drew",1000298109,Right,THO_MOR,111fd9b8-5273-4ea8-ace1-988420ec0850,54.86023,-121.90104,12.85662,5.3712,-3.50158,-8.46469,-1.26635,6.7737,-7.74068,,,,,,,,,,,,,,,,,,,,,,,,,,,,,,,,,,,,,,,,,,,,,,,,,,,High,High,High,,,,,
47,2026-09-10,15:01:20.88,2,5,"Snider, Cameron",1000511269,Right,THO_MOR,"Geers, Jackson",1000511277,Right,THO_MOR,Undefined,2,Top,0,2,2,Slider,Curveball,BallCalled,Undefined,Undefined,Undefined,0,0,,70.774,3.235883,1.73849,2338.341053,108.890892,9:45,5.49536,1.34921,,-48.36833,3.27122,-8.0063,4.45212,2.28508,68.97791,-5.574008,0.293302,0.517205,,,,,,,,,,,,4.36429,1.62547,-1.47363,50.00017,5.70981,-2.90765,-103.33209,4.57273,5.05672,5.58414,-30.29066,THO_MOR,THO_MOR,ThomasMoreStadium,TeamExclusive,Team,20260910-ThomasMoreStadium-Private-3,035519d0-ad4a-11f1-85f7-1bad2866657f,72.87719,,,1.79609,,,,,,,437a5b9e-9bac-4067-8f8c-b974482b9e7b,2026-09-10,19:01:20.88,2026-09-10T15:01:20.8827904-04:00,2026-09-10T19:01:20.8827904Z,,v3,643-145989,643-145989,,"Barth, Drew",1000298109,Right,THO_MOR,d2bb316c-167f-42a2-b653-37bd56197e1b,54.23191,-103.56052,2.79207,5.49741,5.81184,-15.14533,-1.35046,-3.11451,2.52836,,,,,,,,,,,,,,,,,,,,,,,,,,,,,,,,,,,,,,,,,,,,,,,,,,,High,High,High,,,,,
48,2026-09-10,15:02:17.71,2,6,"Snider, Cameron",1000511269,Right,THO_MOR,"Geers, Jackson",1000511277,Right,THO_MOR,Undefined,2,Top,0,3,2,Sinker,Changeup,BallCalled,Walk,Undefined,Undefined,0,0,,83.6312,1.239537,-0.007039,2240.446554,228.135827,1:30,5.48151,0.95679,5.44633,-25.70891,15.08198,15.35288,4.49979,2.2296,76.02391,-3.565201,2.724374,0.459677,,,,,,,,,,,,-7.69178,7.62012,-0.9669,50,5.57363,-0.63816,-121.33481,1.79627,-11.41335,24.77156,-20.86705,THO_MOR,THO_MOR,ThomasMoreStadium,TeamExclusive,Team,20260910-ThomasMoreStadium-Private-3,25448a30-ad4a-11f1-85f7-1bad2866657f,81.99762,,,7.60729,,,,,,,437a5b9e-9bac-4067-8f8c-b974482b9e7b,2026-09-10,19:02:17.71,2026-09-10T15:02:17.7152000-04:00,2026-09-10T19:02:17.7152000Z,,v3,643-145989,643-145989,,"Barth, Drew",1000298109,Right,THO_MOR,cfa114e3-c97b-46da-beb9-882c0002761b,55.04991,-122.36145,12.38578,5.48126,2.66109,-10.43352,-0.95026,-0.16514,-5.70667,,,,,,,,,,,,,,,,,,,,,,,,,,,,,,,,,,,,,,,,,,,,,,,,,,,High,High,High,,,,,
49,2026-09-10,15:02:34.69,3,1,"Snider, Cameron",1000511269,Right,THO_MOR,"Harrison, Will",1000511280,Right,THO_MOR,Undefined,2,Top,0,0,0,Fastball,Changeup,StrikeCalled,Undefined,Undefined,Undefined,0,0,,83.58818,-1.1053,-3.188418,2313.076023,227.437489,1:30,5.41305,0.98444,4.71003,-26.00143,16.09863,15.97194,2.19547,-0.71381,76.0194,-5.889893,-0.388021,0.466995,,,,,,,,,,,,-8.72371,8.61937,-0.67668,50,5.27867,6.00702,-120.95676,-3.27176,-12.87469,24.43544,-19.45334,THO_MOR,THO_MOR,ThomasMoreStadium,TeamExclusive,Team,20260910-ThomasMoreStadium-Private-3,2f568320-ad4a-11f1-85f7-1bad2866657f,80.71264,,,7.56878,,,,,,,437a5b9e-9bac-4067-8f8c-b974482b9e7b,2026-09-10,19:02:34.69,2026-09-10T15:02:34.6962432-04:00,2026-09-10T19:02:34.6962432Z,,v3,643-145989,643-145989,,"Barth, Drew",1000298109,Right,THO_MOR,39eb425b-aa7f-4bec-ba92-6268658ea8bb,55.78639,-122.12012,12.21772,5.41239,-2.3456,-9.72667,-0.97726,6.61997,-6.43734,,,,,,,,,,,,,,,,,,,,,,,,,,,,,,,,,,,,,,,,,,,,,,,,,,,High,High,High,,,,,
50,2026-09-10,15:02:57.91,3,2,"Snider, Cameron",1000511269,Right,THO_MOR,"Harrison, Will",1000511280,Right,THO_MOR,Undefined,2,Top,0,0,1,Sinker,Changeup,BallCalled,Undefined,Undefined,Undefined,0,0,,81.658,-0.392436,-2.983408,2101.260618,255.663722,2:30,4.77348,2.08965,5.72987,-36.06608,6.20752,18.93351,1.402,0.88649,74.71657,-7.048565,0.404491,0.467957,,,,,,,,,,,,-10.56359,3.64906,-1.8529,50,4.71842,5.44342,-118.49533,-1.98408,-14.97967,23.20236,-26.99953,THO_MOR,THO_MOR,ThomasMoreStadium,TeamExclusive,Team,20260910-ThomasMoreStadium-Private-3,3d0fd930-ad4a-11f1-85f7-1bad2866657f,80.54681,,,6.94143,,,,,,,437a5b9e-9bac-4067-8f8c-b974482b9e7b,2026-09-10,19:02:57.91,2026-09-10T15:02:57.9145728-04:00,2026-09-10T19:02:57.9145728Z,,v3,643-145989,643-145989,,"Barth, Drew",1000298109,Right,THO_MOR,f79218b6-2732-47d1-82ef-865d4feabf70,54.77023,-119.42572,11.60118,4.77627,-0.90142,-13.49977,-2.08323,6.04409,-7.48983,,,,,,,,,,,,,,,,,,,,,,,,,,,,,,,,,,,,,,,,,,,,,,,,,,,High,High,High,,,,,
51,2026-09-10,15:03:18.14,3,3,"Snider, Cameron",1000511269,Right,THO_MOR,"Harrison, Will",1000511280,Right,THO_MOR,Undefined,2,Top,0,1,1,Slider,Curveball,BallCalled,Undefined,Undefined,Undefined,0,0,,73.14357,0.085682,-1.69967,2298.312578,101.345545,9:30,5.20058,1.47341,5.75442,-50.02959,2.57764,-4.50575,1.11124,-0.4847,67.32168,-9.087499,-2.507082,0.522028,,,,,,,,,,,,1.82866,1.71606,-1.32954,50,5.17691,3.30609,-106.22032,-1.31433,2.08113,18.85549,-30.22108,THO_MOR,THO_MOR,ThomasMoreStadium,TeamExclusive,Team,20260910-ThomasMoreStadium-Private-3,4927b440-ad4a-11f1-85f7-1bad2866657f,72.20382,,,5.82189,,,,,,,437a5b9e-9bac-4067-8f8c-b974482b9e7b,2026-09-10,19:03:18.14,2026-09-10T15:03:18.1402624-04:00,2026-09-10T19:03:18.1402624Z,,v3,643-145989,643-145989,,"Barth, Drew",1000298109,Right,THO_MOR,2ee32308-a3e1-42e4-9230-f7efa179cdec,54.74525,-107.05934,9.42775,5.20547,0.03044,-15.11054,-1.47459,3.21349,1.04056,,,,,,,,,,,,,,,,,,,,,,,,,,,,,,,,,,,,,,,,,,,,,,,,,,,High,High,High,,,,,
52,2026-09-10,15:03:36.54,3,4,"Snider, Cameron",1000511269,Right,THO_MOR,"Harrison, Will",1000511280,Right,THO_MOR,Undefined,2,Top,0,2,1,Slider,Slider,BallCalled,Undefined,Undefined,Undefined,0,0,,75.60231,2.942955,-0.763563,2115.181255,105.402509,9:30,4.72271,1.85412,5.49969,-47.51518,2.71559,-3.57921,3.51838,0.84164,68.39457,-5.8103,-1.400702,0.510101,,,,,,,,,,,,1.55264,1.01158,-1.78497,50,4.9485,1.59806,-109.49736,4.10992,1.86434,21.31557,-30.95938,THO_MOR,THO_MOR,ThomasMoreStadium,TeamExclusive,Team,20260910-ThomasMoreStadium-Private-3,541fc770-ad4a-11f1-85f7-1bad2866657f,73.89206,,,7.20774,,,,,,,437a5b9e-9bac-4067-8f8c-b974482b9e7b,2026-09-10,19:03:36.54,2026-09-10T15:03:36.5487616-04:00,2026-09-10T19:03:36.5487616Z,,v3,643-145989,643-145989,,"Barth, Drew",1000298109,Right,THO_MOR,4a63163e-7a23-4b6f-853e-be3920d00632,54.99582,-110.4656,10.65779,4.72987,5.51623,-15.47969,-1.85564,1.51337,0.93217,,,,,,,,,,,,,,,,,,,,,,,,,,,,,,,,,,,,,,,,,,,,,,,,,,,High,High,High,,,,,
53,2026-09-10,15:04:48.32,3,5,"Snider, Cameron",1000511269,Right,THO_MOR,"Harrison, Will",1000511280,Right,THO_MOR,Undefined,2,Top,0,3,1,ChangeUp,Changeup,BallCalled,Walk,Undefined,Undefined,0,0,,72.01568,-2.561733,-4.024386,1486.892931,249.516273,2:15,4.6399,1.95104,6.34533,-44.91743,8.90945,18.65958,-1.46885,-0.20478,65.85939,-10.895684,-0.645419,0.528045,,,,,,,,,,,,-11.30434,5.88307,-1.66776,50,4.43178,6.7847,-104.32026,-5.80932,-12.26992,20.01154,-25.78846,THO_MOR,THO_MOR,ThomasMoreStadium,TeamExclusive,Team,20260910-ThomasMoreStadium-Private-3,7eed44a0-ad4a-11f1-85f7-1bad2866657f,71.3811,,,6.15628,,,,,,,437a5b9e-9bac-4067-8f8c-b974482b9e7b,2026-09-10,19:04:48.32,2026-09-10T15:04:48.3211264-04:00,2026-09-10T19:04:48.3211264Z,,v3,643-145989,643-145989,,"Barth, Drew",1000298109,Right,THO_MOR,f829293b-482a-4b05-97ed-a930ed086bc5,54.15605,-105.11449,10.00577,4.64203,-4.78582,-12.89423,-1.9467,7.27168,-6.13496,,,,,,,,,,,,,,,,,,,,,,,,,,,,,,,,,,,,,,,,,,,,,,,,,,,High,High,High,,,,,
54,2026-09-10,15:05:23.88,4,1,"Snider, Cameron",1000511269,Right,THO_MOR,"Cunningham, Ty",1000302641,Left,THO_MOR,Undefined,2,Top,0,0,0,ChangeUp,Changeup,BallCalled,Undefined,Undefined,Undefined,0,0,,71.76597,-2.588057,-3.934978,1559.380294,267.839065,3:00,4.91996,1.61202,6.24722,-51.82853,2.58252,17.24883,-1.79324,-0.58541,65.87423,-12.118097,-0.812587,0.530903,,,,,,,,,,,,-10.51087,2.47977,-1.32826,50,4.70083,6.63682,-103.96637,-6.05948,-11.32606,19.95134,-29.50194,THO_MOR,THO_MOR,ThomasMoreStadium,TeamExclusive,Team,20260910-ThomasMoreStadium-Private-3,941b2c70-ad4a-11f1-85f7-1bad2866657f,70.99688,,,5.89175,,,,,,,437a5b9e-9bac-4067-8f8c-b974482b9e7b,2026-09-10,19:05:23.88,2026-09-10T15:05:23.8849024-04:00,2026-09-10T19:05:23.8849024Z,,v3,643-145989,643-145989,,"Barth, Drew",1000298109,Right,THO_MOR,72e60fec-a170-484e-bf1a-0a9abb009012,54.25489,-104.77971,9.97567,4.92334,-4.85679,-14.75097,-1.60823,7.09854,-5.66303,,,,,,,,,,,,,,,,,,,,,,,,,,,,,,,,,,,,,,,,,,,,,,,,,,,High,High,High,,,,,
55,2026-09-10,15:05:59.94,4,2,"Snider, Cameron",1000511269,Right,THO_MOR,"Cunningham, Ty",1000302641,Left,THO_MOR,Undefined,2,Top,0,1,0,Sinker,Changeup,BallCalled,Undefined,Undefined,Undefined,0,0,,82.09383,-0.623718,-1.045178,2158.816592,234.142307,1:45,5.29817,1.21006,4.94492,-30.10124,12.77733,15.8191,2.2002,1.54052,75.28242,-6.13551,1.746057,0.471293,,,,,,,,,,,,-8.08441,6.89504,-1.12225,50,5.2132,1.48232,-119.10551,-2.36566,-11.63707,22.43563,-22.24898,THO_MOR,THO_MOR,ThomasMoreStadium,TeamExclusive,Team,20260910-ThomasMoreStadium-Private-3,a9978260-ad4a-11f1-85f7-1bad2866657f,79.97658,,,6.8114,,,,,,,437a5b9e-9bac-4067-8f8c-b974482b9e7b,2026-09-10,19:05:59.94,2026-09-10T15:05:59.9444992-04:00,2026-09-10T19:05:59.9444992Z,,v3,643-145989,643-145989,,"Barth, Drew",1000298109,Right,THO_MOR,d1493491-cf3f-4a40-91db-61a0d922963e,55.55251,-120.14687,11.21782,5.29904,-1.33296,-11.12449,-1.20359,2.02246,-5.81854,,,,,,,,,,,,,,,,,,,,,,,,,,,,,,,,,,,,,,,,,,,,,,,,,,,High,High,High,,,,,
56,2026-09-10,15:15:42.42,1,1,"Cones, Logan",10087159,Right,THO_MOR,"Sandhas, Kellen",10067176,Right,THO_MOR,Undefined,2,Bottom,0,0,0,Sinker,Changeup,StrikeCalled,Undefined,Undefined,Undefined,0,0,,83.56907,-0.443641,-3.157444,2207.70311,233.799642,1:45,5.64039,1.66718,5.9387,-28.89943,10.76949,13.12635,2.81993,-0.17094,77.05376,-5.813644,-0.802701,0.453311,,,,,,,,,,,,-7.53426,6.00154,-1.42261,50,5.58858,6.18242,-121.36212,-1.84604,-11.33266,21.85584,-23.14681,THO_MOR,THO_MOR,ThomasMoreStadium,TeamExclusive,Team,20260910-ThomasMoreStadium-Private-3,04e2d3d0-ad4c-11f1-85f7-1bad2866657f,83.14913,,,6.51532,,,,,,,437a5b9e-9bac-4067-8f8c-b974482b9e7b,2026-09-10,19:15:42.42,2026-09-10T15:15:42.4247296-04:00,2026-09-10T19:15:42.4247296Z,,v3,643-145989,643-145989,,"Barth, Drew",1000298109,Right,THO_MOR,48cf17bf-b0cc-4db8-b18e-906b8a882fa6,54.56033,-122.18061,10.92792,5.64149,-0.97919,-11.57341,-1.66209,6.60683,-5.66633,,,,,,,,,,,,,,,,,,,,,,,,,,,,,,,,,,,,,,,,,,,,,,,,,,,High,High,High,,,,,
57,2026-09-10,15:16:11.95,1,2,"Cones, Logan",10087159,Right,THO_MOR,"Sandhas, Kellen",10067176,Right,THO_MOR,Undefined,2,Bottom,0,0,1,Sweeper,Curveball,BallCalled,Undefined,Undefined,Undefined,0,0,,72.50084,0.113766,-0.925364,2409.223001,86.178114,8:45,5.25842,2.00504,5.20606,-53.59334,0.83744,-12.29316,0.89931,0.11029,67.0799,-9.583203,-3.107578,0.530999,,,,,,,,,,,,5.94177,0.81488,-1.9096,50,5.2282,2.14638,-105.28782,-1.49965,6.67261,17.80446,-31.25891,THO_MOR,THO_MOR,ThomasMoreStadium,TeamExclusive,Team,20260910-ThomasMoreStadium-Private-3,16662a30-ad4c-11f1-85f7-1bad2866657f,70.98402,,,5.42093,,,,,,,437a5b9e-9bac-4067-8f8c-b974482b9e7b,2026-09-10,19:16:11.95,2026-09-10T15:16:11.9599104-04:00,2026-09-10T19:16:11.9599104Z,,v3,643-145989,643-145989,,"Barth, Drew",1000298109,Right,THO_MOR,c5c3603b-bb02-432a-8035-ba6fd8b640df,55.29452,-106.17937,8.90223,5.2641,0.06561,-15.62946,-2.00872,1.81225,3.33631,,,,,,,,,,,,,,,,,,,,,,,,,,,,,,,,,,,,,,,,,,,,,,,,,,,High,High,High,,,,,
58,2026-09-10,15:16:43.88,1,3,"Cones, Logan",10087159,Right,THO_MOR,"Sandhas, Kellen",10067176,Right,THO_MOR,Undefined,2,Bottom,0,1,1,Fastball,Changeup,BallCalled,Undefined,Undefined,Undefined,0,0,,83.99541,-2.290038,-0.506416,2218.236744,218.912324,1:15,5.75747,1.64505,5.62035,-23.34592,16.58965,12.38217,1.67366,2.20429,77.17506,-6.637092,1.706223,0.454832,,,,,,,,,,,,-6.41453,9.41693,-1.60998,50,5.54721,0.57029,-121.92276,-5.60544,-9.67913,23.42132,-17.96448,THO_MOR,THO_MOR,ThomasMoreStadium,TeamExclusive,Team,20260910-ThomasMoreStadium-Private-3,29792140-ad4c-11f1-85f7-1bad2866657f,82.87105,,,6.82034,,,,,,,437a5b9e-9bac-4067-8f8c-b974482b9e7b,2026-09-10,19:16:43.88,2026-09-10T15:16:43.8898688-04:00,2026-09-10T19:16:43.8898688Z,,v3,643-145989,643-145989,,"Barth, Drew",1000298109,Right,THO_MOR,28321700-877a-49fa-983f-7da0112eb4e9,54.87739,-122.85613,11.71066,5.75633,-4.88953,-8.98224,-1.64039,0.95601,-4.83957,,,,,,,,,,,,,,,,,,,,,,,,,,,,,,,,,,,,,,,,,,,,,,,,,,,High,High,High,,,,,
59,2026-09-10,15:17:14.22,1,4,"Cones, Logan",10087159,Right,THO_MOR,"Sandhas, Kellen",10067176,Right,THO_MOR,Undefined,2,Bottom,0,2,1,ChangeUp,Splitter,BallCalled,Undefined,Undefined,Undefined,0,0,,75.91385,-0.746749,-2.999717,893.587164,231.764473,1:45,5.34783,1.89925,5.60903,-43.51534,5.70603,5.21237,1.02354,-0.46891,69.7024,-8.720967,-2.069368,0.50495,,,,,,,,,,,,-3.53886,3.52721,-1.64619,50,5.25561,5.58082,-110.09285,-2.78062,-4.32661,20.24681,-27.86167,THO_MOR,THO_MOR,ThomasMoreStadium,TeamExclusive,Team,20260910-ThomasMoreStadium-Private-3,3b82bea0-ad4c-11f1-85f7-1bad2866657f,74.64589,,,6.21145,,,,,,,437a5b9e-9bac-4067-8f8c-b974482b9e7b,2026-09-10,19:17:14.22,2026-09-10T15:17:14.2252032-04:00,2026-09-10T19:17:14.2252032Z,,v3,643-145989,643-145989,,"Barth, Drew",1000298109,Right,THO_MOR,c4defedb-b4ae-4331-81bf-101e72cd0383,54.89019,-110.98854,10.12341,5.35136,-1.54805,-13.93083,-1.89732,5.77222,-2.1633,,,,,,,,,,,,,,,,,,,,,,,,,,,,,,,,,,,,,,,,,,,,,,,,,,,High,High,High,,,,,
60,2026-09-10,15:17:39.43,1,5,"Cones, Logan",10087159,Right,THO_MOR,"Sandhas, Kellen",10067176,Right,THO_MOR,Undefined,2,Bottom,0,3,1,Fastball,Changeup,BallCalled,Walk,Undefined,Undefined,0,0,,83.24711,0.29433,-0.817256,2093.948083,227.315291,1:30,5.45251,1.86061,5.8709,-27.77647,12.30847,12.05784,3.41122,2.10628,76.54219,-4.884244,1.346352,0.455682,,,,,,,,,,,,-6.38418,6.58989,-1.8015,50,5.46017,1.25198,-121.01268,-0.24153,-9.51895,22.39803,-22.34839,THO_MOR,THO_MOR,ThomasMoreStadium,TeamExclusive,Team,20260910-ThomasMoreStadium-Private-3,4a83afe0-ad4c-11f1-85f7-1bad2866657f,82.7165,,,6.70491,,,,,,,437a5b9e-9bac-4067-8f8c-b974482b9e7b,2026-09-10,19:17:39.43,2026-09-10T15:17:39.4349056-04:00,2026-09-10T19:17:39.4349056Z,,v3,643-145989,643-145989,,"Barth, Drew",1000298109,Right,THO_MOR,a150ed45-344b-4107-83e7-7d7142f788cb,54.62749,-121.86616,11.19902,5.45315,0.61006,-11.1742,-1.85612,1.6147,-4.75948,,,,,,,,,,,,,,,,,,,,,,,,,,,,,,,,,,,,,,,,,,,,,,,,,,,High,High,High,,,,,
61,2026-09-10,15:18:11.81,2,1,"Cones, Logan",10087159,Right,THO_MOR,"Bosio, Theodore",1000511279,Right,THO_MOR,Undefined,2,Bottom,0,0,0,Sinker,Changeup,BallCalled,Undefined,Undefined,Undefined,0,0,,81.28151,-0.291028,-1.399202,1906.950104,235.961428,1:45,5.08306,2.10213,5.683,-30.65364,11.75434,15.50418,2.25723,2.08966,74.76246,-5.97007,1.373722,0.4687,,,,,,,,,,,,-8.2439,6.44658,-1.99418,50,5.03937,2.27341,-118.09509,-1.57144,-11.69466,21.54203,-23.02906,THO_MOR,THO_MOR,ThomasMoreStadium,TeamExclusive,Team,20260910-ThomasMoreStadium-Private-3,5dcecdf0-ad4c-11f1-85f7-1bad2866657f,80.41907,,,6.51905,,,,,,,437a5b9e-9bac-4067-8f8c-b974482b9e7b,2026-09-10,19:18:11.81,2026-09-10T15:18:11.8190080-04:00,2026-09-10T19:18:11.8190080Z,,v3,643-145989,643-145989,,"Barth, Drew",1000298109,Right,THO_MOR,5716a60e-4de1-4f05-9452-72334d6cb77a,54.8155,-118.97025,10.77102,5.0842,-0.63587,-11.51453,-2.09619,2.74851,-5.84733,,,,,,,,,,,,,,,,,,,,,,,,,,,,,,,,,,,,,,,,,,,,,,,,,,,High,High,High,,,,,
62,2026-09-10,15:18:31.63,2,2,"Cones, Logan",10087159,Right,THO_MOR,"Bosio, Theodore",1000511279,Right,THO_MOR,Undefined,2,Bottom,0,1,0,Sinker,Changeup,BallCalled,Undefined,Undefined,Undefined,0,0,,80.26121,0.144766,-1.705199,2028.784531,250.835104,2:15,5.47596,1.70627,5.85097,-36.10155,6.85863,16.25521,2.60208,1.47595,74.32782,-6.512482,1.211547,0.471742,,,,,,,,,,,,-8.75158,3.84937,-1.57731,50,5.46644,2.86296,-116.72034,-0.84237,-12.20032,19.80079,-26.80772,THO_MOR,THO_MOR,ThomasMoreStadium,TeamExclusive,Team,20260910-ThomasMoreStadium-Private-3,69997360-ad4c-11f1-85f7-1bad2866657f,79.90055,,,5.9334,,,,,,,437a5b9e-9bac-4067-8f8c-b974482b9e7b,2026-09-10,19:18:31.63,2026-09-10T15:18:31.6321280-04:00,2026-09-10T19:18:31.6321280Z,,v3,643-145989,643-145989,,"Barth, Drew",1000298109,Right,THO_MOR,308f8a55-878c-429e-b39f-9285e7dfbc2d,54.64929,-117.50641,9.9004,5.47876,0.22187,-13.40386,-1.70057,3.3473,-6.10016,,,,,,,,,,,,,,,,,,,,,,,,,,,,,,,,,,,,,,,,,,,,,,,,,,,High,High,High,,,,,
63,2026-09-10,15:18:59.40,2,3,"Cones, Logan",10087159,Right,THO_MOR,"Bosio, Theodore",1000511279,Right,THO_MOR,Undefined,2,Bottom,0,2,0,Sinker,Changeup,BallCalled,Undefined,Undefined,Undefined,0,0,,83.53525,-1.686397,-0.918142,2019.55409,244.151789,2:15,5.57411,1.60162,5.84258,-31.0836,8.70095,15.57568,1.41594,2.04626,77.32823,-7.415685,1.878691,0.453971,,,,,,,,,,,,-8.22059,5.24299,-1.53614,50,5.41845,1.3368,-121.43008,-4.58148,-12.36995,22.04261,-24.28467,THO_MOR,THO_MOR,ThomasMoreStadium,TeamExclusive,Team,20260910-ThomasMoreStadium-Private-3,7a463fe0-ad4c-11f1-85f7-1bad2866657f,83.02822,,,6.20703,,,,,,,437a5b9e-9bac-4067-8f8c-b974482b9e7b,2026-09-10,19:18:59.40,2026-09-10T15:18:59.4078720-04:00,2026-09-10T19:18:59.4078720Z,,v3,643-145989,643-145989,,"Barth, Drew",1000298109,Right,THO_MOR,046796ad-d1c9-43cb-b542-25e1f3a012d1,54.65724,-122.27257,11.0213,5.57581,-3.65331,-12.14233,-1.59627,1.80959,-6.18498,,,,,,,,,,,,,,,,,,,,,,,,,,,,,,,,,,,,,,,,,,,,,,,,,,,High,High,High,,,,,
64,2026-09-10,15:19:26.57,2,4,"Cones, Logan",10087159,Right,THO_MOR,"Bosio, Theodore",1000511279,Right,THO_MOR,Undefined,2,Bottom,0,3,0,Sinker,Changeup,BallCalled,Walk,Undefined,Undefined,0,0,,83.61435,-1.298462,-0.895891,2184.136662,230.231919,1:45,5.61447,1.87138,5.72416,-25.42312,14.93402,16.34536,2.28614,2.39899,76.30366,-6.051044,2.030245,0.457227,,,,,,,,,,,,-8.55016,8.37398,-1.80669,50,5.49056,1.23007,-121.36899,-3.53887,-12.69805,24.71818,-19.7376,THO_MOR,THO_MOR,ThomasMoreStadium,TeamExclusive,Team,20260910-ThomasMoreStadium-Private-3,8a5d0df0-ad4c-11f1-85f7-1bad2866657f,82.43709,,,7.3107,,,,,,,437a5b9e-9bac-4067-8f8c-b974482b9e7b,2026-09-10,19:19:26.57,2026-09-10T15:19:26.5700864-04:00,2026-09-10T19:19:26.5700864Z,,v3,643-145989,643-145989,,"Barth, Drew",1000298109,Right,THO_MOR,a210de54-2891-4f09-8496-f8f7991d68d0,54.77289,-122.33718,12.35909,5.61403,-2.76577,-9.8688,-1.86461,1.72744,-6.34903,,,,,,,,,,,,,,,,,,,,,,,,,,,,,,,,,,,,,,,,,,,,,,,,,,,High,High,High,,,,,
65,2026-09-10,15:19:54.62,3,1,"Cones, Logan",10087159,Right,THO_MOR,"Geers, Jackson",1000511277,Right,THO_MOR,Undefined,2,Bottom,0,0,0,Sweeper,Curveball,BallCalled,Undefined,Undefined,Undefined,0,0,,73.63456,1.409876,-2.606412,2394.430201,98.671397,9:15,5.51979,1.71836,5.20585,-49.43054,4.03544,-14.75788,2.72813,-1.96434,67.17343,-7.602717,-5.215108,0.526272,,,,,,,,,,,,6.54095,2.13453,-1.46561,50,5.61353,5.41947,-106.64244,1.03473,7.45838,20.02465,-29.74015,THO_MOR,THO_MOR,ThomasMoreStadium,TeamExclusive,Team,20260910-ThomasMoreStadium-Private-3,9b196ad0-ad4c-11f1-85f7-1bad2866657f,71.62163,,,6.46113,,,,,,,437a5b9e-9bac-4067-8f8c-b974482b9e7b,2026-09-10,19:19:54.62,2026-09-10T15:19:54.6227712-04:00,2026-09-10T19:19:54.6227712Z,,v3,643-145989,643-145989,,"Barth, Drew",1000298109,Right,THO_MOR,d9a36014-2cc0-4d00-a314-2dc925a13ee3,55.29109,-107.63138,10.01233,5.52616,2.50348,-14.87007,-1.72416,5.05113,3.72919,,,,,,,,,,,,,,,,,,,,,,,,,,,,,,,,,,,,,,,,,,,,,,,,,,,High,High,High,,,,,
66,2026-09-10,15:20:17.38,3,2,"Cones, Logan",10087159,Right,THO_MOR,"Geers, Jackson",1000511277,Right,THO_MOR,Undefined,2,Bottom,0,1,0,Sweeper,Curveball,BallCalled,Undefined,Undefined,Undefined,0,0,,72.96962,-0.683189,-1.293584,2354.45536,85.508814,8:45,5.34923,1.95545,5.27198,-53.8379,0.16583,-20.00379,0.22083,-0.92679,67.30893,-10.414691,-4.849251,0.528912,,,,,,,,,,,,9.78666,0.67323,-1.82152,50,5.2468,3.10669,-105.90765,-2.96339,11.02727,19.42819,-31.41549,THO_MOR,THO_MOR,ThomasMoreStadium,TeamExclusive,Team,20260910-ThomasMoreStadium-Private-3,a8c33080-ad4c-11f1-85f7-1bad2866657f,71.26411,,,5.66068,,,,,,,437a5b9e-9bac-4067-8f8c-b974482b9e7b,2026-09-10,19:20:17.38,2026-09-10T15:20:17.3888000-04:00,2026-09-10T19:20:17.3888000Z,,v3,643-145989,643-145989,,"Barth, Drew",1000298109,Right,THO_MOR,dd2477df-f314-43b1-a411-47db1ad0020e,55.22949,-106.86267,9.71409,5.35452,-1.41913,-15.70775,-1.96091,2.56463,5.51363,,,,,,,,,,,,,,,,,,,,,,,,,,,,,,,,,,,,,,,,,,,,,,,,,,,High,High,High,,,,,
67,2026-09-10,15:20:48.72,3,3,"Cones, Logan",10087159,Right,THO_MOR,"Geers, Jackson",1000511277,Right,THO_MOR,Undefined,2,Bottom,0,2,0,Cutter,Slider,BallCalled,Undefined,Undefined,Undefined,0,0,,78.87319,-2.535461,-3.235169,2318.553174,174.560188,11:45,5.4479,1.88642,5.76147,-37.91364,7.25217,-0.55906,-0.07675,-1.1745,73.00364,-9.463427,-3.335213,0.4837,,,,,,,,,,,,-0.58854,4.77894,-1.61788,50,5.21425,6.48382,-114.34671,-6.25275,-0.78119,20.58219,-25.83066,THO_MOR,THO_MOR,ThomasMoreStadium,TeamExclusive,Team,20260910-ThomasMoreStadium-Private-3,bb7087f0-ad4c-11f1-85f7-1bad2866657f,77.92519,,,5.86955,,,,,,,437a5b9e-9bac-4067-8f8c-b974482b9e7b,2026-09-10,19:20:48.72,2026-09-10T15:20:48.7211008-04:00,2026-09-10T19:20:48.7211008Z,,v3,643-145989,643-145989,,"Barth, Drew",1000298109,Right,THO_MOR,2285d91a-f174-4b39-8acb-912babaffcd5,54.73798,-115.19638,10.2911,5.45036,-5.18641,-12.91533,-1.88621,6.51607,-0.39059,,,,,,,,,,,,,,,,,,,,,,,,,,,,,,,,,,,,,,,,,,,,,,,,,,,High,High,High,,,,,
68,2026-09-10,15:21:12.22,3,4,"Cones, Logan",10087159,Right,THO_MOR,"Geers, Jackson",1000511277,Right,THO_MOR,Undefined,2,Bottom,0,3,0,Cutter,Slider,StrikeCalled,Undefined,Undefined,Undefined,0,0,,76.95342,0.03181,-1.864645,2215.436339,152.018913,11:00,5.37969,1.78497,5.50455,-39.56927,8.39103,-3.6452,2.11202,-0.26328,70.55926,-7.240695,-2.513991,0.498439,,,,,,,,,,,,1.31764,4.67296,-1.61959,50,5.35589,3.7733,-111.67027,-1.18703,1.66034,20.50334,-26.28567,THO_MOR,THO_MOR,ThomasMoreStadium,TeamExclusive,Team,20260910-ThomasMoreStadium-Private-3,c963b2b0-ad4c-11f1-85f7-1bad2866657f,75.62091,,,6.39415,,,,,,,437a5b9e-9bac-4067-8f8c-b974482b9e7b,2026-09-10,19:21:12.22,2026-09-10T15:21:12.2244096-04:00,2026-09-10T19:21:12.2244096Z,,v3,643-145989,643-145989,,"Barth, Drew",1000298109,Right,THO_MOR,66310970-9189-407d-a482-6bb07ca05bfd,54.99319,-112.58332,10.25167,5.38269,-0.01649,-13.14284,-1.78598,3.69936,0.83017,,,,,,,,,,,,,,,,,,,,,,,,,,,,,,,,,,,,,,,,,,,,,,,,,,,High,High,High,,,,,
69,2026-09-10,15:21:34.60,3,5,"Cones, Logan",10087159,Right,THO_MOR,"Geers, Jackson",1000511277,Right,THO_MOR,Undefined,2,Bottom,0,3,1,Sweeper,Curveball,StrikeCalled,Undefined,Undefined,Undefined,0,0,,72.80171,1.333276,-0.708676,2296.919592,101.445636,9:30,5.30884,1.95517,5.34498,-49.48215,4.3937,-13.33709,2.43629,0.17897,66.84652,-7.706121,-3.078731,0.528285,,,,,,,,,,,,6.49906,2.32831,-1.88141,50,5.3936,1.7968,-105.66279,0.9145,7.33285,18.33639,-29.54703,THO_MOR,THO_MOR,ThomasMoreStadium,TeamExclusive,Team,20260910-ThomasMoreStadium-Private-3,d6b82c70-ad4c-11f1-85f7-1bad2866657f,71.34865,,,5.95519,,,,,,,437a5b9e-9bac-4067-8f8c-b974482b9e7b,2026-09-10,19:21:34.60,2026-09-10T15:21:34.6078720-04:00,2026-09-10T19:21:34.6078720Z,,v3,643-145989,643-145989,,"Barth, Drew",1000298109,Right,THO_MOR,29af00ac-3c60-4aab-9e59-25e19c6a5c92,55.15358,-106.55338,9.1682,5.31434,2.34957,-14.77352,-1.96003,1.44066,3.66642,,,,,,,,,,,,,,,,,,,,,,,,,,,,,,,,,,,,,,,,,,,,,,,,,,,High,High,High,,,,,
70,2026-09-10,15:22:02.13,3,6,"Cones, Logan",10087159,Right,THO_MOR,"Geers, Jackson",1000511277,Right,THO_MOR,Undefined,2,Bottom,0,3,2,Sweeper,Curveball,StrikeCalled,Strikeout,Undefined,Undefined,0,0,,73.09044,1.873021,-1.052052,2270.255987,72.342916,8:30,5.26643,1.79136,5.33742,-57.29113,-3.72118,-16.97591,2.25026,-0.61039,67.15502,-8.54023,-4.068604,0.526783,,,,,,,,,,,,8.19874,-1.88713,-1.68387,50,5.39436,2.57865,-106.07384,1.62416,9.30226,18.85118,-34.31518,THO_MOR,THO_MOR,ThomasMoreStadium,TeamExclusive,Team,20260910-ThomasMoreStadium-Private-3,e743b550-ad4c-11f1-85f7-1bad2866657f,71.55208,,,5.93542,,,,,,,437a5b9e-9bac-4067-8f8c-b974482b9e7b,2026-09-10,19:22:02.13,2026-09-10T15:22:02.1393920-04:00,2026-09-10T19:22:02.1393920Z,,v3,643-145989,643-145989,,"Barth, Drew",1000298109,Right,THO_MOR,495bd2bf-52fe-4996-b8a7-8893bb205f74,55.16304,-106.98747,9.42559,5.27534,3.28725,-17.15759,-1.79792,2.12782,4.65113,,,,,,,,,,,,,,,,,,,,,,,,,,,,,,,,,,,,,,,,,,,,,,,,,,,High,High,High,,,,,
71,2026-09-10,15:22:28.32,4,1,"Cones, Logan",10087159,Right,THO_MOR,"Harrison, Will",1000511280,Right,THO_MOR,Undefined,2,Bottom,1,0,0,ChangeUp,Splitter,BallCalled,Undefined,Undefined,Undefined,0,0,,76.65958,-1.5702,-2.341006,762.070177,282.44762,3:30,5.31983,1.70002,5.97693,-47.2831,0.49244,4.99796,-0.07756,-0.05477,70.38256,-10.248078,-1.440547,0.497478,,,,,,,,,,,,-3.33421,1.05992,-1.51781,50,5.16888,4.37772,-111.25459,-4.45593,-4.13852,21.76419,-30.85843,THO_MOR,THO_MOR,ThomasMoreStadium,TeamExclusive,Team,20260910-ThomasMoreStadium-Private-3,f6d65f40-ad4c-11f1-85f7-1bad2866657f,75.76698,,,6.27702,,,,,,,437a5b9e-9bac-4067-8f8c-b974482b9e7b,2026-09-10,19:22:28.32,2026-09-10T15:22:28.3212288-04:00,2026-09-10T19:22:28.3212288Z,,v3,643-145989,643-145989,,"Barth, Drew",1000298109,Right,THO_MOR,0db600f6-6e2b-4b5d-9bed-ef13097ca71f,54.5237,-112.13604,10.8821,5.32404,-3.20615,-15.42922,-1.6985,4.54533,-2.06926,,,,,,,,,,,,,,,,,,,,,,,,,,,,,,,,,,,,,,,,,,,,,,,,,,,High,High,High,,,,,
72,2026-09-10,15:22:46.88,4,2,"Cones, Logan",10087159,Right,THO_MOR,"Harrison, Will",1000511280,Right,THO_MOR,Undefined,2,Bottom,1,1,0,ChangeUp,Splitter,BallCalled,Undefined,Undefined,Undefined,0,0,,76.64127,-1.197985,-2.368596,650.994668,253.032891,2:30,5.49521,1.68177,5.65108,-44.91589,4.08484,7.33815,0.63377,0.0829,69.33025,-9.463623,-1.055529,0.503817,,,,,,,,,,,,-4.58461,2.92721,-1.4859,50,5.36506,4.32299,-111.01092,-3.71369,-5.59479,23.95979,-28.60183,THO_MOR,THO_MOR,ThomasMoreStadium,TeamExclusive,Team,20260910-ThomasMoreStadium-Private-3,01d02020-ad4d-11f1-85f7-1bad2866657f,74.81378,,,7.31102,,,,,,,437a5b9e-9bac-4067-8f8c-b974482b9e7b,2026-09-10,19:22:46.88,2026-09-10T15:22:46.8895744-04:00,2026-09-10T19:22:46.8895744Z,,v3,643-145989,643-145989,,"Barth, Drew",1000298109,Right,THO_MOR,b53e0c59-013e-4d9c-87ab-573a3297071a,54.84679,-112.05213,11.9799,5.49944,-2.47075,-14.30092,-1.67905,4.56612,-2.79739,,,,,,,,,,,,,,,,,,,,,,,,,,,,,,,,,,,,,,,,,,,,,,,,,,,High,High,High,,,,,
73,2026-09-10,15:23:07.58,4,3,"Cones, Logan",10087159,Right,THO_MOR,"Harrison, Will",1000511280,Right,THO_MOR,Undefined,2,Bottom,1,2,0,Sinker,Changeup,BallCalled,Undefined,Undefined,Undefined,0,0,,81.79542,0.599527,-0.656289,1948.848878,257.881054,2:30,5.46305,1.84655,5.92182,-36.67258,4.74634,16.46887,2.96339,2.60993,75.41074,-6.176126,2.30325,0.463203,,,,,,,,,,,,-8.61772,2.65473,-1.80336,50,5.49015,0.73131,-118.95014,0.07057,-12.41325,21.6701,-28.35006,THO_MOR,THO_MOR,ThomasMoreStadium,TeamExclusive,Team,20260910-ThomasMoreStadium-Private-3,0e19b990-ad4d-11f1-85f7-1bad2866657f,81.37356,,,6.38468,,,,,,,437a5b9e-9bac-4067-8f8c-b974482b9e7b,2026-09-10,19:23:07.58,2026-09-10T15:23:07.5823104-04:00,2026-09-10T19:23:07.5823104Z,,v3,643-145989,643-145989,,"Barth, Drew",1000298109,Right,THO_MOR,af8ac406-4f6b-47bc-90b5-636de865e97f,54.57804,-119.78125,10.83505,5.46659,1.15788,-14.17503,-1.84054,1.20739,-6.20663,,,,,,,,,,,,,,,,,,,,,,,,,,,,,,,,,,,,,,,,,,,,,,,,,,,High,High,High,,,,,
74,2026-09-10,15:23:28.19,4,4,"Cones, Logan",10087159,Right,THO_MOR,"Harrison, Will",1000511280,Right,THO_MOR,Undefined,2,Bottom,1,3,0,Sinker,Changeup,BallCalled,Walk,Undefined,Undefined,0,0,,82.00709,-0.294682,-1.88775,1927.684961,247.755901,2:15,5.45386,1.78352,5.94256,-33.11974,7.94508,16.55178,2.42039,1.41115,75.83565,-6.42204,1.087217,0.461218,,,,,,,,,,,,-9.00772,4.51032,-1.64258,50,5.41156,3.30573,-119.25067,-1.65283,-13.08834,20.99091,-25.6205,THO_MOR,THO_MOR,ThomasMoreStadium,TeamExclusive,Team,20260910-ThomasMoreStadium-Private-3,1a888e40-ad4d-11f1-85f7-1bad2866657f,81.72364,,,6.17144,,,,,,,437a5b9e-9bac-4067-8f8c-b974482b9e7b,2026-09-10,19:23:28.19,2026-09-10T15:23:28.1903616-04:00,2026-09-10T19:23:28.1903616Z,,v3,643-145989,643-145989,,"Barth, Drew",1000298109,Right,THO_MOR,e5a82f21-01d1-4a80-bf04-1bf1498c1d1b,54.55787,-120.05028,10.49545,5.45593,-0.67686,-12.81025,-1.778,3.8043,-6.54417,,,,,,,,,,,,,,,,,,,,,,,,,,,,,,,,,,,,,,,,,,,,,,,,,,,High,High,High,,,,,
75,2026-09-10,15:24:08.87,5,1,"Cones, Logan",10087159,Right,THO_MOR,"Cunningham, Ty",1000302641,Left,THO_MOR,Undefined,2,Bottom,1,0,0,Sweeper,Curveball,BallCalled,Undefined,Undefined,Undefined,0,0,,73.89839,2.600287,1.935125,2190.091105,98.558096,9:15,5.30282,2.07381,5.3996,-48.95562,3.17004,-10.39945,3.66289,3.02121,67.72154,-6.360528,0.087471,0.519633,,,,,,,,,,,,5.7354,1.38626,-2.23884,50,5.50057,-3.2307,-107.16077,3.31862,6.68265,18.16838,-30.55883,THO_MOR,THO_MOR,ThomasMoreStadium,TeamExclusive,Team,20260910-ThomasMoreStadium-Private-3,32b36260-ad4d-11f1-85f7-1bad2866657f,72.53659,,,6.17685,,,,,,,437a5b9e-9bac-4067-8f8c-b974482b9e7b,2026-09-10,19:24:08.87,2026-09-10T15:24:08.8784384-04:00,2026-09-10T19:24:08.8784384Z,,v3,643-145989,643-145989,,"Barth, Drew",1000298109,Right,THO_MOR,7c929675-a56e-4e44-aa64-4bb62a77996c,55.09874,-108.02177,9.08419,5.30899,4.7668,-15.27942,-2.07823,-3.54739,3.34132,,,,,,,,,,,,,,,,,,,,,,,,,,,,,,,,,,,,,,,,,,,,,,,,,,,High,High,High,,,,,
76,2026-09-10,15:24:57.09,5,2,"Cones, Logan",10087159,Right,THO_MOR,"Cunningham, Ty",1000302641,Left,THO_MOR,Undefined,2,Bottom,1,1,0,Sweeper,Curveball,BallCalled,Undefined,Undefined,Undefined,0,0,,72.44753,2.734111,0.638224,2284.304287,86.310223,9:00,5.30074,1.9806,5.35475,-53.5253,0.81224,-13.38898,3.40658,1.46344,66.45096,-7.039336,-1.740434,0.530544,,,,,,,,,,,,6.87638,0.17287,-2.02812,50,5.50858,-0.67662,-105.09938,3.33406,7.69565,17.71716,-31.98056,THO_MOR,THO_MOR,ThomasMoreStadium,TeamExclusive,Team,20260910-ThomasMoreStadium-Private-3,4f7327f0-ad4d-11f1-85f7-1bad2866657f,71.04488,,,5.99657,,,,,,,437a5b9e-9bac-4067-8f8c-b974482b9e7b,2026-09-10,19:24:57.09,2026-09-10T15:24:57.0988032-04:00,2026-09-10T19:24:57.0988032Z,,v3,643-145989,643-145989,,"Barth, Drew",1000298109,Right,THO_MOR,c04a8bce-577e-494e-abc6-f260e1197427,55.14444,-105.96306,8.85858,5.30805,4.89304,-15.99028,-1.98599,-1.05177,3.84782,,,,,,,,,,,,,,,,,,,,,,,,,,,,,,,,,,,,,,,,,,,,,,,,,,,High,High,High,,,,,
77,2026-09-10,15:25:14.80,5,3,"Cones, Logan",10087159,Right,THO_MOR,"Cunningham, Ty",1000302641,Left,THO_MOR,Undefined,2,Bottom,1,2,0,Fastball,Changeup,StrikeCalled,Undefined,Undefined,Undefined,0,0,,83.86357,-0.536575,-3.486415,2226.396364,225.632421,1:30,5.74397,1.50431,6.02376,-24.84844,14.70127,13.75379,3.17537,-0.58254,76.73521,-5.206582,-1.017213,0.45263,,,,,,,,,,,,-8.00552,8.0865,-1.23852,50,5.68836,6.87167,-121.66956,-1.87406,-12.0202,23.5017,-20.03225,THO_MOR,THO_MOR,ThomasMoreStadium,TeamExclusive,Team,20260910-ThomasMoreStadium-Private-3,5a121ea0-ad4d-11f1-85f7-1bad2866657f,83.27437,,,7.12836,,,,,,,437a5b9e-9bac-4067-8f8c-b974482b9e7b,2026-09-10,19:25:14.80,2026-09-10T15:25:14.8019712-04:00,2026-09-10T19:25:14.8019712Z,,v3,643-145989,643-145989,,"Barth, Drew",1000298109,Right,THO_MOR,a02d004b-d958-4079-ad64-9192b07d1628,54.47387,-122.53069,11.75085,5.74358,-1.14006,-10.01613,-1.49837,7.31211,-6.0101,,,,,,,,,,,,,,,,,,,,,,,,,,,,,,,,,,,,,,,,,,,,,,,,,,,High,High,High,,,,,
