PitchNo,Date,Time,PAofInning,PitchofPA,Pitcher,PitcherId,PitcherThrows,PitcherTeam,Batter,BatterId,BatterSide,BatterTeam,PitcherSet,Inning,Top/Bottom,Outs,Balls,Strikes,TaggedPitchType,AutoPitchType,PitchCall,KorBB,TaggedHitType,PlayResult,OutsOnPlay,RunsScored,Notes,RelSpeed,VertRelAngle,HorzRelAngle,SpinRate,SpinAxis,Tilt,RelHeight,RelSide,Extension,VertBreak,InducedVertBreak,HorzBreak,PlateLocHeight,PlateLocSide,ZoneSpeed,VertApprAngle,HorzApprAngle,ZoneTime,ExitSpeed,Angle,Direction,HitSpinRate,PositionAt110X,PositionAt110Y,PositionAt110Z,Distance,LastTrackedDistance,Bearing,HangTime,pfxx,pfxz,x0,y0,z0,vx0,vy0,vz0,ax0,ay0,az0,HomeTeam,AwayTeam,Stadium,Level,League,GameID,PitchUID,EffectiveVelo,MaxHeight,MeasuredDuration,SpeedDrop,PitchLastMeasuredX,PitchLastMeasuredY,PitchLastMeasuredZ,ContactPositionX,ContactPositionY,ContactPositionZ,GameUID,UTCDate,UTCTime,LocalDateTime,UTCDateTime,AutoHitType,System,HomeTeamForeignID,AwayTeamForeignID,GameForeignID,Catcher,CatcherId,CatcherThrows,CatcherTeam,PlayID,PitchTrajectoryXc0,PitchTrajectoryXc1,PitchTrajectoryXc2,PitchTrajectoryYc0,PitchTrajectoryYc1,PitchTrajectoryYc2,PitchTrajectoryZc0,PitchTrajectoryZc1,PitchTrajectoryZc2,HitSpinAxis,HitTrajectoryXc0,HitTrajectoryXc1,HitTrajectoryXc2,HitTrajectoryXc3,HitTrajectoryXc4,HitTrajectoryXc5,HitTrajectoryXc6,HitTrajectoryXc7,HitTrajectoryXc8,HitTrajectoryYc0,HitTrajectoryYc1,HitTrajectoryYc2,HitTrajectoryYc3,HitTrajectoryYc4,HitTrajectoryYc5,HitTrajectoryYc6,HitTrajectoryYc7,HitTrajectoryYc8,HitTrajectoryZc0,HitTrajectoryZc1,HitTrajectoryZc2,HitTrajectoryZc3,HitTrajectoryZc4,HitTrajectoryZc5,HitTrajectoryZc6,HitTrajectoryZc7,HitTrajectoryZc8,ThrowSpeed,PopTime,ExchangeTime,TimeToBase,CatchPositionX,CatchPositionY,CatchPositionZ,ThrowPositionX,ThrowPositionY,ThrowPositionZ,BasePositionX,BasePositionY,BasePositionZ,ThrowTrajectoryXc0,ThrowTrajectoryXc1,ThrowTrajectoryXc2,ThrowTrajectoryYc0,ThrowTrajectoryYc1,ThrowTrajectoryYc2,ThrowTrajectoryZc0,ThrowTrajectoryZc1,ThrowTrajectoryZc2,PitchReleaseConfidence,PitchLocationConfidence,PitchMovementConfidence,HitLaunchConfidence,HitLandingConfidence,CatcherThrowCatchConfidence,CatcherThrowReleaseConfidence,CatcherThrowLocationConfidence
1,2026-09-02,11:40:56.97,1,1,"Wichmann, Aaron",10146177,Left,THO_MOR,"Atchley, Chad",10005022,Right,THO_MOR,Undefined,1,Top,0,0,0,Fastball,Cutter,BallCalled,Undefined,Undefined,Undefined,0,0,,83.27652,0.372853,1.356199,2371.327207,167.467143,11:30,5.62249,-1.00911,5.97382,-25.10419,15.22351,-3.08941,3.87623,-0.00908,75.74056,-4.363798,0.801113,0.45706,,,,,,,,,,,,1.97823,8.1004,0.9035,50,5.63811,-2.74018,-120.89774,0.05296,2.91313,24.67927,-20.2455,THO_MOR,THO_MOR,ThomasMoreStadium,TeamExclusive,Team,20260902-ThomasMoreStadium-Private-1,b09cb3d0-a6e4-11f1-821f-9fdd5340c431,82.46717,,,7.53596,,,,,,,49b4253f-79d4-4a2a-a883-d0621e740937,2026-09-02,15:40:56.97,2026-09-02T11:40:56.9720000-04:00,2026-09-02T15:40:56.9720000Z,,v3,643-145989,643-145989,,"Atchley, Chad",10005022,Right,THO_MOR,42610701-373b-4c96-8344-032e4306f0ec,54.52211,-121.81736,12.33963,5.62208,0.80736,-10.12275,1.00763,-2.84873,1.45657,,,,,,,,,,,,,,,,,,,,,,,,,,,,,,,,,,,,,,,,,,,,,,,,,,,High,High,High,,,,,
2,2026-09-02,11:41:12.79,1,2,"Wichmann, Aaron",10146177,Left,THO_MOR,"Atchley, Chad",10005022,Right,THO_MOR,Undefined,1,Top,0,1,0,Fastball,Cutter,BallCalled,Undefined,Undefined,Undefined,0,0,,83.50459,1.133282,1.88894,2294.267215,163.175413,11:30,5.50175,-1.15473,6.1619,-24.28159,15.32005,-4.26504,4.52587,0.23541,76.32524,-3.457333,1.120419,0.452927,,,,,,,,,,,,2.71264,7.97941,1.01353,50,5.57519,-3.83555,-121.28682,1.71507,4.04722,23.36304,-20.2688,THO_MOR,THO_MOR,ThomasMoreStadium,TeamExclusive,Team,20260902-ThomasMoreStadium-Private-1,ba0eea50-a6e4-11f1-821f-9fdd5340c431,83.21974,,,7.17936,,,,,,,49b4253f-79d4-4a2a-a883-d0621e740937,2026-09-02,15:41:12.79,2026-09-02T11:41:12.7900000-04:00,2026-09-02T15:41:12.7900000Z,,v3,643-145989,643-145989,,"Atchley, Chad",10005022,Right,THO_MOR,52df7576-1802-4d24-83de-a9a05483b7b1,54.33467,-122.11894,11.68152,5.50125,2.43698,-10.1344,1.15271,-3.9797,2.02361,,,,,,,,,,,,,,,,,,,,,,,,,,,,,,,,,,,,,,,,,,,,,,,,,,,High,High,High,,,,,
3,2026-09-02,11:41:33.72,1,3,"Wichmann, Aaron",10146177,Left,THO_MOR,"Atchley, Chad",10005022,Right,THO_MOR,Undefined,1,Top,0,2,0,ChangeUp,Slider,StrikeCalled,Undefined,Undefined,Undefined,0,0,,73.92574,1.503123,1.170339,773.233825,200.316479,12:45,4.80816,-1.34438,5.77056,-42.79242,9.75331,2.8661,2.64152,-0.01629,66.26977,-6.488404,1.68336,0.521723,,,,,,,,,,,,-1.04327,5.03839,1.24593,50,4.90717,-2.29242,-107.04645,1.57546,-1.18204,22.5365,-26.46555,THO_MOR,THO_MOR,ThomasMoreStadium,TeamExclusive,Team,20260902-ThomasMoreStadium-Private-1,c6a432c0-a6e4-11f1-821f-9fdd5340c431,72.24605,,,7.65596,,,,,,,49b4253f-79d4-4a2a-a883-d0621e740937,2026-09-02,15:41:33.72,2026-09-02T11:41:33.7230000-04:00,2026-09-02T15:41:33.7230000Z,,v3,643-145989,643-145989,,"Atchley, Chad",10005022,Right,THO_MOR,21cf1fd4-0c60-4d45-89bd-aefc4ea5dda6,54.72233,-108.03607,11.26825,4.81248,2.73761,-13.23278,1.34545,-2.24051,-0.59102,,,,,,,,,,,,,,,,,,,,,,,,,,,,,,,,,,,,,,,,,,,,,,,,,,,High,High,High,,,,,
5,2026-09-02,11:41:51.21,1,5,"Wichmann, Aaron",10146177,Left,THO_MOR,"Atchley, Chad",10005022,Right,THO_MOR,Undefined,1,Top,0,2,1,Cutter,Curveball,BallCalled,Undefined,Undefined,Undefined,0,0,,75.74596,0.644411,2.920618,2471.770947,295.791478,3:45,4.81645,-1.5194,5.58779,-49.702,0.17425,3.18374,1.27717,1.47549,69.00414,-8.460898,3.488163,0.508298,,,,,,,,,,,,-0.70118,0.35228,1.26632,50,4.83945,-5.71799,-109.76601,-0.33453,-0.8449,21.66968,-31.74957,THO_MOR,THO_MOR,ThomasMoreStadium,TeamExclusive,Team,20260902-ThomasMoreStadium-Private-1,d1472110-a6e4-11f1-821f-9fdd5340c431,74.15423,,,6.74183,,,,,,,49b4253f-79d4-4a2a-a883-d0621e740937,2026-09-02,15:41:51.21,2026-09-02T11:41:51.2190000-04:00,2026-09-02T15:41:51.2190000Z,,v3,643-145989,643-145989,,"Atchley, Chad",10005022,Right,THO_MOR,1a24a62f-1a39-4dad-b91d-8c7f111c8ebe,54.91033,-110.73115,10.83484,4.82286,1.07955,-15.87479,1.52015,-5.68036,-0.42245,,,,,,,,,,,,,,,,,,,,,,,,,,,,,,,,,,,,,,,,,,,,,,,,,,,High,High,High,,,,,
6,2026-09-02,11:42:10.05,1,6,"Wichmann, Aaron",10146177,Left,THO_MOR,"Atchley, Chad",10005022,Right,THO_MOR,Undefined,1,Top,0,3,1,Fastball,Cutter,StrikeCalled,Undefined,Undefined,Undefined,0,0,,83.88666,-1.756849,2.09614,2342.819806,170.17225,11:45,5.57651,-0.95756,6.25272,-23.34659,15.95044,-2.54063,2.00925,0.76459,76.658,-6.169991,1.637292,0.451181,,,,,,,,,,,,1.92205,9.17556,0.80309,50,5.43442,-4.36118,-121.77543,-4.38329,2.8768,24.64012,-18.44074,THO_MOR,THO_MOR,ThomasMoreStadium,TeamExclusive,Team,20260902-ThomasMoreStadium-Private-1,dc4f87f0-a6e4-11f1-821f-9fdd5340c431,83.54166,,,7.22866,,,,,,,49b4253f-79d4-4a2a-a883-d0621e740937,2026-09-02,15:42:10.05,2026-09-02T11:42:10.0530000-04:00,2026-09-02T15:42:10.0530000Z,,v3,643-145989,643-145989,,"Atchley, Chad",10005022,Right,THO_MOR,b5cb6094-c3b5-4289-8b93-42d366647d37,54.24428,-122.63121,12.32006,5.57554,-3.74282,-9.22037,0.95629,-4.4611,1.4384,,,,,,,,,,,,,,,,,,,,,,,,,,,,,,,,,,,,,,,,,,,,,,,,,,,High,High,High,,,,,
7,2026-09-02,11:42:29.74,1,7,"Wichmann, Aaron",10146177,Left,THO_MOR,"Atchley, Chad",10005022,Right,THO_MOR,Undefined,1,Top,0,3,2,ChangeUp,Slider,StrikeCalled,Strikeout,Undefined,Undefined,0,0,,73.94441,0.090341,2.604853,864.996932,169.271683,11:45,4.8278,-1.45685,5.7279,-39.72293,12.63682,-2.02744,1.60178,0.80185,66.76686,-7.308336,2.242489,0.520799,,,,,,,,,,,,1.89284,6.95465,1.24074,50,4.8113,-4.79851,-107.08706,-0.96469,2.15835,21.60304,-24.24379,THO_MOR,THO_MOR,ThomasMoreStadium,TeamExclusive,Team,20260902-ThomasMoreStadium-Private-1,e86b5aa0-a6e4-11f1-821f-9fdd5340c431,72.37425,,,7.17756,,,,,,,49b4253f-79d4-4a2a-a883-d0621e740937,2026-09-02,15:42:29.74,2026-09-02T11:42:29.7400000-04:00,2026-09-02T15:42:29.7400000Z,,v3,643-145989,643-145989,,"Atchley, Chad",10005022,Right,THO_MOR,71034b35-e82a-4285-9de2-3a72e2a665c9,54.76661,-108.04436,10.80152,4.83024,0.10964,-12.12189,1.4555,-4.89415,1.07917,,,,,,,,,,,,,,,,,,,,,,,,,,,,,,,,,,,,,,,,,,,,,,,,,,,High,High,High,,,,,
8,2026-09-02,11:42:49.79,2,1,"Wichmann, Aaron",10146177,Left,THO_MOR,"Thompson, Dylan",10077983,Right,THO_MOR,Undefined,1,Top,1,0,0,ChangeUp,Changeup,BallCalled,Undefined,Undefined,Undefined,0,0,,74.54605,2.076207,0.892046,1506.085329,120.337681,10:00,4.88071,-1.56207,5.85135,-43.21176,7.51004,-9.94127,3.20997,-1.56157,67.76494,-5.953184,-0.890283,0.512588,,,,,,,,,,,,5.3376,3.71898,1.49543,50,5.02438,-1.32685,-108.14703,2.66282,6.2728,20.21491,-27.80347,THO_MOR,THO_MOR,ThomasMoreStadium,TeamExclusive,Team,20260902-ThomasMoreStadium-Private-1,f40cf440-a6e4-11f1-821f-9fdd5340c431,73.53354,,,6.7811,,,,,,,49b4253f-79d4-4a2a-a883-d0621e740937,2026-09-02,15:42:49.79,2026-09-02T11:42:49.7950000-04:00,2026-09-02T15:42:49.7950000Z,,v3,643-145989,643-145989,,"Atchley, Chad",10005022,Right,THO_MOR,9a2a1537-cc01-4cfa-8eb5-01ee5508c656,54.64539,-109.01189,10.10745,4.88501,3.85235,-13.90174,1.55793,-1.59522,3.1364,,,,,,,,,,,,,,,,,,,,,,,,,,,,,,,,,,,,,,,,,,,,,,,,,,,High,High,High,,,,,
9,2026-09-02,11:43:09.44,2,2,"Wichmann, Aaron",10146177,Left,THO_MOR,"Thompson, Dylan",10077983,Right,THO_MOR,Undefined,1,Top,1,1,0,Fastball,Changeup,StrikeCalled,Undefined,Undefined,Undefined,0,0,,84.53748,-0.419407,1.571384,2408.864649,146.170378,10:45,5.52,-1.0159,6.36225,-22.33363,16.04769,-9.94154,3.27274,-0.39791,77.266,-4.66545,-0.228431,0.445894,,,,,,,,,,,,5.6152,8.8493,0.90658,50,5.47906,-2.9961,-122.866,-1.50236,8.57645,24.53184,-18.65798,THO_MOR,THO_MOR,ThomasMoreStadium,TeamExclusive,Team,20260902-ThomasMoreStadium-Private-1,ffac43f0-a6e4-11f1-821f-9fdd5340c431,84.53232,,,7.27148,,,,,,,49b4253f-79d4-4a2a-a883-d0621e740937,2026-09-02,15:43:09.44,2026-09-02T11:43:09.4460000-04:00,2026-09-02T15:43:09.4460000Z,,v3,643-145989,643-145989,,"Atchley, Chad",10005022,Right,THO_MOR,30bc73a0-9e12-455f-a77e-78218cd478e5,54.13519,-123.68889,12.26592,5.51896,-0.8765,-9.32899,1.0119,-3.28379,4.28822,,,,,,,,,,,,,,,,,,,,,,,,,,,,,,,,,,,,,,,,,,,,,,,,,,,High,High,High,,,,,
10,2026-09-02,11:43:29.91,2,3,"Wichmann, Aaron",10146177,Left,THO_MOR,"Thompson, Dylan",10077983,Right,THO_MOR,Undefined,1,Top,1,1,1,Curveball,Curveball,BallCalled,Undefined,Undefined,Undefined,0,0,,72.81596,-0.499342,2.244816,2561.090538,328.182311,5:00,5.36579,-1.08963,5.26171,-65.12228,-10.34674,7.59418,-0.53055,1.65324,66.83375,-12.223772,3.596662,0.532678,,,,,,,,,,,,-3.13221,-4.72508,0.87802,50,5.27112,-4.40908,-105.56236,-3.0095,-3.47209,20.92118,-37.4119,THO_MOR,THO_MOR,ThomasMoreStadium,TeamExclusive,Team,20260902-ThomasMoreStadium-Private-1,0beb5610-a6e5-11f1-821f-9fdd5340c431,70.76028,,,5.98222,,,,,,,49b4253f-79d4-4a2a-a883-d0621e740937,2026-09-02,15:43:29.91,2026-09-02T11:43:29.9140000-04:00,2026-09-02T15:43:29.9140000Z,,v3,643-145989,643-145989,,"Atchley, Chad",10005022,Right,THO_MOR,274b3744-7d82-425d-a79d-bdad16d321e4,55.2402,-106.59585,10.46059,5.37414,-1.16139,-18.70595,1.09159,-4.23756,-1.73604,,,,,,,,,,,,,,,,,,,,,,,,,,,,,,,,,,,,,,,,,,,,,,,,,,,High,High,High,,,,,
11,2026-09-02,11:43:59.91,2,4,"Wichmann, Aaron",10146177,Left,THO_MOR,"Thompson, Dylan",10077983,Right,THO_MOR,Undefined,1,Top,1,2,1,Fastball,Changeup,BallCalled,Undefined,Undefined,Undefined,0,0,,84.26807,0.420169,1.79023,2385.17092,150.755937,11:00,5.32739,-1.10262,6.34094,-24.15399,14.57481,-7.46804,3.70157,-0.07628,76.84476,-4.162701,0.439382,0.447908,,,,,,,,,,,,4.38634,7.84032,0.97572,50,5.34645,-3.54331,-122.42937,0.23122,6.64216,24.69111,-20.30155,THO_MOR,THO_MOR,ThomasMoreStadium,TeamExclusive,Team,20260902-ThomasMoreStadium-Private-1,1da83300-a6e5-11f1-821f-9fdd5340c431,84.15227,,,7.42331,,,,,,,49b4253f-79d4-4a2a-a883-d0621e740937,2026-09-02,15:43:59.91,2026-09-02T11:43:59.9190000-04:00,2026-09-02T15:43:59.9190000Z,,v3,643-145989,643-145989,,"Atchley, Chad",10005022,Right,THO_MOR,36545b96-ae13-45a2-a72b-95bfd6c3401b,54.15586,-123.26466,12.34555,5.32701,0.91802,-10.15077,1.09939,-3.76802,3.32108,,,,,,,,,,,,,,,,,,,,,,,,,,,,,,,,,,,,,,,,,,,,,,,,,,,High,High,High,,,,,
12,2026-09-02,11:44:19.02,2,5,"Wichmann, Aaron",10146177,Left,THO_MOR,"Thompson, Dylan",10077983,Right,THO_MOR,Undefined,1,Top,1,3,1,Fastball,Cutter,BallCalled,Walk,Undefined,Undefined,0,0,,83.88864,-0.346792,2.4277,2381.510171,175.564092,11:45,5.48586,-1.30347,6.11337,-24.64383,14.67292,-1.04398,3.11127,0.85554,76.87272,-4.983335,2.239825,0.451295,,,,,,,,,,,,1.20421,8.04583,1.11778,50,5.4463,-5.12531,-121.83237,-1.45286,1.81271,23.59308,-20.06254,THO_MOR,THO_MOR,ThomasMoreStadium,TeamExclusive,Team,20260902-ThomasMoreStadium-Private-1,29098f50-a6e5-11f1-821f-9fdd5340c431,83.52066,,,7.01592,,,,,,,49b4253f-79d4-4a2a-a883-d0621e740937,2026-09-02,15:44:19.02,2026-09-02T11:44:19.0230000-04:00,2026-09-02T15:44:19.0230000Z,,v3,643-145989,643-145989,,"Atchley, Chad",10005022,Right,THO_MOR,c19d1d51-2299-4661-bcfd-7a05598f43ee,54.38418,-122.67844,11.79654,5.4855,-0.73341,-10.03127,1.30274,-5.19032,0.90636,,,,,,,,,,,,,,,,,,,,,,,,,,,,,,,,,,,,,,,,,,,,,,,,,,,High,High,High,,,,,
13,2026-09-02,11:45:38.60,3,1,"Wichmann, Aaron",10146177,Left,THO_MOR,"Bierbaum, Ian",10268661,Left,THO_MOR,Undefined,1,Top,1,0,0,ChangeUp,Changeup,BallCalled,Undefined,Undefined,Undefined,0,0,,72.4638,1.978155,1.39114,1317.995332,136.914316,10:30,4.80042,-1.62884,5.90836,-46.25845,7.68788,-5.39611,2.78292,-0.78703,65.50784,-6.638239,0.42274,0.528631,,,,,,,,,,,,3.19595,3.87776,1.52023,50,4.93326,-2.36138,-105.03497,2.33019,3.51788,20.22808,-27.90567,THO_MOR,THO_MOR,ThomasMoreStadium,TeamExclusive,Team,20260902-ThomasMoreStadium-Private-1,58c19800-a6e5-11f1-821f-9fdd5340c431,71.30203,,,6.95597,,,,,,,49b4253f-79d4-4a2a-a883-d0621e740937,2026-09-02,15:45:38.60,2026-09-02T11:45:38.6010000-04:00,2026-09-02T15:45:38.6010000Z,,v3,643-145989,643-145989,,"Atchley, Chad",10005022,Right,THO_MOR,02d4fdfd-67ef-42e0-b58d-291a3a9def49,54.58669,-105.91461,10.11404,4.80554,3.5437,-13.95284,1.62624,-2.51436,1.75894,,,,,,,,,,,,,,,,,,,,,,,,,,,,,,,,,,,,,,,,,,,,,,,,,,,High,High,High,,,,,
14,2026-09-02,11:45:52.84,3,2,"Wichmann, Aaron",10146177,Left,THO_MOR,"Bierbaum, Ian",10268661,Left,THO_MOR,Undefined,1,Top,1,1,0,Curveball,Curveball,BallCalled,Undefined,Undefined,Undefined,0,0,,72.57054,1.550987,2.032962,2534.907258,319.915454,4:45,5.40153,-1.17419,5.25508,-67.23645,-12.43351,11.96729,1.25706,1.73403,66.68813,-10.586654,4.158516,0.532811,,,,,,,,,,,,-5.40764,-6.28733,0.97842,50,5.49335,-4.17292,-105.27148,0.66437,-6.0057,19.59279,-39.15671,THO_MOR,THO_MOR,ThomasMoreStadium,TeamExclusive,Team,20260902-ThomasMoreStadium-Private-1,610fe7f0-a6e5-11f1-821f-9fdd5340c431,70.74259,,,5.88242,,,,,,,49b4253f-79d4-4a2a-a883-d0621e740937,2026-09-02,15:45:52.84,2026-09-02T11:45:52.8410000-04:00,2026-09-02T15:45:52.8410000Z,,v3,643-145989,643-145989,,"Atchley, Chad",10005022,Right,THO_MOR,1241044b-09e4-43a6-a045-d0b295586c65,55.2476,-106.24366,9.79639,5.41218,2.6073,-19.57835,1.17809,-3.87492,-3.00285,,,,,,,,,,,,,,,,,,,,,,,,,,,,,,,,,,,,,,,,,,,,,,,,,,,High,High,High,,,,,
15,2026-09-02,11:46:14.30,3,3,"Wichmann, Aaron",10146177,Left,THO_MOR,"Bierbaum, Ian",10268661,Left,THO_MOR,Undefined,1,Top,1,2,0,Fastball,Changeup,StrikeCalled,Undefined,Undefined,Undefined,0,0,,84.17727,-1.49013,0.716868,2455.563628,163.690294,11:30,5.47279,-0.95996,6.11968,-20.33611,19.24568,-5.21532,2.40008,-0.73179,76.04966,-5.385594,-0.22339,0.452813,,,,,,,,,,,,2.90567,10.80831,0.90766,50,5.34807,-1.32108,-122.11366,-3.71097,4.32728,27.12572,-16.07776,THO_MOR,THO_MOR,ThomasMoreStadium,TeamExclusive,Team,20260902-ThomasMoreStadium-Private-1,6dd6c7b0-a6e5-11f1-821f-9fdd5340c431,83.2406,,,8.12761,,,,,,,49b4253f-79d4-4a2a-a883-d0621e740937,2026-09-02,15:46:14.30,2026-09-02T11:46:14.3020000-04:00,2026-09-02T15:46:14.3020000Z,,v3,643-145989,643-145989,,"Atchley, Chad",10005022,Right,THO_MOR,c5b122ce-ced4-4e19-ae1f-8d339f84a462,54.37485,-123.08163,13.56286,5.47026,-3.13724,-8.03888,0.95756,-1.4755,2.16364,,,,,,,,,,,,,,,,,,,,,,,,,,,,,,,,,,,,,,,,,,,,,,,,,,,High,High,High,,,,,
16,2026-09-02,11:46:33.14,3,4,"Wichmann, Aaron",10146177,Left,THO_MOR,"Bierbaum, Ian",10268661,Left,THO_MOR,Undefined,1,Top,1,2,1,Fastball,Cutter,BallCalled,Undefined,Undefined,Undefined,0,0,,83.14451,-0.948546,2.924371,2357.060029,163.731009,11:30,5.34241,-1.01436,6.13422,-26.0986,14.14552,-3.74284,2.28962,1.37891,75.86756,-5.857974,2.25069,0.456586,,,,,,,,,,,,2.78331,7.98225,0.79293,50,5.25642,-6.0198,-120.6299,-2.75216,4.08439,24.36425,-20.46048,THO_MOR,THO_MOR,ThomasMoreStadium,TeamExclusive,Team,20260902-ThomasMoreStadium-Private-1,790d1c60-a6e5-11f1-821f-9fdd5340c431,82.5528,,,7.27695,,,,,,,49b4253f-79d4-4a2a-a883-d0621e740937,2026-09-02,15:46:33.14,2026-09-02T11:46:33.1410000-04:00,2026-09-02T15:46:33.1410000Z,,v3,643-145989,643-145989,,"Atchley, Chad",10005022,Right,THO_MOR,887c3881-52d0-4c24-94c5-6ee00049c885,54.36272,-121.50786,12.18212,5.34231,-2.01486,-10.23024,1.0125,-6.16698,2.04219,,,,,,,,,,,,,,,,,,,,,,,,,,,,,,,,,,,,,,,,,,,,,,,,,,,High,High,High,,,,,
17,2026-09-02,11:46:54.10,3,5,"Wichmann, Aaron",10146177,Left,THO_MOR,"Bierbaum, Ian",10268661,Left,THO_MOR,Undefined,1,Top,1,3,1,ChangeUp,Slider,BallCalled,Walk,Undefined,Undefined,0,0,,76.79146,-1.237894,1.090713,1048.261043,117.030498,10:00,4.94534,-1.58371,5.7465,-41.55238,6.95406,-10.08662,0.32976,-1.40867,69.4992,-8.9215,-0.718521,0.501269,,,,,,,,,,,,5.56292,4.42555,1.49957,50,4.81719,-1.75217,-111.3265,-3.6624,6.8374,23.82797,-26.73458,THO_MOR,THO_MOR,ThomasMoreStadium,TeamExclusive,Team,20260902-ThomasMoreStadium-Private-1,85800fc0-a6e5-11f1-821f-9fdd5340c431,75.19399,,,7.29226,,,,,,,49b4253f-79d4-4a2a-a883-d0621e740937,2026-09-02,15:46:54.10,2026-09-02T11:46:54.1030000-04:00,2026-09-02T15:46:54.1030000Z,,v3,643-145989,643-145989,,"Atchley, Chad",10005022,Right,THO_MOR,0333f54c-9278-4f4c-8812-c8aaec88b5ee,54.75104,-112.3388,11.91398,4.94865,-2.52662,-13.36729,1.58018,-2.04264,3.4187,,,,,,,,,,,,,,,,,,,,,,,,,,,,,,,,,,,,,,,,,,,,,,,,,,,High,High,High,,,,,
18,2026-09-02,11:47:28.51,4,1,"Wichmann, Aaron",10146177,Left,THO_MOR,"Cones, Logan",10087159,Right,THO_MOR,Undefined,1,Top,1,0,0,Cutter,Curveball,StrikeCalled,Undefined,Undefined,Undefined,0,0,,76.92381,2.046533,0.897786,2495.298662,291.200406,3:45,4.77321,-1.6806,5.53538,-47.25597,0.75366,2.01705,2.74915,-0.67329,70.27495,-6.623493,1.257405,0.498696,,,,,,,,,,,,-0.76059,0.24559,1.60133,50,4.9194,-1.82603,-111.61394,2.4543,-0.95613,20.73574,-31.86533,THO_MOR,THO_MOR,ThomasMoreStadium,TeamExclusive,Team,20260902-ThomasMoreStadium-Private-1,9a401a90-a6e5-11f1-821f-9fdd5340c431,75.58204,,,6.64886,,,,,,,49b4253f-79d4-4a2a-a883-d0621e740937,2026-09-02,15:47:28.51,2026-09-02T11:47:28.5120000-04:00,2026-09-02T15:47:28.5120000Z,,v3,643-145989,643-145989,,"Atchley, Chad",10005022,Right,THO_MOR,c6ca3fbe-4f79-4a57-97e2-4337582da718,54.96292,-112.53218,10.36787,4.77947,3.86539,-15.93267,1.68125,-1.78368,-0.47807,,,,,,,,,,,,,,,,,,,,,,,,,,,,,,,,,,,,,,,,,,,,,,,,,,,High,High,High,,,,,
19,2026-09-02,11:47:49.73,4,2,"Wichmann, Aaron",10146177,Left,THO_MOR,"Cones, Logan",10087159,Right,THO_MOR,Undefined,1,Top,1,0,1,Fastball,Four-Seam,Undefined,Undefined,Undefined,Undefined,0,0,,85.12932,-0.621641,0.450624,2408.501807,148.341427,11:00,5.36558,-1.08047,6.45165,-20.44434,17.4019,-9.96646,3.09074,-1.49701,77.53723,-4.537282,-1.357378,0.442775,,,,,,,,,,,,5.32866,9.64875,1.05264,50,5.3122,-0.59689,-123.73134,-1.86682,8.21866,25.86072,-17.29225,THO_MOR,THO_MOR,ThomasMoreStadium,TeamExclusive,Team,20260902-ThomasMoreStadium-Private-1,a6a52b40-a6e5-11f1-821f-9fdd5340c431,85.12782,,,7.59209,,,,,,,49b4253f-79d4-4a2a-a883-d0621e740937,2026-09-02,15:47:49.73,2026-09-02T11:47:49.7350000-04:00,2026-09-02T15:47:49.7350000Z,,v3,643-145989,643-145989,,"Atchley, Chad",10005022,Right,THO_MOR,f1669b6a-6cbb-48a9-aa5b-32fe1ef9d16e,54.04506,-124.57392,12.93036,5.36385,-1.30341,-8.64613,1.07645,-0.86466,4.10933,,,,,,,,,,,,,,,,,,,,,,,,,,,,,,,,,,,,,,,,,,,,,,,,,,,High,High,High,,,,,
1,2026-09-02,12:59:20.17,1,1,"Cones, Logan",10087159,Right,THO_MOR,"Atchley, Chad",10005022,Right,THO_MOR,Undefined,1,Top,0,0,0,Fastball,Four-Seam,Undefined,Undefined,Undefined,Undefined,0,0,,84.71778,-1.071571,-2.818326,2281.84166,216.603596,1:15,5.74336,1.69945,5.58783,-22.3923,16.55206,11.47788,2.8754,0.02212,78.36979,-5.237278,-0.772732,0.449152,,,,,,,,,,,,-6.49792,8.98977,-1.46502,50,5.63669,5.58559,-123.03548,-3.01688,-10.09446,21.33196,-18.20856,THO_MOR,THO_MOR,ThomasMoreStadium,TeamExclusive,Team,20260902-ThomasMoreStadium-Private-2,a3e9a930-a6ef-11f1-821f-9fdd5340c431,83.91905,,,6.348,,,,,,,63602fdd-a5de-4102-b827-7e27213af322,2026-09-02,16:59:20.17,2026-09-02T12:59:20.1720000-04:00,2026-09-02T16:59:20.1720000Z,,v3,643-145989,643-145989,,"Atchley, Chad",10005022,Right,THO_MOR,7cf84bc4-3499-4241-8ec4-a725ffa0c5cf,54.91129,-123.88408,10.66598,5.74229,-2.29254,-9.10428,-1.6952,5.98715,-5.04723,,,,,,,,,,,,,,,,,,,,,,,,,,,,,,,,,,,,,,,,,,,,,,,,,,,High,High,High,,,,,
3,2026-09-02,13:00:08.12,1,3,"Cones, Logan",10087159,Right,THO_MOR,"Atchley, Chad",10005022,Right,THO_MOR,Undefined,1,Top,0,0,1,Sinker,Changeup,BallCalled,Undefined,Undefined,Undefined,0,0,,84.19779,0.635141,-3.625798,2118.93428,236.53856,2:00,5.50267,1.95853,5.62279,-28.4697,11.07012,15.0195,3.72411,-0.17785,77.53501,-4.632688,-0.950582,0.452573,,,,,,,,,,,,-8.51615,5.80622,-1.65897,50,5.53859,7.12671,-122.17899,0.41403,-13.00381,21.77903,-23.30818,THO_MOR,THO_MOR,ThomasMoreStadium,TeamExclusive,Team,20260902-ThomasMoreStadium-Private-2,c07a4870-a6ef-11f1-821f-9fdd5340c431,83.28475,,,6.66278,,,,,,,63602fdd-a5de-4102-b827-7e27213af322,2026-09-02,17:00:08.12,2026-09-02T13:00:08.1260000-04:00,2026-09-02T17:00:08.1260000Z,,v3,643-145989,643-145989,,"Atchley, Chad",10005022,Right,THO_MOR,fd5f09fc-97b1-44f9-8f84-b20fef23d36a,54.87652,-123.04518,10.88951,5.50368,1.34104,-11.65409,-1.9527,7.64389,-6.5019,,,,,,,,,,,,,,,,,,,,,,,,,,,,,,,,,,,,,,,,,,,,,,,,,,,High,High,High,,,,,
5,2026-09-02,13:00:23.42,1,5,"Cones, Logan",10087159,Right,THO_MOR,"Atchley, Chad",10005022,Right,THO_MOR,Undefined,1,Top,0,1,1,Sinker,Changeup,BallCalled,Undefined,Undefined,Undefined,0,0,,84.85393,0.250052,-1.44309,2100.510686,246.156365,2:15,5.50851,1.74039,5.49805,-31.41151,7.41851,14.39702,3.12484,1.59007,78.66669,-5.512284,1.122711,0.448492,,,,,,,,,,,,-7.62347,4.0178,-1.62426,50,5.50903,2.51011,-123.3862,-0.56149,-11.9192,21.2847,-25.89229,THO_MOR,THO_MOR,ThomasMoreStadium,TeamExclusive,Team,20260902-ThomasMoreStadium-Private-2,c99b9fd0-a6ef-11f1-821f-9fdd5340c431,84.04255,,,6.18724,,,,,,,63602fdd-a5de-4102-b827-7e27213af322,2026-09-02,17:00:23.42,2026-09-02T13:00:23.4210000-04:00,2026-09-02T17:00:23.4210000Z,,v3,643-145989,643-145989,,"Atchley, Chad",10005022,Right,THO_MOR,fe06ecfe-32e3-4222-b5b1-ec4521965c48,55.00216,-124.2461,10.64235,5.51059,0.48456,-12.94615,-1.73539,2.99165,-5.9596,,,,,,,,,,,,,,,,,,,,,,,,,,,,,,,,,,,,,,,,,,,,,,,,,,,High,High,High,,,,,
6,2026-09-02,13:00:41.75,1,6,"Cones, Logan",10087159,Right,THO_MOR,"Atchley, Chad",10005022,Right,THO_MOR,Undefined,1,Top,0,2,1,Cutter,Slider,BallCalled,Undefined,Undefined,Undefined,0,0,,78.15295,-0.609437,-3.503448,2291.445326,157.918024,11:15,5.40102,2.03012,5.28901,-39.96919,6.73941,-2.16752,1.4969,-1.44432,72.20294,-7.878606,-3.887223,0.491892,,,,,,,,,,,,0.16492,3.95166,-1.70906,50,5.31616,7.02129,-113.30162,-2.54225,0.21541,19.75397,-27.01218,THO_MOR,THO_MOR,ThomasMoreStadium,TeamExclusive,Team,20260902-ThomasMoreStadium-Private-2,d49cdac0-a6ef-11f1-821f-9fdd5340c431,76.62745,,,5.95001,,,,,,,63602fdd-a5de-4102-b827-7e27213af322,2026-09-02,17:00:41.75,2026-09-02T13:00:41.7590000-04:00,2026-09-02T17:00:41.7590000Z,,v3,643-145989,643-145989,,"Atchley, Chad",10005022,Right,THO_MOR,241b4b96-9c71-401b-b7f2-e1b63ca8974f,55.20966,-114.20631,9.87699,5.40427,-1.30516,-13.50609,-2.03039,7.01142,0.10771,,,,,,,,,,,,,,,,,,,,,,,,,,,,,,,,,,,,,,,,,,,,,,,,,,,High,High,High,,,,,
7,2026-09-02,13:00:57.71,1,7,"Cones, Logan",10087159,Right,THO_MOR,"Atchley, Chad",10005022,Right,THO_MOR,Undefined,1,Top,0,3,1,Cutter,Slider,BallCalled,Walk,Undefined,Undefined,0,0,,77.79314,-1.40088,-3.694597,2049.314213,201.833959,12:45,5.39113,1.87996,5.45155,-42.12357,4.95768,1.39547,0.56639,-1.46727,71.7408,-9.066133,-3.446583,0.49385,,,,,,,,,,,,-1.72697,3.33244,-1.55457,50,5.23833,7.22423,-112.7087,-4.14139,-2.22269,20.37826,-27.88503,THO_MOR,THO_MOR,ThomasMoreStadium,TeamExclusive,Team,20260902-ThomasMoreStadium-Private-2,de222410-a6ef-11f1-821f-9fdd5340c431,76.32359,,,6.05234,,,,,,,63602fdd-a5de-4102-b827-7e27213af322,2026-09-02,17:00:57.71,2026-09-02T13:00:57.7140000-04:00,2026-09-02T17:00:57.7140000Z,,v3,643-145989,643-145989,,"Atchley, Chad",10005022,Right,THO_MOR,686f3fc8-79e4-432d-a6f8-ec2559aca0ff,55.04659,-113.61749,10.18913,5.39529,-2.89784,-13.94252,-1.87895,7.32335,-1.11134,,,,,,,,,,,,,,,,,,,,,,,,,,,,,,,,,,,,,,,,,,,,,,,,,,,High,High,High,,,,,
8,2026-09-02,13:01:16.37,2,1,"Cones, Logan",10087159,Right,THO_MOR,"Thompson, Dylan",10077983,Right,THO_MOR,Undefined,1,Top,0,0,0,Slider,Slider,BallCalled,Undefined,Undefined,Undefined,0,0,,76.93946,-0.312822,-2.521683,3001.910937,203.891751,12:45,5.41439,1.94441,5.37372,-45.39156,3.15362,0.67142,1.3382,-0.36528,70.3013,-8.599901,-2.402323,0.501469,,,,,,,,,,,,-1.10563,2.10949,-1.71888,50,5.35413,4.88619,-111.53013,-2.09517,-1.38039,21.70552,-29.54037,THO_MOR,THO_MOR,ThomasMoreStadium,TeamExclusive,Team,20260902-ThomasMoreStadium-Private-2,e94f9f20-a6ef-11f1-821f-9fdd5340c431,75.16398,,,6.63816,,,,,,,63602fdd-a5de-4102-b827-7e27213af322,2026-09-02,17:01:16.37,2026-09-02T13:01:16.3730000-04:00,2026-09-02T17:01:16.3730000Z,,v3,643-145989,643-145989,,"Atchley, Chad",10005022,Right,THO_MOR,52554532-38ab-44c5-a527-7cecedf1617e,55.12467,-112.52305,10.85276,5.41906,-0.74385,-14.77019,-1.94385,4.94933,-0.69019,,,,,,,,,,,,,,,,,,,,,,,,,,,,,,,,,,,,,,,,,,,,,,,,,,,High,High,High,,,,,
9,2026-09-02,13:01:35.09,2,2,"Cones, Logan",10087159,Right,THO_MOR,"Thompson, Dylan",10077983,Right,THO_MOR,Undefined,1,Top,0,1,0,Slider,Curveball,StrikeCalled,Undefined,Undefined,Undefined,0,0,,75.17234,2.012575,-1.238191,2193.161239,63.208157,8:00,5.37904,2.12324,5.18515,-52.00507,-1.63201,-6.05654,2.93995,0.45345,69.5709,-7.409765,-2.310938,0.510823,,,,,,,,,,,,2.70811,-0.88079,-2.00345,50,5.52629,2.59262,-109.15884,2.08436,3.29608,17.6439,-33.24609,THO_MOR,THO_MOR,ThomasMoreStadium,TeamExclusive,Team,20260902-ThomasMoreStadium-Private-2,f45dd260-a6ef-11f1-821f-9fdd5340c431,73.78766,,,5.60145,,,,,,,63602fdd-a5de-4102-b827-7e27213af322,2026-09-02,17:01:35.09,2026-09-02T13:01:35.0990000-04:00,2026-09-02T17:01:35.0990000Z,,v3,643-145989,643-145989,,"Atchley, Chad",10005022,Right,THO_MOR,47f6bc11-0703-492b-95e2-de1a260b77c1,55.31511,-110.0146,8.82195,5.3861,3.69684,-16.62305,-2.12532,2.43276,1.64804,,,,,,,,,,,,,,,,,,,,,,,,,,,,,,,,,,,,,,,,,,,,,,,,,,,High,High,High,,,,,
10,2026-09-02,13:01:53.41,2,3,"Cones, Logan",10087159,Right,THO_MOR,"Thompson, Dylan",10077983,Right,THO_MOR,Undefined,1,Top,0,1,1,Slider,Curveball,BallCalled,Undefined,Undefined,Undefined,0,0,,73.38723,0.488906,-3.378734,2440.885544,49.148466,7:45,5.56046,1.71932,5.118,-57.1883,-4.02331,-6.39666,1.25612,-2.00012,68.31047,-9.786777,-4.508864,0.524788,,,,,,,,,,,,2.31953,-1.68173,-1.39602,50,5.56166,6.52476,-106.46087,-0.99092,2.67998,17.12436,-34.11714,THO_MOR,THO_MOR,ThomasMoreStadium,TeamExclusive,Team,20260902-ThomasMoreStadium-Private-2,ff49d7a0-a6ef-11f1-821f-9fdd5340c431,71.82406,,,5.07675,,,,,,,63602fdd-a5de-4102-b827-7e27213af322,2026-09-02,17:01:53.41,2026-09-02T13:01:53.4110000-04:00,2026-09-02T17:01:53.4110000Z,,v3,643-145989,643-145989,,"Atchley, Chad",10005022,Right,THO_MOR,682e5bb6-72b1-4d4b-83cf-7bd53e225407,55.38316,-107.32326,8.56218,5.5683,0.72724,-17.05857,-1.72121,6.38979,1.33999,,,,,,,,,,,,,,,,,,,,,,,,,,,,,,,,,,,,,,,,,,,,,,,,,,,High,High,High,,,,,
11,2026-09-02,13:03:41.03,2,4,"Cones, Logan",10087159,Right,THO_MOR,"Thompson, Dylan",10077983,Right,THO_MOR,Undefined,1,Top,0,2,1,Slider,Slider,BallCalled,Undefined,Undefined,Undefined,0,0,,77.06263,1.712962,-2.394667,2257.899981,107.602541,9:30,5.28459,2.00515,5.28884,-44.48979,4.06575,-7.7439,3.18745,-0.89007,70.16106,-6.431342,-3.766274,0.501523,,,,,,,,,,,,3.15362,2.00008,-1.78109,50,5.40844,4.97461,-111.64155,1.86287,3.95008,21.51886,-29.66884,THO_MOR,THO_MOR,ThomasMoreStadium,TeamExclusive,Team,20260902-ThomasMoreStadium-Private-2,3f7b40c0-a6f0-11f1-8fc3-b92a07c1508c,75.15594,,,6.90156,,,,,,,63602fdd-a5de-4102-b827-7e27213af322,2026-09-02,17:03:41.03,2026-09-02T13:03:41.0360000-04:00,2026-09-02T17:03:41.0360000Z,,v3,643-145989,643-145989,,"Atchley, Chad",10005022,Right,THO_MOR,f5f944ab-1be2-44f1-b97e-89cfdc2f5694,55.20816,-112.64095,10.75943,5.28993,3.24077,-14.83442,-2.00787,4.79116,1.97504,,,,,,,,,,,,,,,,,,,,,,,,,,,,,,,,,,,,,,,,,,,,,,,,,,,High,High,High,,,,,
12,2026-09-02,13:04:34.26,2,5,"Cones, Logan",10087159,Right,THO_MOR,"Thompson, Dylan",10077983,Right,THO_MOR,Undefined,1,Top,0,3,1,ChangeUp,Curveball,BallCalled,Walk,Undefined,Undefined,0,0,,76.85448,-0.654787,-2.684993,2011.017839,186.632324,12:15,5.22478,2.01498,5.6108,-45.83329,2.12366,0.06941,0.79348,-0.48718,70.71188,-9.026694,-2.672597,0.498422,,,,,,,,,,,,-0.80787,1.64473,-1.78546,50,5.13885,5.22691,-111.51063,-2.72526,-1.01386,20.66657,-30.10993,THO_MOR,THO_MOR,ThomasMoreStadium,TeamExclusive,Team,20260902-ThomasMoreStadium-Private-2,5f31b110-a6f0-11f1-8fc3-b92a07c1508c,75.62356,,,6.1426,,,,,,,63602fdd-a5de-4102-b827-7e27213af322,2026-09-02,17:04:34.26,2026-09-02T13:04:34.2600000-04:00,2026-09-02T17:04:34.2600000Z,,v3,643-145989,643-145989,,"Atchley, Chad",10005022,Right,THO_MOR,5f2140b5-c8c4-4098-b27f-61381ae5fef6,54.88901,-112.41307,10.33329,5.22915,-1.41046,-15.05496,-2.01467,5.27118,-0.50693,,,,,,,,,,,,,,,,,,,,,,,,,,,,,,,,,,,,,,,,,,,,,,,,,,,High,High,High,,,,,
13,2026-09-02,13:04:58.02,3,1,"Cones, Logan",10087159,Right,THO_MOR,"Bierbaum, Ian",10268661,Left,THO_MOR,Undefined,1,Top,0,0,0,Slider,Curveball,BallCalled,Undefined,Undefined,Undefined,0,0,,74.27262,-0.230998,-2.03981,2481.237772,50.00055,7:45,5.42009,1.88543,5.24251,-54.6094,-3.27941,-5.57386,0.65208,-0.49689,69.4514,-10.057815,-3.029851,0.515652,,,,,,,,,,,,2.33036,-1.30658,-1.69352,50,5.35729,4.04542,-107.94868,-2.21709,2.77883,16.93019,-33.7321,THO_MOR,THO_MOR,ThomasMoreStadium,TeamExclusive,Team,20260902-ThomasMoreStadium-Private-2,6d4ada60-a6f0-11f1-8fc3-b92a07c1508c,73.09662,,,4.82122,,,,,,,63602fdd-a5de-4102-b827-7e27213af322,2026-09-02,17:04:58.02,2026-09-02T13:04:58.0270000-04:00,2026-09-02T17:04:58.0270000Z,,v3,643-145989,643-145989,,"Atchley, Chad",10005022,Right,THO_MOR,a718309d-dc93-447b-b684-9bf2a03aaa68,55.2602,-108.77054,8.4651,5.42518,-0.5796,-16.86605,-1.88663,3.91053,1.38941,,,,,,,,,,,,,,,,,,,,,,,,,,,,,,,,,,,,,,,,,,,,,,,,,,,High,High,High,,,,,
14,2026-09-02,13:05:25.17,3,2,"Cones, Logan",10087159,Right,THO_MOR,"Bierbaum, Ian",10268661,Left,THO_MOR,Undefined,1,Top,0,1,0,Cutter,Slider,StrikeCalled,Undefined,Undefined,Undefined,0,0,,79.11572,0.80466,-2.925605,2265.059704,196.739405,12:30,5.48268,1.99041,5.36579,-35.82974,9.63615,2.48114,3.2524,-0.54842,72.62422,-5.7771,-2.485592,0.485305,,,,,,,,,,,,-2.02768,5.04555,-1.72954,50,5.52965,5.76455,-114.73173,0.43312,-2.71286,20.48463,-25.42356,THO_MOR,THO_MOR,ThomasMoreStadium,TeamExclusive,Team,20260902-ThomasMoreStadium-Private-2,7d73f7f0-a6f0-11f1-8fc3-b92a07c1508c,77.6676,,,6.49151,,,,,,,63602fdd-a5de-4102-b827-7e27213af322,2026-09-02,17:05:25.17,2026-09-02T13:05:25.1710000-04:00,2026-09-02T17:05:25.1710000Z,,v3,643-145989,643-145989,,"Atchley, Chad",10005022,Right,THO_MOR,15a66d62-8176-45b1-8da6-93472e6b2b1e,55.13159,-115.64431,10.24231,5.48512,1.56573,-12.71178,-1.98904,5.88541,-1.35643,,,,,,,,,,,,,,,,,,,,,,,,,,,,,,,,,,,,,,,,,,,,,,,,,,,High,High,High,,,,,
15,2026-09-02,13:05:49.48,3,3,"Cones, Logan",10087159,Right,THO_MOR,"Bierbaum, Ian",10268661,Left,THO_MOR,Undefined,1,Top,0,1,1,Fastball,Changeup,StrikeCalled,Undefined,Undefined,Undefined,0,0,,83.19609,-0.803462,-3.279936,2290.06831,221.144353,1:15,5.56035,2.08083,5.98477,-28.87927,10.73823,8.46713,2.40779,-0.25691,77.45933,-6.146775,-1.760311,0.453017,,,,,,,,,,,,-5.11284,6.043,-1.82644,50,5.48063,6.60864,-120.90941,-2.59638,-7.70556,19.57866,-23.06665,THO_MOR,THO_MOR,ThomasMoreStadium,TeamExclusive,Team,20260902-ThomasMoreStadium-Private-2,8c17fc20-a6f0-11f1-8fc3-b92a07c1508c,83.20307,,,5.73675,,,,,,,63602fdd-a5de-4102-b827-7e27213af322,2026-09-02,17:05:49.48,2026-09-02T13:05:49.4890000-04:00,2026-09-02T17:05:49.4890000Z,,v3,643-145989,643-145989,,"Atchley, Chad",10005022,Right,THO_MOR,6c4e92a5-9baf-4b8e-ada6-6b44e067087a,54.51525,-121.63836,9.78933,5.56131,-1.73757,-11.53333,-2.07784,6.89553,-3.85278,,,,,,,,,,,,,,,,,,,,,,,,,,,,,,,,,,,,,,,,,,,,,,,,,,,High,High,High,,,,,
16,2026-09-02,13:06:09.23,3,4,"Cones, Logan",10087159,Right,THO_MOR,"Bierbaum, Ian",10268661,Left,THO_MOR,Undefined,1,Top,0,1,2,Slider,Slider,BallCalled,Undefined,Undefined,Undefined,0,0,,77.87579,-0.445648,-0.642663,2268.608843,145.883368,10:45,5.50397,1.83889,5.30124,-39.35734,7.82611,-4.27154,1.80579,0.87959,71.39474,-7.648406,-1.401777,0.494386,,,,,,,,,,,,1.96984,4.47981,-1.77723,50,5.43492,1.43432,-113.02155,-2.17669,2.54083,21.13802,-26.3957,THO_MOR,THO_MOR,ThomasMoreStadium,TeamExclusive,Team,20260902-ThomasMoreStadium-Private-2,97cd6be0-a6f0-11f1-8fc3-b92a07c1508c,76.24088,,,6.48105,,,,,,,63602fdd-a5de-4102-b827-7e27213af322,2026-09-02,17:06:09.23,2026-09-02T13:06:09.2350000-04:00,2026-09-02T17:06:09.2350000Z,,v3,643-145989,643-145989,,"Atchley, Chad",10005022,Right,THO_MOR,49ffb80e-c7cf-462c-a94e-9a195c10f94b,55.19684,-113.98935,10.56901,5.50692,-0.96816,-13.19785,-1.84024,1.318,1.27041,,,,,,,,,,,,,,,,,,,,,,,,,,,,,,,,,,,,,,,,,,,,,,,,,,,High,High,High,,,,,
17,2026-09-02,13:06:33.67,3,5,"Cones, Logan",10087159,Right,THO_MOR,"Bierbaum, Ian",10268661,Left,THO_MOR,Undefined,1,Top,0,2,2,Fastball,Four-Seam,StrikeCalled,Strikeout,Undefined,Undefined,0,0,,85.00389,-0.580019,-1.788755,2338.576484,214.344506,1:15,5.85595,1.80261,5.93822,-25.89962,12.23835,7.63414,3.15931,0.77889,78.66673,-5.399165,-0.41759,0.444478,,,,,,,,,,,,-4.36248,6.76138,-1.6643,50,5.79494,3.56036,-123.60384,-2.06485,-6.83127,21.82267,-21.58634,THO_MOR,THO_MOR,ThomasMoreStadium,TeamExclusive,Team,20260902-ThomasMoreStadium-Private-2,a6488b50-a6f0-11f1-8fc3-b92a07c1508c,84.80156,,,6.33715,,,,,,,63602fdd-a5de-4102-b827-7e27213af322,2026-09-02,17:06:33.67,2026-09-02T13:06:33.6710000-04:00,2026-09-02T17:06:33.6710000Z,,v3,643-145989,643-145989,,"Atchley, Chad",10005022,Right,THO_MOR,1e33adba-d578-4c86-8469-bae208434f2f,54.56098,-124.40648,10.91134,5.85628,-1.27089,-10.79317,-1.79987,3.81162,-3.41563,,,,,,,,,,,,,,,,,,,,,,,,,,,,,,,,,,,,,,,,,,,,,,,,,,,High,High,High,,,,,
18,2026-09-02,13:13:02.30,1,1,"Hanna, Brogan",,Right,THO_MOR,"Atchley, Chad",10005022,Right,THO_MOR,Undefined,1,Bottom,0,0,0,Fastball,Changeup,BallCalled,Undefined,Undefined,Undefined,0,0,,82.5797,-2.432094,-0.373601,2103.152393,202.347983,12:45,6.22934,1.34224,6.50114,-20.11505,19.4293,7.52989,2.31943,1.62682,76.61407,-6.244218,0.994117,0.452599,,,,,,,,,,,,-4.02969,11.13111,-1.31911,50,6.04999,0.5153,-120.11533,-5.60088,-5.96383,20.42896,-15.70038,THO_MOR,THO_MOR,ThomasMoreStadium,TeamExclusive,Team,20260902-ThomasMoreStadium-Private-2,8e144be0-a6f1-11f1-8fc3-b92a07c1508c,83.27998,,,5.96563,,,,,,,63602fdd-a5de-4102-b827-7e27213af322,2026-09-02,17:13:02.30,2026-09-02T13:13:02.3080000-04:00,2026-09-02T17:13:02.3080000Z,,v3,643-145989,643-145989,,"Atchley, Chad",10005022,Right,THO_MOR,e8c8c5b8-c78a-4a14-8f77-acf85f80de89,53.99718,-120.79325,10.21448,6.2272,-5.07988,-7.85019,-1.33949,0.7132,-2.98191,,,,,,,,,,,,,,,,,,,,,,,,,,,,,,,,,,,,,,,,,,,,,,,,,,,High,High,High,,,,,
19,2026-09-02,13:13:14.58,1,2,"Hanna, Brogan",,Right,THO_MOR,"Atchley, Chad",10005022,Right,THO_MOR,Undefined,1,Bottom,0,1,0,Fastball,Four-Seam,StrikeCalled,Undefined,Undefined,Undefined,0,0,,83.681,-1.868933,-1.184734,2130.449032,198.843638,12:45,6.27843,1.19213,6.48843,-17.67481,20.99474,6.77737,3.08876,0.6691,77.1991,-5.254562,0.045325,0.447565,,,,,,,,,,,,-3.85634,11.84001,-1.11184,50,6.13912,2.27331,-121.70129,-4.39309,-5.8323,22.00486,-14.26731,THO_MOR,THO_MOR,ThomasMoreStadium,TeamExclusive,Team,20260902-ThomasMoreStadium-Private-2,9566fdc0-a6f1-11f1-8fc3-b92a07c1508c,84.21672,,,6.4819,,,,,,,63602fdd-a5de-4102-b827-7e27213af322,2026-09-02,17:13:14.58,2026-09-02T13:13:14.5810000-04:00,2026-09-02T17:13:14.5810000Z,,v3,643-145989,643-145989,,"Atchley, Chad",10005022,Right,THO_MOR,de3fe60f-a005-4fda-ab04-948d051d2bdd,54.01011,-122.42421,11.00243,6.27575,-3.92437,-7.13366,-1.18967,2.46492,-2.91615,,,,,,,,,,,,,,,,,,,,,,,,,,,,,,,,,,,,,,,,,,,,,,,,,,,High,High,High,,,,,
20,2026-09-02,13:13:29.38,1,3,"Hanna, Brogan",,Right,THO_MOR,"Atchley, Chad",10005022,Right,THO_MOR,Undefined,1,Bottom,0,1,1,ChangeUp,Splitter,BallCalled,Undefined,Undefined,Undefined,0,0,,78.82238,-1.500809,-0.083713,802.464013,206.316385,1:00,6.25274,1.4526,6.08134,-37.12541,7.18323,2.91169,1.77014,1.61779,73.06267,-8.353284,0.441805,0.479088,,,,,,,,,,,,-1.53311,4.48756,-1.44769,50,6.11697,0.06447,-114.61717,-4.10428,-2.05278,19.88782,-26.16535,THO_MOR,THO_MOR,ThomasMoreStadium,TeamExclusive,Team,20260902-ThomasMoreStadium-Private-2,9e20b9b0-a6f1-11f1-8fc3-b92a07c1508c,78.67534,,,5.75972,,,,,,,63602fdd-a5de-4102-b827-7e27213af322,2026-09-02,17:13:29.38,2026-09-02T13:13:29.3800000-04:00,2026-09-02T17:13:29.3800000Z,,v3,643-145989,643-145989,,"Atchley, Chad",10005022,Right,THO_MOR,3f4a75b2-a039-43ed-9f43-336119a98abd,54.41802,-115.38121,9.94391,6.25534,-3.09907,-13.08268,-1.45168,0.14333,-1.02639,,,,,,,,,,,,,,,,,,,,,,,,,,,,,,,,,,,,,,,,,,,,,,,,,,,High,High,High,,,,,
21,2026-09-02,13:13:42.89,1,4,"Hanna, Brogan",,Right,THO_MOR,"Atchley, Chad",10005022,Right,THO_MOR,Undefined,1,Bottom,0,2,1,Fastball,Four-Seam,StrikeCalled,Undefined,Undefined,Undefined,0,0,,84.05742,-2.473704,-1.281317,2134.559767,195.329922,12:30,6.2413,1.28528,6.57617,-18.55269,19.83438,5.11299,2.42604,0.53681,77.30375,-6.024769,-0.351672,0.445927,,,,,,,,,,,,-3.0304,11.45721,-1.19935,50,6.06327,2.54909,-122.16097,-5.72197,-4.59709,23.1918,-14.7935,THO_MOR,THO_MOR,ThomasMoreStadium,TeamExclusive,Team,20260902-ThomasMoreStadium-Private-2,a6407f90-a6f1-11f1-8fc3-b92a07c1508c,84.52601,,,6.75367,,,,,,,63602fdd-a5de-4102-b827-7e27213af322,2026-09-02,17:13:42.89,2026-09-02T13:13:42.8980000-04:00,2026-09-02T17:13:42.8980000Z,,v3,643-145989,643-145989,,"Atchley, Chad",10005022,Right,THO_MOR,cb26cc0f-e182-47d9-b390-af3533be57ba,53.92176,-122.90325,11.5959,6.23883,-5.24849,-7.39675,-1.28329,2.69623,-2.29854,,,,,,,,,,,,,,,,,,,,,,,,,,,,,,,,,,,,,,,,,,,,,,,,,,,High,High,High,,,,,
22,2026-09-02,13:13:57.49,1,5,"Hanna, Brogan",,Right,THO_MOR,"Atchley, Chad",10005022,Right,THO_MOR,Undefined,1,Bottom,0,2,2,Curveball,Curveball,BallCalled,Undefined,Undefined,Undefined,0,0,,73.6119,2.091119,-0.988821,1979.81325,64.275614,8:15,6.2609,1.20754,5.75773,-54.64936,-3.09933,-9.53729,3.65439,-0.50773,68.03836,-7.911999,-2.696787,0.516756,,,,,,,,,,,,4.59319,-1.65488,-1.11975,50,6.401,2.18352,-106.96403,2.23831,5.34698,17.62065,-34.10052,THO_MOR,THO_MOR,ThomasMoreStadium,TeamExclusive,Team,20260902-ThomasMoreStadium-Private-2,aedaa590-a6f1-11f1-8fc3-b92a07c1508c,72.94043,,,5.57354,,,,,,,63602fdd-a5de-4102-b827-7e27213af322,2026-09-02,17:13:57.49,2026-09-02T13:13:57.4930000-04:00,2026-09-02T17:13:57.4930000Z,,v3,643-145989,643-145989,,"Atchley, Chad",10005022,Right,THO_MOR,1c09858f-3c34-4c97-89af-646b7f56a896,54.74292,-107.74252,8.81033,6.26883,3.74489,-17.05026,-1.211,1.94729,2.67349,,,,,,,,,,,,,,,,,,,,,,,,,,,,,,,,,,,,,,,,,,,,,,,,,,,High,High,High,,,,,
23,2026-09-02,13:14:11.06,1,6,"Hanna, Brogan",,Right,THO_MOR,"Atchley, Chad",10005022,Right,THO_MOR,Undefined,1,Bottom,0,3,2,Curveball,Curveball,StrikeCalled,Strikeout,Undefined,Undefined,0,0,,72.23412,1.654953,-1.326819,2050.650775,62.922775,8:00,6.10512,1.60752,6.13149,-56.31873,-3.81162,-10.25902,2.94238,-0.47398,67.26139,-8.69145,-3.177647,0.521531,,,,,,,,,,,,4.98272,-1.94839,-1.50095,50,6.20226,2.76739,-105.09615,1.45204,5.62486,16.25592,-34.37354,THO_MOR,THO_MOR,ThomasMoreStadium,TeamExclusive,Team,20260902-ThomasMoreStadium-Private-2,b718c8e0-a6f1-11f1-8fc3-b92a07c1508c,72.27262,,,4.97273,,,,,,,63602fdd-a5de-4102-b827-7e27213af322,2026-09-02,17:14:11.06,2026-09-02T13:14:11.0640000-04:00,2026-09-02T17:14:11.0640000Z,,v3,643-145989,643-145989,,"Atchley, Chad",10005022,Right,THO_MOR,9f98b9ce-8299-452f-ab56-aa9c70c42033,54.3705,-105.77001,8.12796,6.11254,2.87692,-17.18677,-1.61083,2.53422,2.81243,,,,,,,,,,,,,,,,,,,,,,,,,,,,,,,,,,,,,,,,,,,,,,,,,,,High,High,High,,,,,
24,2026-09-02,13:14:23.50,2,1,"Hanna, Brogan",,Right,THO_MOR,"Thompson, Dylan",10077983,Right,THO_MOR,Undefined,1,Bottom,1,0,0,Fastball,Four-Seam,StrikeCalled,Undefined,Undefined,Undefined,0,0,,84.58527,-1.529561,-0.871633,2140.173609,194.887593,12:30,6.28305,1.18949,6.46755,-19.01127,18.84993,4.71772,3.2935,0.78204,78.0333,-5.153284,-0.015544,0.442862,,,,,,,,,,,,-2.69213,10.60906,-1.13,50,6.1664,1.69957,-123.0414,-3.76583,-4.16172,22.49344,-15.7738,THO_MOR,THO_MOR,ThomasMoreStadium,TeamExclusive,Team,20260902-ThomasMoreStadium-Private-2,be7a95f0-a6f1-11f1-8fc3-b92a07c1508c,85.11097,,,6.55198,,,,,,,63602fdd-a5de-4102-b827-7e27213af322,2026-09-02,17:14:23.50,2026-09-02T13:14:23.5090000-04:00,2026-09-02T17:14:23.5090000Z,,v3,643-145989,643-145989,,"Atchley, Chad",10005022,Right,THO_MOR,1729cbe2-598d-4443-affa-3fa0867d0943,54.03076,-123.77608,11.24672,6.28098,-3.25063,-7.8869,-1.18773,1.8355,-2.08086,,,,,,,,,,,,,,,,,,,,,,,,,,,,,,,,,,,,,,,,,,,,,,,,,,,High,High,High,,,,,
25,2026-09-02,13:14:39.86,2,2,"Hanna, Brogan",,Right,THO_MOR,"Thompson, Dylan",10077983,Right,THO_MOR,Undefined,1,Bottom,1,0,1,Cutter,Changeup,BallCalled,Undefined,Undefined,Undefined,0,0,,79.81224,-4.051577,-2.201617,1992.338633,196.034482,12:30,6.08289,1.58299,6.4052,-27.30116,15.46068,4.08547,0.07335,-0.10196,74.26378,-9.127224,-1.46082,0.470652,,,,,,,,,,,,-2.72752,9.50087,-1.4273,50,5.77946,4.32008,-115.83294,-8.93785,-3.74182,19.66103,-19.13995,THO_MOR,THO_MOR,ThomasMoreStadium,TeamExclusive,Team,20260902-ThomasMoreStadium-Private-2,c81fc350-a6f1-11f1-8fc3-b92a07c1508c,80.08564,,,5.54846,,,,,,,63602fdd-a5de-4102-b827-7e27213af322,2026-09-02,17:14:39.86,2026-09-02T13:14:39.8680000-04:00,2026-09-02T17:14:39.8680000Z,,v3,643-145989,643-145989,,"Atchley, Chad",10005022,Right,THO_MOR,6c182d2d-e22b-4440-a9f0-48aa9c651bd7,54.09598,-116.52611,9.83051,6.08267,-8.26306,-9.56998,-1.58193,4.45199,-1.87091,,,,,,,,,,,,,,,,,,,,,,,,,,,,,,,,,,,,,,,,,,,,,,,,,,,High,High,High,,,,,
26,2026-09-02,13:14:56.71,2,3,"Hanna, Brogan",,Right,THO_MOR,"Thompson, Dylan",10077983,Right,THO_MOR,Undefined,1,Bottom,1,1,1,Cutter,Changeup,BallCalled,Undefined,Undefined,Undefined,0,0,,81.44093,-2.427712,-3.597488,2027.325565,201.490692,12:45,5.94149,1.69312,6.50432,-29.48935,11.35682,4.0167,1.25019,-1.27821,75.69851,-7.920591,-2.869632,0.459988,,,,,,,,,,,,-2.9978,6.92414,-1.4432,50,5.75845,7.29612,-118.23937,-5.83257,-4.29302,20.10041,-22.25828,THO_MOR,THO_MOR,ThomasMoreStadium,TeamExclusive,Team,20260902-ThomasMoreStadium-Private-2,d2312000-a6f1-11f1-8fc3-b92a07c1508c,81.94214,,,5.74242,,,,,,,63602fdd-a5de-4102-b827-7e27213af322,2026-09-02,17:14:56.71,2026-09-02T13:14:56.7190000-04:00,2026-09-02T17:14:56.7190000Z,,v3,643-145989,643-145989,,"Atchley, Chad",10005022,Right,THO_MOR,88ea8e6e-172d-4dbf-8fbb-e9b1f3060654,53.99511,-118.91659,10.0502,5.94232,-5.08264,-11.12914,-1.69145,7.44076,-2.14651,,,,,,,,,,,,,,,,,,,,,,,,,,,,,,,,,,,,,,,,,,,,,,,,,,,High,High,High,,,,,
27,2026-09-02,13:15:20.12,2,4,"Hanna, Brogan",,Right,THO_MOR,"Thompson, Dylan",10077983,Right,THO_MOR,Undefined,1,Bottom,1,2,1,Cutter,Changeup,BallCalled,Undefined,Undefined,Undefined,0,0,,78.9359,0.055316,-1.471164,1933.986772,188.948499,12:15,5.97157,1.6698,6.27831,-27.87564,15.97367,2.31299,3.69961,0.50624,72.73733,-5.191248,-1.053173,0.476599,,,,,,,,,,,,-1.58039,8.69091,-1.5623,50,5.96194,2.8663,-114.78,-0.63309,-2.12333,19.82693,-20.49732,THO_MOR,THO_MOR,ThomasMoreStadium,TeamExclusive,Team,20260902-ThomasMoreStadium-Private-2,e01c0d60-a6f1-11f1-8fc3-b92a07c1508c,79.08634,,,6.19857,,,,,,,63602fdd-a5de-4102-b827-7e27213af322,2026-09-02,17:15:20.12,2026-09-02T13:15:20.1290000-04:00,2026-09-02T17:15:20.1290000Z,,v3,643-145989,643-145989,,"Atchley, Chad",10005022,Right,THO_MOR,bd462e9c-a6ce-4a07-95dd-894c95626aab,54.21923,-115.50653,9.91346,5.97138,0.118,-10.24866,-1.66875,2.9441,-1.06166,,,,,,,,,,,,,,,,,,,,,,,,,,,,,,,,,,,,,,,,,,,,,,,,,,,High,High,High,,,,,
28,2026-09-02,13:15:42.61,2,5,"Hanna, Brogan",,Right,THO_MOR,"Thompson, Dylan",10077983,Right,THO_MOR,Undefined,1,Bottom,1,3,1,Fastball,Changeup,BallCalled,Walk,Undefined,Undefined,0,0,,80.961,-2.340661,-1.476401,1994.156425,216.058541,1:15,5.91631,1.80679,6.60707,-28.34143,12.60331,8.35414,1.4086,1.15031,75.38864,-7.642145,0.044907,0.460543,,,,,,,,,,,,-4.78142,7.56536,-1.70961,50,5.74488,2.75819,-117.78932,-5.56691,-6.80817,19.54565,-21.40193,THO_MOR,THO_MOR,ThomasMoreStadium,TeamExclusive,Team,20260902-ThomasMoreStadium-Private-2,eda9bf90-a6f1-11f1-8fc3-b92a07c1508c,81.8434,,,5.57236,,,,,,,63602fdd-a5de-4102-b827-7e27213af322,2026-09-02,17:15:42.61,2026-09-02T13:15:42.6150000-04:00,2026-09-02T17:15:42.6150000Z,,v3,643-145989,643-145989,,"Atchley, Chad",10005022,Right,THO_MOR,ab62374c-99d6-4830-aa7a-a1e2bfe91ce8,53.89305,-118.43356,9.77283,5.91675,-4.86149,-10.70097,-1.80422,2.98259,-3.40408,,,,,,,,,,,,,,,,,,,,,,,,,,,,,,,,,,,,,,,,,,,,,,,,,,,High,High,High,,,,,
29,2026-09-02,13:16:00.61,3,1,"Hanna, Brogan",,Right,THO_MOR,"Bierbaum, Ian",10268661,Left,THO_MOR,Undefined,1,Bottom,1,0,0,Fastball,Four-Seam,StrikeCalled,Undefined,Undefined,Undefined,0,0,,84.277,-1.943494,-1.573298,2174.387804,210.497067,1:00,6.23387,1.24291,6.62954,-20.87052,17.0017,9.37099,2.71385,0.58296,77.93949,-5.906506,0.132334,0.442927,,,,,,,,,,,,-5.34551,9.79949,-1.14,50,6.09337,3.03822,-122.59682,-4.69059,-8.21491,22.02265,-17.11429,THO_MOR,THO_MOR,ThomasMoreStadium,TeamExclusive,Team,20260902-ThomasMoreStadium-Private-2,f83184c0-a6f1-11f1-8fc3-b92a07c1508c,85.09862,,,6.33751,,,,,,,63602fdd-a5de-4102-b827-7e27213af322,2026-09-02,17:16:00.61,2026-09-02T13:16:00.6160000-04:00,2026-09-02T17:16:00.6160000Z,,v3,643-145989,643-145989,,"Atchley, Chad",10005022,Right,THO_MOR,f8acefb3-cc35-49db-9bc1-2386bbffd853,53.86976,-123.29001,11.01133,6.23253,-4.1519,-8.55715,-1.2397,3.29679,-4.10745,,,,,,,,,,,,,,,,,,,,,,,,,,,,,,,,,,,,,,,,,,,,,,,,,,,High,High,High,,,,,
30,2026-09-02,13:16:16.59,3,2,"Hanna, Brogan",,Right,THO_MOR,"Bierbaum, Ian",10268661,Left,THO_MOR,Undefined,1,Bottom,1,0,1,ChangeUp,Splitter,StrikeCalled,Undefined,Undefined,Undefined,0,0,,77.37362,-0.874097,-2.652401,819.941334,242.155414,2:00,6.14032,1.44032,6.25908,-39.33841,6.74622,9.99666,2.05522,-0.17406,71.11479,-8.183246,-0.845243,0.488595,,,,,,,,,,,,-5.96264,4.18177,-1.24838,50,6.0562,4.86254,-112.3718,-2.82696,-7.61157,20.67644,-26.83583,THO_MOR,THO_MOR,ThomasMoreStadium,TeamExclusive,Team,20260902-ThomasMoreStadium-Private-2,01cd6350-a6f2-11f1-8fc3-b92a07c1508c,77.14448,,,6.25883,,,,,,,63602fdd-a5de-4102-b827-7e27213af322,2026-09-02,17:16:16.59,2026-09-02T13:16:16.5910000-04:00,2026-09-02T17:16:16.5910000Z,,v3,643-145989,643-145989,,"Atchley, Chad",10005022,Right,THO_MOR,5befcba6-f856-495a-a3a7-f5ed6a30b4ca,54.23975,-113.14923,10.33822,6.14352,-1.81794,-13.41791,-1.43659,5.14873,-3.80579,,,,,,,,,,,,,,,,,,,,,,,,,,,,,,,,,,,,,,,,,,,,,,,,,,,High,High,High,,,,,
31,2026-09-02,13:16:29.23,3,3,"Hanna, Brogan",,Right,THO_MOR,"Bierbaum, Ian",10268661,Left,THO_MOR,Undefined,1,Bottom,1,0,2,ChangeUp,Splitter,BallCalled,Undefined,Undefined,Undefined,0,0,,76.3634,-3.566957,-3.313975,1042.038417,302.060279,4:00,6.10895,1.61278,6.29173,-50.46373,-2.97555,7.10981,-1.39305,-0.85196,71.02727,-12.75956,-2.023701,0.49598,,,,,,,,,,,,-4.74894,-0.3,-1.37239,50,5.82076,6.18728,-110.71246,-8.3279,-5.87268,20.44119,-32.54506,THO_MOR,THO_MOR,ThomasMoreStadium,TeamExclusive,Team,20260902-ThomasMoreStadium-Private-2,094e9f40-a6f2-11f1-8fc3-b92a07c1508c,75.99587,,,5.33613,,,,,,,63602fdd-a5de-4102-b827-7e27213af322,2026-09-02,17:16:29.23,2026-09-02T13:16:29.2310000-04:00,2026-09-02T17:16:29.2310000Z,,v3,643-145989,643-145989,,"Atchley, Chad",10005022,Right,THO_MOR,c06f2db8-6868-473a-89b4-61e410fd0d99,54.21084,-111.48721,10.2206,6.11303,-7.0944,-16.27253,-1.61111,6.40986,-2.93634,,,,,,,,,,,,,,,,,,,,,,,,,,,,,,,,,,,,,,,,,,,,,,,,,,,High,High,High,,,,,
32,2026-09-02,13:16:53.77,3,4,"Hanna, Brogan",,Right,THO_MOR,"Bierbaum, Ian",10268661,Left,THO_MOR,Undefined,1,Bottom,1,1,2,Cutter,Changeup,StrikeCalled,Strikeout,Undefined,Undefined,0,0,,78.47204,-0.391998,-3.136048,1906.15143,204.844697,12:45,6.00877,1.67004,6.44359,-27.76777,16.4232,6.99733,3.33406,-0.63126,72.309,-5.630776,-1.869724,0.478452,,,,,,,,,,,,-4.4663,9.10048,-1.45039,50,5.96823,6.00661,-114.00081,-1.49055,-5.91842,19.59608,-20.11473,THO_MOR,THO_MOR,ThomasMoreStadium,TeamExclusive,Team,20260902-ThomasMoreStadium-Private-2,17f4ed60-a6f2-11f1-8fc3-b92a07c1508c,78.78003,,,6.16303,,,,,,,63602fdd-a5de-4102-b827-7e27213af322,2026-09-02,17:16:53.77,2026-09-02T13:16:53.7730000-04:00,2026-09-02T17:16:53.7730000Z,,v3,643-145989,643-145989,,"Atchley, Chad",10005022,Right,THO_MOR,875833f5-700f-4eed-a85c-fed9c5a86094,54.05416,-114.69558,9.79804,6.00843,-0.7774,-10.05737,-1.66707,6.21645,-2.95921,,,,,,,,,,,,,,,,,,,,,,,,,,,,,,,,,,,,,,,,,,,,,,,,,,,High,High,High,,,,,
33,2026-09-02,13:17:09.33,4,1,"Hanna, Brogan",,Right,THO_MOR,"Sandhas, Kellen",10067176,Right,THO_MOR,Undefined,1,Bottom,2,0,0,Cutter,Changeup,StrikeCalled,Undefined,Undefined,Undefined,0,0,,78.14403,-0.94872,-2.78473,1947.550024,195.563524,12:30,5.97103,1.83069,6.37612,-27.6308,16.87257,4.34504,2.7945,-0.37125,72.34518,-6.141072,-1.998943,0.48014,,,,,,,,,,,,-2.96154,9.44788,-1.63174,50,5.88948,5.37711,-113.5771,-2.5978,-3.9099,18.71473,-19.70073,THO_MOR,THO_MOR,ThomasMoreStadium,TeamExclusive,Team,20260902-ThomasMoreStadium-Private-2,212f7210-a6f2-11f1-8fc3-b92a07c1508c,78.503,,,5.79884,,,,,,,63602fdd-a5de-4102-b827-7e27213af322,2026-09-02,17:17:09.33,2026-09-02T13:17:09.3300000-04:00,2026-09-02T17:17:09.3300000Z,,v3,643-145989,643-145989,,"Atchley, Chad",10005022,Right,THO_MOR,2aa74659-e1e0-42ab-a846-ba2f5b51cfe2,54.12229,-114.25433,9.35737,5.97059,-1.88488,-9.85036,-1.82888,5.5186,-1.95495,,,,,,,,,,,,,,,,,,,,,,,,,,,,,,,,,,,,,,,,,,,,,,,,,,,High,High,High,,,,,
34,2026-09-02,13:17:35.63,4,2,"Hanna, Brogan",,Right,THO_MOR,"Sandhas, Kellen",10067176,Right,THO_MOR,Undefined,1,Bottom,2,0,1,Curveball,Curveball,BallCalled,Undefined,Undefined,Undefined,0,0,,70.92061,0.028401,-2.531687,2002.061946,58.327594,8:00,6.22534,1.73442,5.96553,-56.90802,-2.33181,-6.05555,1.50936,-1.11908,66.70154,-10.331799,-3.620979,0.531708,,,,,,,,,,,,2.53791,-0.80012,-1.53023,50,6.19541,4.75518,-103.17606,-1.5521,2.77672,14.75618,-33.04946,THO_MOR,THO_MOR,ThomasMoreStadium,TeamExclusive,Team,20260902-ThomasMoreStadium-Private-2,30fb5470-a6f2-11f1-8fc3-b92a07c1508c,70.88936,,,4.21908,,,,,,,63602fdd-a5de-4102-b827-7e27213af322,2026-09-02,17:17:35.63,2026-09-02T13:17:35.6380000-04:00,2026-09-02T17:17:35.6380000Z,,v3,643-145989,643-145989,,"Atchley, Chad",10005022,Right,THO_MOR,db3da572-d84b-4166-a94a-1e8e38e3c730,54.53676,-103.82288,7.37809,6.23169,-0.10342,-16.52473,-1.736,4.63347,1.38836,,,,,,,,,,,,,,,,,,,,,,,,,,,,,,,,,,,,,,,,,,,,,,,,,,,High,High,High,,,,,
35,2026-09-02,13:17:50.34,4,3,"Hanna, Brogan",,Right,THO_MOR,"Sandhas, Kellen",10067176,Right,THO_MOR,Undefined,1,Bottom,2,1,1,Fastball,Four-Seam,BallCalled,Undefined,Undefined,Undefined,0,0,,83.91324,-1.303348,-3.131163,2105.718419,197.053136,12:30,6.17882,1.05227,6.79246,-18.60261,19.2795,5.59331,3.43699,-1.34245,77.75987,-4.863823,-2.112423,0.442984,,,,,,,,,,,,-3.71044,10.8706,-0.85095,50,6.08661,6.4831,-122.021,-3.2086,-5.67251,20.85842,-15.5551,THO_MOR,THO_MOR,ThomasMoreStadium,TeamExclusive,Team,20260902-ThomasMoreStadium-Private-2,39a69170-a6f2-11f1-8fc3-b92a07c1508c,85.08749,,,6.15337,,,,,,,63602fdd-a5de-4102-b827-7e27213af322,2026-09-02,17:17:50.34,2026-09-02T13:17:50.3480000-04:00,2026-09-02T17:17:50.3480000Z,,v3,643-145989,643-145989,,"Atchley, Chad",10005022,Right,THO_MOR,ac07c541-45ba-4ab5-8ae4-05a546c703ce,53.70643,-122.65294,10.42921,6.17668,-2.73733,-7.77755,-1.04997,6.65496,-2.83626,,,,,,,,,,,,,,,,,,,,,,,,,,,,,,,,,,,,,,,,,,,,,,,,,,,High,High,High,,,,,
36,2026-09-02,13:18:09.42,4,4,"Hanna, Brogan",,Right,THO_MOR,"Sandhas, Kellen",10067176,Right,THO_MOR,Undefined,1,Bottom,2,2,1,ChangeUp,Splitter,BallCalled,Undefined,Undefined,Undefined,0,0,,77.1694,-3.306292,-3.324783,868.165647,265.982002,2:45,6.18212,1.34459,6.30719,-44.58097,1.92469,6.23233,-0.58732,-1.20236,71.41129,-11.481323,-2.19537,0.490822,,,,,,,,,,,,-4.26268,2.30768,-1.10374,50,5.91749,6.29568,-111.86567,-7.72867,-5.37902,20.96495,-29.262,THO_MOR,THO_MOR,ThomasMoreStadium,TeamExclusive,Team,20260902-ThomasMoreStadium-Private-2,44fffe80-a6f2-11f1-8fc3-b92a07c1508c,76.79448,,,5.7581,,,,,,,63602fdd-a5de-4102-b827-7e27213af322,2026-09-02,17:18:09.42,2026-09-02T13:18:09.4230000-04:00,2026-09-02T17:18:09.4230000Z,,v3,643-145989,643-145989,,"Atchley, Chad",10005022,Right,THO_MOR,cb7d8dd0-9a31-49f1-a987-85cdd055a314,54.19363,-112.64887,10.48248,6.1858,-6.63553,-14.631,-1.34268,6.49662,-2.68951,,,,,,,,,,,,,,,,,,,,,,,,,,,,,,,,,,,,,,,,,,,,,,,,,,,High,High,High,,,,,
37,2026-09-02,13:18:26.61,4,5,"Hanna, Brogan",,Right,THO_MOR,"Sandhas, Kellen",10067176,Right,THO_MOR,Undefined,1,Bottom,2,3,1,ChangeUp,Splitter,BallCalled,Walk,Undefined,Undefined,0,0,,75.99011,-1.300996,-3.631394,955.84852,305.602682,4:15,6.16569,1.10349,6.32311,-48.20495,-0.57378,2.81914,0.94785,-2.01038,70.41918,-10.168233,-3.12136,0.496726,,,,,,,,,,,,-2.47036,0.5098,-0.8393,50,6.04787,6.90606,-110.3008,-3.87979,-3.04647,19.43162,-31.54534,THO_MOR,THO_MOR,ThomasMoreStadium,TeamExclusive,Team,20260902-ThomasMoreStadium-Private-2,4f40a890-a6f2-11f1-8fc3-b92a07c1508c,75.88175,,,5.57093,,,,,,,63602fdd-a5de-4102-b827-7e27213af322,2026-09-02,17:18:26.61,2026-09-02T13:18:26.6140000-04:00,2026-09-02T17:18:26.6140000Z,,v3,643-145989,643-145989,,"Atchley, Chad",10005022,Right,THO_MOR,ff638086-4495-49c2-80da-f8a04efce5c4,54.17659,-111.03415,9.71581,6.17183,-2.68927,-15.77267,-1.1021,7.02103,-1.52323,,,,,,,,,,,,,,,,,,,,,,,,,,,,,,,,,,,,,,,,,,,,,,,,,,,High,High,High,,,,,
38,2026-09-02,13:18:43.77,5,1,"Hanna, Brogan",,Right,THO_MOR,"Bosio, Theodore",1000511279,Right,THO_MOR,Undefined,1,Bottom,2,0,0,Cutter,Changeup,BallCalled,Undefined,Undefined,Undefined,0,0,,80.35714,-2.775894,-3.574003,1946.847896,195.178781,12:30,6.04793,1.54574,6.64577,-28.58789,13.27233,3.26866,1.11785,-1.45745,74.53082,-8.125513,-2.980122,0.465663,,,,,,,,,,,,-2.64185,8.09634,-1.30588,50,5.84857,7.17693,-116.63098,-6.40553,-3.66967,20.20098,-20.92775,THO_MOR,THO_MOR,ThomasMoreStadium,TeamExclusive,Team,20260902-ThomasMoreStadium-Private-2,5971c240-a6f2-11f1-8fc3-b92a07c1508c,80.94352,,,5.82632,,,,,,,63602fdd-a5de-4102-b827-7e27213af322,2026-09-02,17:18:43.77,2026-09-02T13:18:43.7710000-04:00,2026-09-02T17:18:43.7710000Z,,v3,643-145989,643-145989,,"Atchley, Chad",10005022,Right,THO_MOR,6f5d5d0a-765b-4f14-bf6d-9704b8ce01c8,53.85351,-117.29652,10.10049,6.04825,-5.71603,-10.46388,-1.54433,7.29783,-1.83483,,,,,,,,,,,,,,,,,,,,,,,,,,,,,,,,,,,,,,,,,,,,,,,,,,,High,High,High,,,,,
39,2026-09-02,13:19:01.01,5,2,"Hanna, Brogan",,Right,THO_MOR,"Bosio, Theodore",1000511279,Right,THO_MOR,Undefined,1,Bottom,2,1,0,Fastball,Four-Seam,BallCalled,Undefined,Undefined,Undefined,0,0,,83.69896,-0.450026,-0.560599,2066.778437,196.044475,12:30,6.14466,1.32265,6.61544,-19.10292,19.4482,5.2617,4.14057,1.24769,76.87872,-4.11993,0.39675,0.446879,,,,,,,,,,,,-2.91374,10.71146,-1.28652,50,6.10575,1.00354,-121.78106,-1.40805,-4.39588,22.88461,-16.01399,THO_MOR,THO_MOR,ThomasMoreStadium,TeamExclusive,Team,20260902-ThomasMoreStadium-Private-2,63c2e710-a6f2-11f1-8fc3-b92a07c1508c,84.34597,,,6.82024,,,,,,,63602fdd-a5de-4102-b827-7e27213af322,2026-09-02,17:19:01.01,2026-09-02T13:19:01.0170000-04:00,2026-09-02T17:19:01.0170000Z,,v3,643-145989,643-145989,,"Atchley, Chad",10005022,Right,THO_MOR,5515382b-c91d-4552-b19f-0da3b9ea53d2,53.88219,-122.50842,11.44231,6.14241,-0.89907,-8.007,-1.32064,1.14325,-2.19794,,,,,,,,,,,,,,,,,,,,,,,,,,,,,,,,,,,,,,,,,,,,,,,,,,,High,High,High,,,,,
1,2026-09-02,14:15:54.79,1,1,"Snider, Cameron",1000511269,Right,THO_MOR,"Atchley, Chad",10005022,Right,THO_MOR,Undefined,1,Top,0,0,0,Sinker,Changeup,StrikeCalled,Undefined,Undefined,Undefined,0,0,,85.21691,-0.744291,-2.553309,2517.313146,231.759435,1:45,5.48058,1.16177,5.04859,-24.32049,15.64772,18.13851,2.75113,0.26346,77.42564,-5.257497,0.649287,0.455018,,,,,,,,,,,,-9.72134,8.37122,-0.93354,50,5.39085,4.68829,-123.46318,-2.44948,-14.92861,25.75193,-19.31876,THO_MOR,THO_MOR,ThomasMoreStadium,TeamExclusive,Team,20260902-ThomasMoreStadium-Private-3,567f1580-a6fa-11f1-8fc3-b92a07c1508c,82.83725,,,7.79127,,,,,,,cf840828-215e-4492-b74b-bbfd747596c3,2026-09-02,18:15:54.79,2026-09-02T14:15:54.7905536-04:00,2026-09-02T18:15:54.7905536Z,,v3,643-145989,643-145989,,"Atchley, Chad",10005022,Right,THO_MOR,a9ff386d-f7fb-496b-8b2c-df800af972e0,55.44839,-124.59442,12.87597,5.47981,-1.60083,-9.65938,-1.15389,5.34408,-7.4643,,,,,,,,,,,,,,,,,,,,,,,,,,,,,,,,,,,,,,,,,,,,,,,,,,,High,High,High,,,,,
2,2026-09-02,14:16:11.88,1,2,"Snider, Cameron",1000511269,Right,THO_MOR,"Atchley, Chad",10005022,Right,THO_MOR,Undefined,1,Top,0,0,1,Fastball,Changeup,StrikeCalled,Undefined,Undefined,Undefined,0,0,,85.09534,-1.17806,-2.6189,2518.338899,227.37936,1:30,5.45264,0.84893,5.00598,-23.94836,15.79792,15.83997,2.34361,-0.30486,78.14118,-5.593449,0.175462,0.453753,,,,,,,,,,,,-8.56717,8.51024,-0.61095,50,5.32051,4.94524,-123.41293,-3.38485,-13.28641,23.28479,-18.9759,THO_MOR,THO_MOR,ThomasMoreStadium,TeamExclusive,Team,20260902-ThomasMoreStadium-Private-3,60b18ec0-a6fa-11f1-8fc3-b92a07c1508c,83.06819,,,6.95416,,,,,,,cf840828-215e-4492-b74b-bbfd747596c3,2026-09-02,18:16:11.88,2026-09-02T14:16:11.8841856-04:00,2026-09-02T18:16:11.8841856Z,,v3,643-145989,643-145989,,"Atchley, Chad",10005022,Right,THO_MOR,1af7dbf1-2962-4c8e-82d5-7756c6c54ce1,55.493,-124.445,11.6424,5.4519,-2.54377,-9.48795,-0.84319,5.53414,-6.64321,,,,,,,,,,,,,,,,,,,,,,,,,,,,,,,,,,,,,,,,,,,,,,,,,,,High,High,High,,,,,
3,2026-09-02,14:16:28.23,1,3,"Snider, Cameron",1000511269,Right,THO_MOR,"Atchley, Chad",10005022,Right,THO_MOR,Undefined,1,Top,0,0,2,Sinker,Changeup,StrikeCalled,Strikeout,Undefined,Undefined,0,0,,83.56407,0.561304,-1.786185,2203.475176,243.351026,2:00,5.01432,1.50324,5.27522,-29.85899,10.96654,19.35922,3.05354,1.43832,76.57583,-4.941065,1.64812,0.459872,,,,,,,,,,,,-10.13209,5.71949,-1.35476,50,5.04389,2.95083,-121.30151,0.15133,-15.14514,23.00886,-23.62475,THO_MOR,THO_MOR,ThomasMoreStadium,TeamExclusive,Team,20260902-ThomasMoreStadium-Private-3,6a6736e0-a6fa-11f1-8fc3-b92a07c1508c,81.96281,,,6.98824,,,,,,,cf840828-215e-4492-b74b-bbfd747596c3,2026-09-02,18:16:28.23,2026-09-02T14:16:28.2390528-04:00,2026-09-02T18:16:28.2390528Z,,v3,643-145989,643-145989,,"Atchley, Chad",10005022,Right,THO_MOR,37f8de3f-d0d5-4786-a92a-28b979f5b501,55.22324,-122.28826,11.50443,5.01567,1.16449,-11.81238,-1.49523,3.60033,-7.57257,,,,,,,,,,,,,,,,,,,,,,,,,,,,,,,,,,,,,,,,,,,,,,,,,,,High,High,High,,,,,
4,2026-09-02,14:16:47.47,2,1,"Snider, Cameron",1000511269,Right,THO_MOR,"Thompson, Dylan",10077983,Right,THO_MOR,Undefined,1,Top,1,0,0,Fastball,Changeup,BallCalled,Undefined,Undefined,Undefined,0,0,,84.67651,0.179425,-1.465889,2691.793144,227.392416,1:30,5.35532,0.89334,5.29556,-24.60049,15.34623,15.27296,3.47379,0.78949,77.11775,-4.403227,1.244497,0.454896,,,,,,,,,,,,-8.06182,8.01563,-0.77158,50,5.35412,2.48274,-122.84959,-0.43636,-12.28621,24.96504,-19.9582,THO_MOR,THO_MOR,ThomasMoreStadium,TeamExclusive,Team,20260902-ThomasMoreStadium-Private-3,75f01860-a6fa-11f1-8fc3-b92a07c1508c,82.85949,,,7.55876,,,,,,,cf840828-215e-4492-b74b-bbfd747596c3,2026-09-02,18:16:47.47,2026-09-02T14:16:47.4773504-04:00,2026-09-02T18:16:47.4773504Z,,v3,643-145989,643-145989,,"Atchley, Chad",10005022,Right,THO_MOR,c935b27a-a19f-4b76-80ac-3d0bdce592a1,55.20175,-123.90216,12.48252,5.35478,0.40512,-9.9791,-0.88718,3.00074,-6.1431,,,,,,,,,,,,,,,,,,,,,,,,,,,,,,,,,,,,,,,,,,,,,,,,,,,High,High,High,,,,,
5,2026-09-02,14:17:17.76,2,2,"Snider, Cameron",1000511269,Right,THO_MOR,"Thompson, Dylan",10077983,Right,THO_MOR,Undefined,1,Top,1,1,0,Curveball,Curveball,BallCalled,Undefined,Undefined,Undefined,0,0,,73.62428,1.992084,-1.588879,2943.621203,70.932329,8:15,5.35281,1.50997,4.95561,-55.72259,-2.53209,-11.82823,2.59289,-0.97729,68.02574,-8.054917,-3.674177,0.524914,,,,,,,,,,,,5.43146,-1.30669,-1.34578,50,5.4998,3.42135,-106.82895,1.82109,6.30497,17.62894,-33.69089,THO_MOR,THO_MOR,ThomasMoreStadium,TeamExclusive,Team,20260902-ThomasMoreStadium-Private-3,8816b3a0-a6fa-11f1-8fc3-b92a07c1508c,71.80685,,,5.59854,,,,,,,cf840828-215e-4492-b74b-bbfd747596c3,2026-09-02,18:17:17.76,2026-09-02T14:17:17.7617920-04:00,2026-09-02T18:17:17.7617920Z,,v3,643-145989,643-145989,,"Atchley, Chad",10005022,Right,THO_MOR,ffdd22f0-72a2-427b-8718-869d37b622a0,55.5449,-107.74009,8.81447,5.36069,3.56237,-16.84545,-1.51419,3.09549,3.15249,,,,,,,,,,,,,,,,,,,,,,,,,,,,,,,,,,,,,,,,,,,,,,,,,,,High,High,High,,,,,
6,2026-09-02,14:17:37.55,2,3,"Snider, Cameron",1000511269,Right,THO_MOR,"Thompson, Dylan",10077983,Right,THO_MOR,Undefined,1,Top,1,2,0,Curveball,Curveball,BallCalled,Undefined,Undefined,Undefined,0,0,,72.92119,0.581263,-2.418272,2968.612438,74.089103,8:30,5.30048,1.50462,4.83289,-56.23613,-1.6015,-11.38268,1.16507,-1.73529,67.4961,-9.506494,-4.420887,0.531992,,,,,,,,,,,,4.97091,-0.48937,-1.25469,50,5.30953,4.90348,-105.75913,-0.83763,5.63707,17.82504,-32.72899,THO_MOR,THO_MOR,ThomasMoreStadium,TeamExclusive,Team,20260902-ThomasMoreStadium-Private-3,93c74160-a6fa-11f1-8fc3-b92a07c1508c,70.85148,,,5.42509,,,,,,,cf840828-215e-4492-b74b-bbfd747596c3,2026-09-02,18:17:37.55,2026-09-02T14:17:37.5548928-04:00,2026-09-02T18:17:37.5548928Z,,v3,643-145989,643-145989,,"Atchley, Chad",10005022,Right,THO_MOR,349578a4-a0b0-409f-85c6-2db2e2448af6,55.66751,-106.71008,8.91252,5.30764,0.90842,-16.36449,-1.50826,4.60275,2.81854,,,,,,,,,,,,,,,,,,,,,,,,,,,,,,,,,,,,,,,,,,,,,,,,,,,High,High,High,,,,,
7,2026-09-02,14:17:53.99,2,4,"Snider, Cameron",1000511269,Right,THO_MOR,"Thompson, Dylan",10077983,Right,THO_MOR,Undefined,1,Top,1,3,0,Slider,Curveball,StrikeCalled,Undefined,Undefined,Undefined,0,0,,74.98312,2.397141,-1.218146,2853.215443,80.362186,8:45,4.95777,1.80855,4.69523,-50.88042,0.86118,-3.8917,2.99532,0.32761,69.06561,-6.767246,-1.900914,0.517716,,,,,,,,,,,,1.5911,0.25319,-1.68128,50,5.15519,2.46995,-108.73084,2.74611,1.91705,17.91517,-31.86901,THO_MOR,THO_MOR,ThomasMoreStadium,TeamExclusive,Team,20260902-ThomasMoreStadium-Private-3,9daafe60-a6fa-11f1-8fc3-b92a07c1508c,72.80529,,,5.9175,,,,,,,cf840828-215e-4492-b74b-bbfd747596c3,2026-09-02,18:17:53.99,2026-09-02T14:17:53.9937792-04:00,2026-09-02T18:17:53.9937792Z,,v3,643-145989,643-145989,,"Atchley, Chad",10005022,Right,THO_MOR,beb14169-bc8f-4a6d-8a56-6a5dd570bcf6,55.80394,-109.68296,8.95759,4.96424,4.43983,-15.9345,-1.80984,2.36807,0.95852,,,,,,,,,,,,,,,,,,,,,,,,,,,,,,,,,,,,,,,,,,,,,,,,,,,High,High,High,,,,,
8,2026-09-02,14:18:13.28,2,5,"Snider, Cameron",1000511269,Right,THO_MOR,"Thompson, Dylan",10077983,Right,THO_MOR,Undefined,1,Top,1,3,1,Fastball,Changeup,StrikeCalled,Undefined,Undefined,Undefined,0,0,,84.54848,-1.781727,-3.235594,2812.118118,226.73897,1:30,5.24248,1.0698,5.61303,-23.47367,15.81808,15.55713,1.6202,-0.65689,77.92152,-6.147232,-0.4618,0.451151,,,,,,,,,,,,-8.77134,8.84477,-0.80373,50,5.07497,6.3076,-122.6761,-4.57058,-13.47408,22.44334,-18.58716,THO_MOR,THO_MOR,ThomasMoreStadium,TeamExclusive,Team,20260902-ThomasMoreStadium-Private-3,a90507b0-a6fa-11f1-8fc3-b92a07c1508c,83.54726,,,6.62696,,,,,,,cf840828-215e-4492-b74b-bbfd747596c3,2026-09-02,18:18:13.28,2026-09-02T14:18:13.2802048-04:00,2026-09-02T18:18:13.2802048Z,,v3,643-145989,643-145989,,"Atchley, Chad",10005022,Right,THO_MOR,8a032c2e-eb02-48e2-8894-e0dc5063dbd8,54.887,-123.56693,11.22167,5.24175,-3.83282,-9.29358,-1.0647,6.84242,-6.73704,,,,,,,,,,,,,,,,,,,,,,,,,,,,,,,,,,,,,,,,,,,,,,,,,,,High,High,High,,,,,
9,2026-09-02,14:18:32.19,2,6,"Snider, Cameron",1000511269,Right,THO_MOR,"Thompson, Dylan",10077983,Right,THO_MOR,Undefined,1,Top,1,3,2,ChangeUp,Changeup,BallCalled,Walk,Undefined,Undefined,0,0,,74.5873,-0.864236,-3.998716,1870.837655,254.114298,2:30,4.90563,1.91824,5.1829,-43.47975,8.1667,22.92521,0.46716,0.06038,68.68728,-8.773504,0.058169,0.517239,,,,,,,,,,,,-12.69816,4.72847,-1.56494,50,4.79191,6.70604,-108.07961,-3.02806,-15.04464,18.54619,-26.5718,THO_MOR,THO_MOR,ThomasMoreStadium,TeamExclusive,Team,20260902-ThomasMoreStadium-Private-3,b45fad40-a6fa-11f1-8fc3-b92a07c1508c,72.87232,,,5.90002,,,,,,,cf840828-215e-4492-b74b-bbfd747596c3,2026-09-02,18:18:32.19,2026-09-02T14:18:32.1943040-04:00,2026-09-02T18:18:32.1943040Z,,v3,643-145989,643-145989,,"Atchley, Chad",10005022,Right,THO_MOR,492a740b-6c3b-4544-9b6d-e9dbd254a12a,55.31855,-108.98844,9.2731,4.90839,-1.72595,-13.2859,-1.91162,7.44328,-7.52232,,,,,,,,,,,,,,,,,,,,,,,,,,,,,,,,,,,,,,,,,,,,,,,,,,,High,High,High,,,,,
10,2026-09-02,14:18:51.45,3,1,"Snider, Cameron",1000511269,Right,THO_MOR,"Bierbaum, Ian",10268661,Left,THO_MOR,Undefined,1,Top,1,0,0,ChangeUp,Changeup,BallCalled,Undefined,Undefined,Undefined,0,0,,75.87902,-0.531715,-1.922588,1749.635543,244.253538,2:15,4.82575,1.84743,5.27079,-40.79805,9.4713,15.93501,0.92617,1.36876,68.93035,-8.025262,0.906994,0.510297,,,,,,,,,,,,-8.59367,5.41303,-1.68401,50,4.7475,3.07288,-109.95412,-2.32714,-10.38946,21.76483,-25.62987,THO_MOR,THO_MOR,ThomasMoreStadium,TeamExclusive,Team,20260902-ThomasMoreStadium-Private-3,bfe867b0-a6fa-11f1-8fc3-b92a07c1508c,73.86373,,,6.94867,,,,,,,cf840828-215e-4492-b74b-bbfd747596c3,2026-09-02,18:18:51.45,2026-09-02T14:18:51.4560000-04:00,2026-09-02T18:18:51.4560000Z,,v3,643-145989,643-145989,,"Atchley, Chad",10005022,Right,THO_MOR,adcd12b2-4cfc-4511-9c40-7ca5ff6377e3,55.22618,-110.98379,10.88242,4.82891,-1.11462,-12.81494,-1.84101,3.5644,-5.19473,,,,,,,,,,,,,,,,,,,,,,,,,,,,,,,,,,,,,,,,,,,,,,,,,,,High,High,High,,,,,
11,2026-09-02,14:19:17.61,3,2,"Snider, Cameron",1000511269,Right,THO_MOR,"Bierbaum, Ian",10268661,Left,THO_MOR,Undefined,1,Top,1,1,0,Sinker,Changeup,BallCalled,Undefined,Undefined,Undefined,0,0,,84.52144,0.708573,-1.424064,2534.271415,230.51461,1:45,5.32213,0.99831,5.21076,-25.40938,14.84769,16.42761,3.87123,1.02787,76.87595,-4.016628,1.486295,0.45666,,,,,,,,,,,,-8.57189,7.58961,-0.87944,50,5.36899,2.32368,-122.58543,0.65448,-13.00077,24.97348,-20.66305,THO_MOR,THO_MOR,ThomasMoreStadium,TeamExclusive,Team,20260902-ThomasMoreStadium-Private-3,cf687400-a6fa-11f1-8fc3-b92a07c1508c,82.53946,,,7.64549,,,,,,,cf840828-215e-4492-b74b-bbfd747596c3,2026-09-02,18:19:17.61,2026-09-02T14:19:17.6158208-04:00,2026-09-02T18:19:17.6158208Z,,v3,643-145989,643-145989,,"Atchley, Chad",10005022,Right,THO_MOR,d9d2f46a-8e56-4847-b944-d965a00d8c40,55.28593,-123.65761,12.48674,5.32185,1.5416,-10.33153,-0.99118,2.88184,-6.50038,,,,,,,,,,,,,,,,,,,,,,,,,,,,,,,,,,,,,,,,,,,,,,,,,,,High,High,High,,,,,
12,2026-09-02,14:19:32.05,3,3,"Snider, Cameron",1000511269,Right,THO_MOR,"Bierbaum, Ian",10268661,Left,THO_MOR,Undefined,1,Top,1,2,0,Curveball,Curveball,BallCalled,Undefined,Undefined,Undefined,0,0,,72.76375,1.835032,-1.75388,2722.951848,51.267215,7:45,5.25692,1.22445,4.71841,-63.86736,-8.95272,-13.13493,1.67741,-1.535,67.50634,-9.576192,-4.061658,0.533354,,,,,,,,,,,,6.01359,-4.46996,-1.03475,50,5.38467,3.74186,-105.59792,1.15727,6.8184,17.28526,-37.24224,THO_MOR,THO_MOR,ThomasMoreStadium,TeamExclusive,Team,20260902-ThomasMoreStadium-Private-3,d813b100-a6fa-11f1-8fc3-b92a07c1508c,70.67061,,,5.25741,,,,,,,cf840828-215e-4492-b74b-bbfd747596c3,2026-09-02,18:19:32.05,2026-09-02T14:19:32.0577024-04:00,2026-09-02T18:19:32.0577024Z,,v3,643-145989,643-145989,,"Atchley, Chad",10005022,Right,THO_MOR,af36f65e-a038-4e07-801d-21c6f9d86e59,55.78464,-106.5406,8.64263,5.26618,3.18833,-18.62112,-1.22868,3.37001,3.4092,,,,,,,,,,,,,,,,,,,,,,,,,,,,,,,,,,,,,,,,,,,,,,,,,,,High,High,High,,,,,
13,2026-09-02,14:19:48.74,3,4,"Snider, Cameron",1000511269,Right,THO_MOR,"Bierbaum, Ian",10268661,Left,THO_MOR,Undefined,1,Top,1,3,0,Slider,Curveball,BallCalled,Walk,Undefined,Undefined,0,0,,75.40378,2.064551,-2.019201,2696.498306,69.13045,8:15,4.76734,1.72819,4.53724,-53.42771,-2.31677,-9.66725,2.28279,-1.00071,70.12507,-7.47734,-3.709309,0.514551,,,,,,,,,,,,4.25547,-1.25028,-1.50801,50,4.93153,4.25161,-109.4248,1.99289,5.22971,16.8509,-33.71057,THO_MOR,THO_MOR,ThomasMoreStadium,TeamExclusive,Team,20260902-ThomasMoreStadium-Private-3,e217c740-a6fa-11f1-8fc3-b92a07c1508c,73.2531,,,5.27871,,,,,,,cf840828-215e-4492-b74b-bbfd747596c3,2026-09-02,18:19:48.74,2026-09-02T14:19:48.7451136-04:00,2026-09-02T18:19:48.7451136Z,,v3,643-145989,643-145989,,"Atchley, Chad",10005022,Right,THO_MOR,565b62b1-b1c3-4d19-a5a8-ddf37e575683,55.96441,-110.33947,8.42545,4.7737,3.8227,-16.85529,-1.73108,3.96774,2.61486,,,,,,,,,,,,,,,,,,,,,,,,,,,,,,,,,,,,,,,,,,,,,,,,,,,High,High,High,,,,,
14,2026-09-02,14:20:05.37,4,1,"Snider, Cameron",1000511269,Right,THO_MOR,"Sandhas, Kellen",10067176,Right,THO_MOR,Undefined,1,Top,1,0,0,ChangeUp,Changeup,BallCalled,Undefined,Undefined,Undefined,0,0,,75.92859,-1.793832,-2.811922,1833.856597,250.527796,2:15,4.88724,1.98532,5.25124,-40.93266,8.89949,20.5521,-0.21198,1.05365,69.80731,-9.250025,0.83696,0.508073,,,,,,,,,,,,-11.30296,5.36398,-1.74377,50,4.692,4.64745,-110.07958,-4.76339,-13.82631,20.10236,-25.61257,THO_MOR,THO_MOR,ThomasMoreStadium,TeamExclusive,Team,20260902-ThomasMoreStadium-Private-3,ebdb03f0-a6fa-11f1-8fc3-b92a07c1508c,74.18702,,,6.12127,,,,,,,cf840828-215e-4492-b74b-bbfd747596c3,2026-09-02,18:20:05.37,2026-09-02T14:20:05.3773824-04:00,2026-09-02T18:20:05.3773824Z,,v3,643-145989,643-145989,,"Atchley, Chad",10005022,Right,THO_MOR,1617aa7b-acb5-4dcd-9520-5d4900a997c2,55.2501,-111.03419,10.05118,4.88932,-3.5471,-12.80628,-1.98006,5.30403,-6.91315,,,,,,,,,,,,,,,,,,,,,,,,,,,,,,,,,,,,,,,,,,,,,,,,,,,High,High,High,,,,,
15,2026-09-02,14:20:24.30,4,2,"Snider, Cameron",1000511269,Right,THO_MOR,"Sandhas, Kellen",10067176,Right,THO_MOR,Undefined,1,Top,1,1,0,Sinker,Changeup,BallCalled,Undefined,Undefined,Undefined,0,0,,84.00091,-0.076342,-1.493344,2158.580372,266.070992,2:45,4.97895,1.58493,5.31859,-37.77868,2.67252,20.38792,1.75906,1.88214,77.01357,-6.974358,2.131158,0.457759,,,,,,,,,,,,-10.66808,1.73,-1.4651,50,4.94468,2.3165,-121.96495,-1.5329,-16.05112,24.24062,-29.57111,THO_MOR,THO_MOR,ThomasMoreStadium,TeamExclusive,Team,20260902-ThomasMoreStadium-Private-3,f7318ad0-a6fa-11f1-8fc3-b92a07c1508c,82.34117,,,6.98734,,,,,,,cf840828-215e-4492-b74b-bbfd747596c3,2026-09-02,18:20:24.30,2026-09-02T14:20:24.3072000-04:00,2026-09-02T18:20:24.3072000Z,,v3,643-145989,643-145989,,"Atchley, Chad",10005022,Right,THO_MOR,31337eb1-6810-4cfc-a5a3-7f6fed9c1a6d,55.18157,-122.99048,12.12031,4.98306,-0.28186,-14.78555,-1.57746,2.99556,-8.02556,,,,,,,,,,,,,,,,,,,,,,,,,,,,,,,,,,,,,,,,,,,,,,,,,,,High,High,High,,,,,
16,2026-09-02,14:20:43.23,4,3,"Snider, Cameron",1000511269,Right,THO_MOR,"Sandhas, Kellen",10067176,Right,THO_MOR,Undefined,1,Top,1,2,0,Fastball,Changeup,StrikeCalled,Undefined,Undefined,Undefined,0,0,,85.43129,-0.695074,-2.021612,2475.293386,224.19884,1:30,5.32933,0.9917,5.33761,-24.78391,14.22973,12.65213,2.61149,0.14869,78.25472,-5.290475,0.225154,0.449551,,,,,,,,,,,,-6.93343,7.69666,-0.81884,50,5.24908,3.83773,-123.98783,-2.34762,-10.81614,24.29387,-20.16725,THO_MOR,THO_MOR,ThomasMoreStadium,TeamExclusive,Team,20260902-ThomasMoreStadium-Private-3,026ee460-a6fb-11f1-8fc3-b92a07c1508c,83.84454,,,7.17657,,,,,,,cf840828-215e-4492-b74b-bbfd747596c3,2026-09-02,18:20:43.23,2026-09-02T14:20:43.2394752-04:00,2026-09-02T18:20:43.2394752Z,,v3,643-145989,643-145989,,"Atchley, Chad",10005022,Right,THO_MOR,49298fad-578f-47f4-b81b-18a46c87b273,55.16117,-124.995,12.14694,5.32907,-1.51153,-10.08363,-0.98724,4.28614,-5.40807,,,,,,,,,,,,,,,,,,,,,,,,,,,,,,,,,,,,,,,,,,,,,,,,,,,High,High,High,,,,,
17,2026-09-02,14:21:09.53,4,4,"Snider, Cameron",1000511269,Right,THO_MOR,"Sandhas, Kellen",10067176,Right,THO_MOR,Undefined,1,Top,1,2,1,Curveball,Curveball,StrikeCalled,Undefined,Undefined,Undefined,0,0,,72.37231,2.382719,-0.122819,2806.546919,57.578623,8:00,5.326,1.33092,5.06742,-61.94708,-7.13315,-13.7728,2.41162,0.06738,66.88358,-8.793033,-2.559683,0.532865,,,,,,,,,,,,6.83524,-3.74386,-1.30771,50,5.50259,0.73934,-105.07566,2.31764,7.66725,17.25312,-36.37363,THO_MOR,THO_MOR,ThomasMoreStadium,TeamExclusive,Team,20260902-ThomasMoreStadium-Private-3,1219aa30-a6fb-11f1-8fc3-b92a07c1508c,70.7355,,,5.48873,,,,,,,cf840828-215e-4492-b74b-bbfd747596c3,2026-09-02,18:21:09.53,2026-09-02T14:21:09.5336448-04:00,2026-09-02T18:21:09.5336448Z,,v3,643-145989,643-145989,,"Atchley, Chad",10005022,Right,THO_MOR,76379ead-1aa8-4d44-a70c-43decc3b9ef2,55.43503,-105.96432,8.62656,5.33496,4.19115,-18.18681,-1.33562,0.34442,3.83363,,,,,,,,,,,,,,,,,,,,,,,,,,,,,,,,,,,,,,,,,,,,,,,,,,,High,High,High,,,,,
18,2026-09-02,14:21:27.75,4,5,"Snider, Cameron",1000511269,Right,THO_MOR,"Sandhas, Kellen",10067176,Right,THO_MOR,Undefined,1,Top,1,2,2,Slider,Curveball,StrikeCalled,Strikeout,Undefined,Undefined,0,0,,75.6674,1.799295,-1.636068,2871.734876,78.643334,8:30,4.92461,1.75343,4.693,-51.43231,-0.76476,-10.94536,2.34808,-0.71238,70.05569,-7.433249,-3.556139,0.512314,,,,,,,,,,,,4.98929,-0.45752,-1.57687,50,5.06057,3.57589,-109.80525,1.60969,6.14243,17.92124,-32.73729,THO_MOR,THO_MOR,ThomasMoreStadium,TeamExclusive,Team,20260902-ThomasMoreStadium-Private-3,1d1e4080-a6fb-11f1-8fc3-b92a07c1508c,73.57291,,,5.61171,,,,,,,cf840828-215e-4492-b74b-bbfd747596c3,2026-09-02,18:21:27.75,2026-09-02T14:21:27.7522432-04:00,2026-09-02T18:21:27.7522432Z,,v3,643-145989,643-145989,,"Atchley, Chad",10005022,Right,THO_MOR,723fafc7-19c7-40f0-96f9-93e531e44d37,55.8081,-110.74913,8.96062,4.93039,3.3339,-16.36865,-1.75668,3.25238,3.07121,,,,,,,,,,,,,,,,,,,,,,,,,,,,,,,,,,,,,,,,,,,,,,,,,,,High,High,High,,,,,
19,2026-09-02,14:21:43.81,5,1,"Snider, Cameron",1000511269,Right,THO_MOR,"Bosio, Theodore",1000511279,Right,THO_MOR,Undefined,1,Top,2,0,0,ChangeUp,Changeup,BallCalled,Undefined,Undefined,Undefined,0,0,,75.94893,-1.855181,-1.342752,1761.053613,254.353231,2:30,4.92226,1.85385,5.35082,-41.99116,6.95075,19.85225,-0.31809,2.24859,70.80229,-9.463563,2.193201,0.503514,,,,,,,,,,,,-10.46182,4.32217,-1.74818,50,4.72484,1.86222,-110.36292,-4.92358,-13.03052,17.82408,-26.79066,THO_MOR,THO_MOR,ThomasMoreStadium,TeamExclusive,Team,20260902-ThomasMoreStadium-Private-3,26a389d0-a6fb-11f1-8fc3-b92a07c1508c,74.85872,,,5.14665,,,,,,,cf840828-215e-4492-b74b-bbfd747596c3,2026-09-02,18:21:43.81,2026-09-02T14:21:43.8138880-04:00,2026-09-02T18:21:43.8138880Z,,v3,643-145989,643-145989,,"Atchley, Chad",10005022,Right,THO_MOR,2919f372-2776-4db4-af09-1edf09d8a574,55.15128,-111.19176,8.91204,4.92483,-3.67778,-13.39533,-1.84886,2.46816,-6.51526,,,,,,,,,,,,,,,,,,,,,,,,,,,,,,,,,,,,,,,,,,,,,,,,,,,High,High,High,,,,,
20,2026-09-02,14:22:03.74,5,2,"Snider, Cameron",1000511269,Right,THO_MOR,"Bosio, Theodore",1000511279,Right,THO_MOR,Undefined,1,Top,2,1,0,Sinker,Changeup,BallCalled,Undefined,Undefined,Undefined,0,0,,84.52231,1.618473,-0.214467,2085.003487,230.899937,1:45,5.18026,1.11639,5.17566,-27.19151,13.098,14.5317,4.43766,2.12556,76.90587,-3.420183,2.357782,0.456843,,,,,,,,,,,,-7.27752,6.44701,-1.10791,50,5.3106,-0.18241,-122.58244,2.51951,-11.04419,24.82729,-22.39022,THO_MOR,THO_MOR,ThomasMoreStadium,TeamExclusive,Team,20260902-ThomasMoreStadium-Private-3,32889510-a6fb-11f1-8fc3-b92a07c1508c,82.50624,,,7.61644,,,,,,,cf840828-215e-4492-b74b-bbfd747596c3,2026-09-02,18:22:03.74,2026-09-02T14:22:03.7412352-04:00,2026-09-02T18:22:03.7412352Z,,v3,643-145989,643-145989,,"Atchley, Chad",10005022,Right,THO_MOR,c7ae66c6-4de6-4582-a81a-07ade84e0826,55.32102,-123.65544,12.41365,5.1808,3.48718,-11.19511,-1.11034,0.29491,-5.5221,,,,,,,,,,,,,,,,,,,,,,,,,,,,,,,,,,,,,,,,,,,,,,,,,,,High,High,High,,,,,
21,2026-09-02,14:22:23.35,5,3,"Snider, Cameron",1000511269,Right,THO_MOR,"Bosio, Theodore",1000511279,Right,THO_MOR,Undefined,1,Top,2,2,0,Fastball,Changeup,StrikeCalled,Undefined,Undefined,Undefined,0,0,,84.78199,-1.744155,-1.437061,2329.11163,224.36529,1:30,5.18394,1.00284,5.27322,-24.1371,15.71615,14.10473,1.53327,0.82816,77.52412,-6.220224,1.066385,0.454363,,,,,,,,,,,,-7.4939,8.74808,-0.88248,50,5.00722,2.48126,-122.97474,-4.55673,-11.46016,24.69498,-18.79593,THO_MOR,THO_MOR,ThomasMoreStadium,TeamExclusive,Team,20260902-ThomasMoreStadium-Private-3,3e457ee0-a6fb-11f1-8fc3-b92a07c1508c,82.95662,,,7.25787,,,,,,,cf840828-215e-4492-b74b-bbfd747596c3,2026-09-02,18:22:23.35,2026-09-02T14:22:23.3504256-04:00,2026-09-02T18:22:23.3504256Z,,v3,643-145989,643-145989,,"Atchley, Chad",10005022,Right,THO_MOR,d49385a1-02cf-4ece-a826-633b1cf0a8c1,55.22496,-124.01954,12.34749,5.18318,-3.7615,-9.39796,-0.99771,2.96612,-5.73008,,,,,,,,,,,,,,,,,,,,,,,,,,,,,,,,,,,,,,,,,,,,,,,,,,,High,High,High,,,,,
22,2026-09-02,14:25:36.94,1,1,"LoParo, Sam",,Right,THO_MOR,"Atchley, Chad",10005022,Right,THO_MOR,Undefined,1,Bottom,0,0,0,Fastball,Changeup,BallCalled,Undefined,Undefined,Undefined,0,0,,82.0132,1.229186,-5.342955,1795.497692,245.184608,2:15,5.45284,2.68158,4.86015,-37.12002,7.1465,11.8702,3.52816,-1.40094,73.57415,-5.558398,-3.267497,0.47886,,,,,,,,,,,,-7.5541,3.59709,-2.16422,50,5.54356,10.52226,-118.19581,1.18402,-10.51117,25.97247,-27.16886,THO_MOR,THO_MOR,ThomasMoreStadium,TeamExclusive,Team,20260902-ThomasMoreStadium-Private-3,b19c03f0-a6fb-11f1-8fc3-b92a07c1508c,78.71278,,,8.43905,,,,,,,cf840828-215e-4492-b74b-bbfd747596c3,2026-09-02,18:25:36.94,2026-09-02T14:25:36.9419264-04:00,2026-09-02T18:25:36.9419264Z,,v3,643-145989,643-145989,,"Atchley, Chad",10005022,Right,THO_MOR,da050ba6-c1fc-4f60-9036-4caf2d98c8db,55.6345,-119.42752,12.98623,5.45686,2.47246,-13.58443,-2.67505,11.02074,-5.25558,,,,,,,,,,,,,,,,,,,,,,,,,,,,,,,,,,,,,,,,,,,,,,,,,,,High,High,High,,,,,
23,2026-09-02,14:25:50.53,1,2,"LoParo, Sam",,Right,THO_MOR,"Atchley, Chad",10005022,Right,THO_MOR,Undefined,1,Bottom,0,1,0,Fastball,Changeup,BallCalled,Undefined,Undefined,Undefined,0,0,,81.7731,-1.372226,-5.432875,1879.154745,215.709243,1:15,5.44909,2.6235,5.22416,-30.4638,12.96957,8.25788,1.61431,-1.81129,74.48202,-6.973086,-3.979113,0.474333,,,,,,,,,,,,-5.70922,7.3137,-2.12761,50,5.29961,10.8802,-118.05063,-3.86671,-8.01807,23.47766,-21.90266,THO_MOR,THO_MOR,ThomasMoreStadium,TeamExclusive,Team,20260902-ThomasMoreStadium-Private-3,b9a9c870-a6fb-11f1-8fc3-b92a07c1508c,79.46409,,,7.29108,,,,,,,cf840828-215e-4492-b74b-bbfd747596c3,2026-09-02,18:25:50.53,2026-09-02T14:25:50.5355264-04:00,2026-09-02T18:25:50.5355264Z,,v3,643-145989,643-145989,,"Atchley, Chad",10005022,Right,THO_MOR,43030b94-41b9-403a-87de-590ec08b6560,55.27216,-119.09453,11.73883,5.44989,-2.89283,-10.95133,-2.61931,11.23671,-4.00904,,,,,,,,,,,,,,,,,,,,,,,,,,,,,,,,,,,,,,,,,,,,,,,,,,,High,High,High,,,,,
24,2026-09-02,14:26:05.94,1,3,"LoParo, Sam",,Right,THO_MOR,"Atchley, Chad",10005022,Right,THO_MOR,Undefined,1,Bottom,0,2,0,Fastball,Changeup,BallCalled,Undefined,Undefined,Undefined,0,0,,82.31899,0.859609,-3.911361,1825.186207,225.894861,1:30,5.39266,2.80495,4.85118,-34.07974,9.12347,7.94008,3.36838,-0.24177,74.89333,-5.361356,-2.518724,0.473074,,,,,,,,,,,,-5.03544,4.65965,-2.4255,50,5.44904,7.7915,-119.07504,0.54149,-7.20671,23.5416,-25.50514,THO_MOR,THO_MOR,ThomasMoreStadium,TeamExclusive,Team,20260902-ThomasMoreStadium-Private-3,c2d1af80-a6fb-11f1-8fc3-b92a07c1508c,79.6755,,,7.42565,,,,,,,cf840828-215e-4492-b74b-bbfd747596c3,2026-09-02,18:26:05.94,2026-09-02T14:26:05.9433984-04:00,2026-09-02T18:26:05.9433984Z,,v3,643-145989,643-145989,,"Atchley, Chad",10005022,Right,THO_MOR,45d252c4-ec08-48e8-a96a-c5c8469393a5,55.64568,-120.18603,11.7708,5.39509,1.74514,-12.75257,-2.80123,8.1316,-3.60336,,,,,,,,,,,,,,,,,,,,,,,,,,,,,,,,,,,,,,,,,,,,,,,,,,,High,High,High,,,,,
25,2026-09-02,14:26:20.48,1,4,"LoParo, Sam",,Right,THO_MOR,"Atchley, Chad",10005022,Right,THO_MOR,Undefined,1,Bottom,0,3,0,Fastball,Changeup,StrikeCalled,Undefined,Undefined,Undefined,0,0,,82.65442,-0.949016,-4.354877,1954.890279,214.311458,1:15,5.33427,2.85307,5.38442,-28.98998,12.97201,7.9154,2.02624,-0.57714,75.4963,-6.302729,-2.953467,0.466229,,,,,,,,,,,,-5.23571,7.19044,-2.46893,50,5.22898,8.78533,-119.62618,-2.9489,-7.57298,23.47448,-21.77379,THO_MOR,THO_MOR,ThomasMoreStadium,TeamExclusive,Team,20260902-ThomasMoreStadium-Private-3,cb7c2930-a6fb-11f1-8fc3-b92a07c1508c,80.84531,,,7.15811,,,,,,,cf840828-215e-4492-b74b-bbfd747596c3,2026-09-02,18:26:20.48,2026-09-02T14:26:20.4834304-04:00,2026-09-02T18:26:20.4834304Z,,v3,643-145989,643-145989,,"Atchley, Chad",10005022,Right,THO_MOR,612b5ac3-9c35-4c64-a1c7-d3ba020caa9d,55.11354,-120.62545,11.73724,5.33478,-2.02203,-10.88689,-2.84977,9.1077,-3.78649,,,,,,,,,,,,,,,,,,,,,,,,,,,,,,,,,,,,,,,,,,,,,,,,,,,High,High,High,,,,,
26,2026-09-02,14:26:35.17,1,5,"LoParo, Sam",,Right,THO_MOR,"Atchley, Chad",10005022,Right,THO_MOR,Undefined,1,Bottom,0,3,1,Fastball,Changeup,BallCalled,Walk,Undefined,Undefined,0,0,,83.19057,-2.209253,-4.3318,2050.301848,228.131746,1:30,5.51492,2.72374,5.14156,-29.11694,13.81162,13.438,1.00136,-0.24289,74.19885,-7.617528,-1.960548,0.471568,,,,,,,,,,,,-8.30485,8.15371,-2.32851,50,5.28577,8.50746,-119.95086,-5.62434,-11.75742,29.31772,-20.63061,THO_MOR,THO_MOR,ThomasMoreStadium,TeamExclusive,Team,20260902-ThomasMoreStadium-Private-3,d436cf80-a6fb-11f1-8fc3-b92a07c1508c,79.92999,,,8.99172,,,,,,,cf840828-215e-4492-b74b-bbfd747596c3,2026-09-02,18:26:35.17,2026-09-02T14:26:35.1727104-04:00,2026-09-02T18:26:35.1727104Z,,v3,643-145989,643-145989,,"Atchley, Chad",10005022,Right,THO_MOR,9afb22e0-da18-4da4-bc28-5447e05285f1,55.35372,-121.25232,14.65886,5.51512,-4.70852,-10.31531,-2.71776,9.02939,-5.87871,,,,,,,,,,,,,,,,,,,,,,,,,,,,,,,,,,,,,,,,,,,,,,,,,,,High,High,High,,,,,
27,2026-09-02,14:26:55.29,2,1,"LoParo, Sam",,Right,THO_MOR,"Thompson, Dylan",10077983,Right,THO_MOR,Undefined,1,Bottom,0,0,0,Cutter,Slider,BallCalled,Undefined,Undefined,Undefined,0,0,,77.75262,-1.068491,-5.742966,2244.3596,141.510438,10:45,5.09719,2.87133,5.20222,-44.80459,3.89701,-1.68406,0.35336,-2.68847,70.53621,-9.198857,-6.03906,0.502277,,,,,,,,,,,,-1.05929,2.8002,-2.33659,50,4.96428,11.33799,-112.0692,-3.61099,-1.32315,23.62119,-28.67629,THO_MOR,THO_MOR,ThomasMoreStadium,TeamExclusive,Team,20260902-ThomasMoreStadium-Private-3,e04e0e50-a6fb-11f1-8fc3-b92a07c1508c,75.04319,,,7.21641,,,,,,,cf840828-215e-4492-b74b-bbfd747596c3,2026-09-02,18:26:55.29,2026-09-02T14:26:55.2979968-04:00,2026-09-02T18:26:55.2979968Z,,v3,643-145989,643-145989,,"Atchley, Chad",10005022,Right,THO_MOR,7053f5b2-63e9-4af9-9dc3-a5f3ecdeb1f6,55.29388,-113.17951,11.8106,5.10234,-2.26307,-14.33815,-2.87099,11.40018,-0.66157,,,,,,,,,,,,,,,,,,,,,,,,,,,,,,,,,,,,,,,,,,,,,,,,,,,High,High,High,,,,,
28,2026-09-02,14:27:10.35,2,2,"LoParo, Sam",,Right,THO_MOR,"Thompson, Dylan",10077983,Right,THO_MOR,Undefined,1,Bottom,0,1,0,Cutter,Slider,BallCalled,Undefined,Undefined,Undefined,0,0,,76.6373,1.560043,-0.573588,2226.177448,188.014639,12:15,5.15221,3.02587,4.71222,-44.48841,5.15941,0.51028,2.92586,2.52401,70.28532,-6.491107,-0.483969,0.507133,,,,,,,,,,,,-0.40488,2.5765,-2.96835,50,5.27049,1.09121,-111.12505,1.43533,-0.50754,19.45344,-28.94433,THO_MOR,THO_MOR,ThomasMoreStadium,TeamExclusive,Team,20260902-ThomasMoreStadium-Private-3,e9459690-a6fb-11f1-8fc3-b92a07c1508c,74.32464,,,6.35197,,,,,,,cf840828-215e-4492-b74b-bbfd747596c3,2026-09-02,18:27:10.35,2026-09-02T14:27:10.3590912-04:00,2026-09-02T18:27:10.3590912Z,,v3,643-145989,643-145989,,"Atchley, Chad",10005022,Right,THO_MOR,b571902e-db04-48d0-bbd1-34c00438edb0,55.78501,-112.13319,9.72672,5.15723,2.93533,-14.47216,-3.02558,1.11751,-0.25377,,,,,,,,,,,,,,,,,,,,,,,,,,,,,,,,,,,,,,,,,,,,,,,,,,,High,High,High,,,,,
29,2026-09-02,14:27:37.55,2,3,"LoParo, Sam",,Right,THO_MOR,"Thompson, Dylan",10077983,Right,THO_MOR,Undefined,1,Bottom,0,2,0,Slider,Curveball,BallCalled,Undefined,Undefined,Undefined,0,0,,71.91243,1.754928,-1.590053,1973.582612,92.23397,9:00,5.17326,2.9437,4.80588,-54.96342,2.18327,-3.58996,2.2568,1.13769,65.1717,-8.214275,-2.221448,0.544085,,,,,,,,,,,,1.25276,1.09799,-2.78217,50,5.30074,3.02869,-104.06102,1.35917,1.35347,19.86033,-30.9878,THO_MOR,THO_MOR,ThomasMoreStadium,TeamExclusive,Team,20260902-ThomasMoreStadium-Private-3,f9921aa0-a6fb-11f1-8fc3-b92a07c1508c,69.27672,,,6.74072,,,,,,,cf840828-215e-4492-b74b-bbfd747596c3,2026-09-02,18:27:37.55,2026-09-02T14:27:37.5575552-04:00,2026-09-02T18:27:37.5575552Z,,v3,643-145989,643-145989,,"Atchley, Chad",10005022,Right,THO_MOR,c0531b62-9cc0-45d2-9e2b-e5c583cf2114,55.69028,-105.14142,9.93017,5.18094,3.0449,-15.4939,-2.94493,2.95507,0.67674,,,,,,,,,,,,,,,,,,,,,,,,,,,,,,,,,,,,,,,,,,,,,,,,,,,High,High,High,,,,,
30,2026-09-02,14:27:51.31,2,4,"LoParo, Sam",,Right,THO_MOR,"Thompson, Dylan",10077983,Right,THO_MOR,Undefined,1,Bottom,0,3,0,Slider,Curveball,BallCalled,Walk,Undefined,Undefined,0,0,,73.75349,0.246544,-3.232358,2167.101151,40.721434,7:15,5.06577,2.86053,4.87693,-56.26527,-1.86622,-3.30461,0.61065,-0.47651,67.01399,-9.904139,-3.814033,0.530844,,,,,,,,,,,,0.57559,-0.5737,-2.53961,50,5.04224,6.15139,-106.67404,-1.44045,0.65084,21.54667,-32.82278,THO_MOR,THO_MOR,ThomasMoreStadium,TeamExclusive,Team,20260902-ThomasMoreStadium-Private-3,019fdf20-a6fc-11f1-8fc3-b92a07c1508c,71.00473,,,6.7395,,,,,,,cf840828-215e-4492-b74b-bbfd747596c3,2026-09-02,18:27:51.31,2026-09-02T14:27:51.3117184-04:00,2026-09-02T18:27:51.3117184Z,,v3,643-145989,643-145989,,"Atchley, Chad",10005022,Right,THO_MOR,d7e73e22-c2ee-44f7-b6e7-662291e7e6a0,55.62191,-107.80361,10.77334,5.07265,0.28026,-16.41139,-2.8612,6.11727,0.32542,,,,,,,,,,,,,,,,,,,,,,,,,,,,,,,,,,,,,,,,,,,,,,,,,,,High,High,High,,,,,
31,2026-09-02,14:28:05.96,3,1,"LoParo, Sam",,Right,THO_MOR,"Bierbaum, Ian",10268661,Left,THO_MOR,Undefined,1,Bottom,0,0,0,Slider,Curveball,BallCalled,Undefined,Undefined,Undefined,0,0,,73.44717,0.425415,-2.125716,2074.619148,73.847358,8:30,5.1108,2.9168,4.76466,-53.86302,0.53413,-4.36693,1.02586,0.53648,67.33168,-9.272013,-2.893701,0.530835,,,,,,,,,,,,1.52106,0.64051,-2.69962,50,5.10618,4.12164,-106.4121,-1.05958,1.73283,19.36322,-31.44436,THO_MOR,THO_MOR,ThomasMoreStadium,TeamExclusive,Team,20260902-ThomasMoreStadium-Private-3,0a6a63f0-a6fc-11f1-8fc3-b92a07c1508c,71.00595,,,6.11549,,,,,,,cf840828-215e-4492-b74b-bbfd747596c3,2026-09-02,18:28:05.96,2026-09-02T14:28:05.9633664-04:00,2026-09-02T18:28:05.9633664Z,,v3,643-145989,643-145989,,"Atchley, Chad",10005022,Right,THO_MOR,c972868b-acd4-44fa-9399-edbebf51420c,55.73359,-107.45034,9.68161,5.11779,0.62645,-15.72218,-2.91813,4.02872,0.86641,,,,,,,,,,,,,,,,,,,,,,,,,,,,,,,,,,,,,,,,,,,,,,,,,,,High,High,High,,,,,
32,2026-09-02,14:28:21.57,3,2,"LoParo, Sam",,Right,THO_MOR,"Bierbaum, Ian",10268661,Left,THO_MOR,Undefined,1,Bottom,0,1,0,ChangeUp,Changeup,BallCalled,Undefined,Undefined,Undefined,0,0,,74.8165,0.880966,-2.635174,1445.161484,289.405216,3:45,4.87454,3.04919,5.50815,-52.20538,-1.09421,8.02193,1.34888,1.25161,68.27242,-8.665152,-1.205412,0.514552,,,,,,,,,,,,-4.8565,-0.32287,-2.82475,50,4.91637,4.69346,-108.46357,0.00602,-5.73183,20.61307,-32.55511,THO_MOR,THO_MOR,ThomasMoreStadium,TeamExclusive,Team,20260902-ThomasMoreStadium-Private-3,13c987a0-a6fc-11f1-8fc3-b92a07c1508c,73.2529,,,6.54408,,,,,,,cf840828-215e-4492-b74b-bbfd747596c3,2026-09-02,18:28:21.57,2026-09-02T14:28:21.5732224-04:00,2026-09-02T18:28:21.5732224Z,,v3,643-145989,643-145989,,"Atchley, Chad",10005022,Right,THO_MOR,b4a02bf5-5b25-4bf6-ac9a-7c390dd04a3a,54.99037,-109.40786,10.30654,4.88194,1.49737,-16.27756,-3.04577,4.95604,-2.86592,,,,,,,,,,,,,,,,,,,,,,,,,,,,,,,,,,,,,,,,,,,,,,,,,,,High,High,High,,,,,
33,2026-09-02,14:28:35.62,3,3,"LoParo, Sam",,Right,THO_MOR,"Bierbaum, Ian",10268661,Left,THO_MOR,Undefined,1,Bottom,0,2,0,ChangeUp,Changeup,BallCalled,Undefined,Undefined,Undefined,0,0,,75.80157,2.30492,-1.843946,1389.817012,260.091997,2:45,5.01869,3.14232,5.23888,-47.57503,3.13925,7.42477,3.22272,2.02739,68.28166,-6.429005,-0.528442,0.512551,,,,,,,,,,,,-4.27796,1.38937,-2.97844,50,5.1959,3.23406,-109.68588,2.83948,-5.12791,22.31025,-30.50861,THO_MOR,THO_MOR,ThomasMoreStadium,TeamExclusive,Team,20260902-ThomasMoreStadium-Private-3,1bfe0e00-a6fc-11f1-8fc3-b92a07c1508c,73.53897,,,7.51991,,,,,,,cf840828-215e-4492-b74b-bbfd747596c3,2026-09-02,18:28:35.62,2026-09-02T14:28:35.6262912-04:00,2026-09-02T18:28:35.6262912Z,,v3,643-145989,643-145989,,"Atchley, Chad",10005022,Right,THO_MOR,41155954-87b6-42c5-9e09-d1b224dda128,55.25604,-110.7498,11.15513,5.0258,4.29436,-15.25431,-3.1385,3.4786,-2.56396,,,,,,,,,,,,,,,,,,,,,,,,,,,,,,,,,,,,,,,,,,,,,,,,,,,High,High,High,,,,,
34,2026-09-02,14:28:50.45,3,4,"LoParo, Sam",,Right,THO_MOR,"Bierbaum, Ian",10268661,Left,THO_MOR,Undefined,1,Bottom,0,3,0,ChangeUp,Changeup,BallCalled,Walk,Undefined,Undefined,0,0,,73.48097,1.384849,-2.341324,1326.800541,269.05281,3:00,4.77144,3.36449,5.18649,-51.82841,1.98973,6.28815,1.7566,1.6846,66.7335,-8.073819,-1.227705,0.528002,,,,,,,,,,,,-3.85229,1.13882,-3.15194,50,4.86117,4.10811,-106.40541,0.88793,-4.3644,20.27148,-30.88383,THO_MOR,THO_MOR,ThomasMoreStadium,TeamExclusive,Team,20260902-ThomasMoreStadium-Private-3,24d67580-a6fc-11f1-8fc3-b92a07c1508c,71.38691,,,6.74747,,,,,,,cf840828-215e-4492-b74b-bbfd747596c3,2026-09-02,18:28:50.45,2026-09-02T14:28:50.4546816-04:00,2026-09-02T18:28:50.4546816Z,,v3,643-145989,643-145989,,"Atchley, Chad",10005022,Right,THO_MOR,7f899431-1071-4b55-a14b-b6baedb11376,55.3098,-107.41222,10.13574,4.77898,2.42182,-15.44192,-3.36136,4.32488,-2.1822,,,,,,,,,,,,,,,,,,,,,,,,,,,,,,,,,,,,,,,,,,,,,,,,,,,High,High,High,,,,,
35,2026-09-02,14:29:06.60,4,1,"LoParo, Sam",,Right,THO_MOR,"Sandhas, Kellen",10067176,Right,THO_MOR,Undefined,1,Bottom,0,0,0,Fastball,Changeup,BallCalled,Undefined,Undefined,Undefined,0,0,,81.51275,1.556254,-2.563473,1877.466023,209.358004,1:00,5.49185,2.75015,4.87228,-33.14829,10.97808,5.33,4.20396,0.76698,73.79682,-4.529841,-1.626625,0.478102,,,,,,,,,,,,-3.37902,5.38461,-2.50267,50,5.61762,5.04521,-117.95558,2.02155,-4.72641,23.94493,-24.64237,THO_MOR,THO_MOR,ThomasMoreStadium,TeamExclusive,Team,20260902-ThomasMoreStadium-Private-3,2e7c6630-a6fc-11f1-8fc3-b92a07c1508c,78.83769,,,7.71593,,,,,,,cf840828-215e-4492-b74b-bbfd747596c3,2026-09-02,18:29:06.60,2026-09-02T14:29:06.6031616-04:00,2026-09-02T18:29:06.6031616Z,,v3,643-145989,643-145989,,"Atchley, Chad",10005022,Right,THO_MOR,f4cb95ea-5e8d-450e-b6c2-4f8ea0f5ce1f,55.62263,-119.0915,11.97247,5.494,3.19055,-12.32118,-2.74733,5.26943,-2.36321,,,,,,,,,,,,,,,,,,,,,,,,,,,,,,,,,,,,,,,,,,,,,,,,,,,High,High,High,,,,,
36,2026-09-02,14:29:23.15,4,2,"LoParo, Sam",,Right,THO_MOR,"Sandhas, Kellen",10067176,Right,THO_MOR,Undefined,1,Bottom,0,1,0,Fastball,Changeup,StrikeCalled,Undefined,Undefined,Undefined,0,0,,81.7051,-0.237999,-3.995693,1843.73899,217.431107,1:15,5.39804,2.73732,5.1391,-31.26254,12.40005,8.31335,2.56818,-0.3384,73.96925,-6.005521,-2.529521,0.475583,,,,,,,,,,,,-5.37004,6.68563,-2.36919,50,5.35209,7.89946,-118.14847,-1.55832,-7.51362,24.64222,-22.81965,THO_MOR,THO_MOR,ThomasMoreStadium,TeamExclusive,Team,20260902-ThomasMoreStadium-Private-3,385fae00-a6fc-11f1-8fc3-b92a07c1508c,79.25527,,,7.73585,,,,,,,cf840828-215e-4492-b74b-bbfd747596c3,2026-09-02,18:29:23.15,2026-09-02T14:29:23.1564800-04:00,2026-09-02T18:29:23.1564800Z,,v3,643-145989,643-145989,,"Atchley, Chad",10005022,Right,THO_MOR,60124b9a-ba1d-460a-aac1-9b035b4fb6fe,55.35685,-119.26052,12.32111,5.39918,-0.52853,-11.40982,-2.73332,8.23853,-3.75681,,,,,,,,,,,,,,,,,,,,,,,,,,,,,,,,,,,,,,,,,,,,,,,,,,,High,High,High,,,,,
37,2026-09-02,14:29:40.62,4,3,"LoParo, Sam",,Right,THO_MOR,"Sandhas, Kellen",10067176,Right,THO_MOR,Undefined,1,Bottom,0,1,1,Fastball,Changeup,StrikeCalled,Undefined,Undefined,Undefined,0,0,,82.5385,-0.011177,-3.554065,1864.294984,226.432448,1:30,5.38279,2.74515,4.98791,-32.88014,10.32489,9.1854,2.63221,0.15037,74.35078,-6.060529,-1.936929,0.473084,,,,,,,,,,,,-5.68414,5.56422,-2.41032,50,5.35558,7.00607,-119.31397,-1.1947,-8.06944,26.2083,-24.27484,THO_MOR,THO_MOR,ThomasMoreStadium,TeamExclusive,Team,20260902-ThomasMoreStadium-Private-3,42d01aa0-a6fc-11f1-8fc3-b92a07c1508c,79.67382,,,8.18773,,,,,,,cf840828-215e-4492-b74b-bbfd747596c3,2026-09-02,18:29:40.62,2026-09-02T14:29:40.6208512-04:00,2026-09-02T18:29:40.6208512Z,,v3,643-145989,643-145989,,"Atchley, Chad",10005022,Right,THO_MOR,9439ad2a-a1c9-453f-8770-43349c6c7b60,55.50714,-120.51759,13.10415,5.38485,-0.07988,-12.13742,-2.74058,7.37666,-4.03472,,,,,,,,,,,,,,,,,,,,,,,,,,,,,,,,,,,,,,,,,,,,,,,,,,,High,High,High,,,,,
38,2026-09-02,14:29:56.59,4,4,"LoParo, Sam",,Right,THO_MOR,"Sandhas, Kellen",10067176,Right,THO_MOR,Undefined,1,Bottom,0,1,2,Fastball,Changeup,BallCalled,Undefined,Undefined,Undefined,0,0,,82.96593,-1.768538,-4.994217,1901.540516,225.596049,1:30,5.42085,2.56589,5.40982,-29.18671,12.60138,11.42595,1.32487,-1.17284,75.67479,-7.153825,-2.97206,0.465262,,,,,,,,,,,,-7.19772,7.26307,-2.12886,50,5.24278,10.00397,-119.90521,-4.68661,-10.4406,23.97305,-21.63863,THO_MOR,THO_MOR,ThomasMoreStadium,TeamExclusive,Team,20260902-ThomasMoreStadium-Private-3,4c455e60-a6fc-11f1-8fc3-b92a07c1508c,81.01333,,,7.29115,,,,,,,cf840828-215e-4492-b74b-bbfd747596c3,2026-09-02,18:29:56.59,2026-09-02T14:29:56.5951488-04:00,2026-09-02T18:29:56.5951488Z,,v3,643-145989,643-145989,,"Atchley, Chad",10005022,Right,THO_MOR,64a890c6-92c8-42cd-876b-2fb044e47361,55.08756,-120.9181,11.98653,5.42148,-3.77235,-10.81932,-2.56086,10.4451,-5.2203,,,,,,,,,,,,,,,,,,,,,,,,,,,,,,,,,,,,,,,,,,,,,,,,,,,High,High,High,,,,,
39,2026-09-02,14:30:10.54,4,5,"LoParo, Sam",,Right,THO_MOR,"Sandhas, Kellen",10067176,Right,THO_MOR,Undefined,1,Bottom,0,2,2,Cutter,Slider,StrikeCalled,Strikeout,Undefined,Undefined,0,0,,74.84343,0.87423,-2.760351,2188.984017,88.809685,9:00,4.94335,3.17045,4.89502,-50.2244,1.53059,-2.3811,1.58592,0.35907,68.97655,-8.186249,-3.179418,0.517783,,,,,,,,,,,,0.43075,0.95752,-2.89779,50,4.98666,5.32463,-108.49942,-0.06741,0.51458,18.59502,-31.03013,THO_MOR,THO_MOR,ThomasMoreStadium,TeamExclusive,Team,20260902-ThomasMoreStadium-Private-3,54c370e0-a6fc-11f1-8fc3-b92a07c1508c,72.79587,,,5.86688,,,,,,,cf840828-215e-4492-b74b-bbfd747596c3,2026-09-02,18:30:10.54,2026-09-02T14:30:10.5446400-04:00,2026-09-02T18:30:10.5446400Z,,v3,643-145989,643-145989,,"Atchley, Chad",10005022,Right,THO_MOR,13b99f6f-cdfe-4db0-9b60-6042b70cf6d6,55.60423,-109.45568,9.29751,4.9491,1.52834,-15.51507,-3.17093,5.29817,0.25729,,,,,,,,,,,,,,,,,,,,,,,,,,,,,,,,,,,,,,,,,,,,,,,,,,,High,High,High,,,,,
40,2026-09-02,14:30:25.11,5,1,"LoParo, Sam",,Right,THO_MOR,"Bosio, Theodore",1000511279,Right,THO_MOR,Undefined,1,Bottom,1,0,0,Slider,Curveball,BallCalled,Undefined,Undefined,Undefined,0,0,,72.3617,1.235653,-2.591493,2183.283646,72.123826,8:30,4.92083,3.00338,5.03417,-55.52786,-0.13567,-5.92878,1.46065,0.06273,66.44271,-8.80779,-3.637854,0.535668,,,,,,,,,,,,2.20642,0.04484,-2.75067,50,4.99427,4.96801,-104.86995,0.45129,2.44653,18.44893,-32.12431,THO_MOR,THO_MOR,ThomasMoreStadium,TeamExclusive,Team,20260902-ThomasMoreStadium-Private-3,5d5cac80-a6fc-11f1-8fc3-b92a07c1508c,70.3653,,,5.91899,,,,,,,cf840828-215e-4492-b74b-bbfd747596c3,2026-09-02,18:30:25.11,2026-09-02T14:30:25.1134976-04:00,2026-09-02T18:30:25.1134976Z,,v3,643-145989,643-145989,,"Atchley, Chad",10005022,Right,THO_MOR,43234129-d502-4191-8c21-4fbc489c3669,55.46515,-105.82702,9.22447,4.92763,2.1178,-16.06216,-3.0051,4.84109,1.22326,,,,,,,,,,,,,,,,,,,,,,,,,,,,,,,,,,,,,,,,,,,,,,,,,,,High,High,High,,,,,
41,2026-09-02,14:30:40.74,5,2,"LoParo, Sam",,Right,THO_MOR,"Bosio, Theodore",1000511279,Right,THO_MOR,Undefined,1,Bottom,1,1,0,Slider,Slider,BallCalled,Undefined,Undefined,Undefined,0,0,,72.4954,0.765198,-2.48997,2063.90488,84.69326,8:45,5.11288,2.74918,4.89018,-54.71629,1.62874,-4.97425,1.27776,-0.02222,65.60054,-9.15706,-3.366009,0.540256,,,,,,,,,,,,1.62559,1.09272,-2.5005,50,5.14216,4.75126,-104.85763,-0.40689,1.77315,21.08698,-30.98215,THO_MOR,THO_MOR,ThomasMoreStadium,TeamExclusive,Team,20260902-ThomasMoreStadium-Private-3,66a31810-a6fc-11f1-8fc3-b92a07c1508c,69.76778,,,6.89487,,,,,,,cf840828-215e-4492-b74b-bbfd747596c3,2026-09-02,18:30:40.74,2026-09-02T14:30:40.7422976-04:00,2026-09-02T18:30:40.7422976Z,,v3,643-145989,643-145989,,"Atchley, Chad",10005022,Right,THO_MOR,ee321de4-a082-4b66-8cb2-7374b99be350,55.60652,-105.97911,10.54349,5.11998,1.24085,-15.49107,-2.75068,4.65696,0.88657,,,,,,,,,,,,,,,,,,,,,,,,,,,,,,,,,,,,,,,,,,,,,,,,,,,High,High,High,,,,,
42,2026-09-02,14:31:01.68,5,3,"LoParo, Sam",,Right,THO_MOR,"Bosio, Theodore",1000511279,Right,THO_MOR,Undefined,1,Bottom,1,2,0,Slider,Curveball,StrikeCalled,Undefined,Undefined,Undefined,0,0,,72.10982,2.55246,-1.947911,2177.687496,67.287636,8:15,5.01172,2.9847,4.80584,-57.45767,-0.56756,-6.1737,2.64485,0.62401,65.29994,-7.856759,-3.032601,0.542862,,,,,,,,,,,,2.40016,-0.49118,-2.78517,50,5.2165,3.78985,-104.28703,2.71507,2.60521,19.894,-32.70719,THO_MOR,THO_MOR,ThomasMoreStadium,TeamExclusive,Team,20260902-ThomasMoreStadium-Private-3,73272270-a6fc-11f1-8fc3-b92a07c1508c,69.43276,,,6.80988,,,,,,,cf840828-215e-4492-b74b-bbfd747596c3,2026-09-02,18:31:01.68,2026-09-02T14:31:01.6861696-04:00,2026-09-02T18:31:01.6861696Z,,v3,643-145989,643-145989,,"Atchley, Chad",10005022,Right,THO_MOR,d4009b11-17b6-413e-866b-fa5fa0201b69,55.6907,-105.36701,9.947,5.02092,4.49063,-16.35359,-2.98707,3.64842,1.30261,,,,,,,,,,,,,,,,,,,,,,,,,,,,,,,,,,,,,,,,,,,,,,,,,,,High,High,High,,,,,
43,2026-09-02,14:31:15.70,5,4,"LoParo, Sam",,Right,THO_MOR,"Bosio, Theodore",1000511279,Right,THO_MOR,Undefined,1,Bottom,1,2,1,ChangeUp,Changeup,BallCalled,Undefined,Undefined,Undefined,0,0,,74.9449,0.003351,-3.946505,1366.001966,250.936942,2:15,4.81388,3.14446,5.23063,-47.54073,4.60032,7.64615,0.85531,0.066,67.68655,-8.690686,-2.593796,0.51971,,,,,,,,,,,,-5.19193,2.77547,-2.78664,50,4.77882,7.18449,-108.3363,-1.52294,-6.04666,22.46748,-28.94169,THO_MOR,THO_MOR,ThomasMoreStadium,TeamExclusive,Team,20260902-ThomasMoreStadium-Private-3,7b935aa0-a6fc-11f1-8fc3-b92a07c1508c,72.52588,,,7.25834,,,,,,,cf840828-215e-4492-b74b-bbfd747596c3,2026-09-02,18:31:15.70,2026-09-02T14:31:15.7079040-04:00,2026-09-02T18:31:15.7079040Z,,v3,643-145989,643-145989,,"Atchley, Chad",10005022,Right,THO_MOR,c5f22f1b-a9bd-4d1c-aed2-b04b3f8c25c6,55.26685,-109.42312,11.23374,4.81862,-0.12294,-14.47084,-3.14125,7.47698,-3.02333,,,,,,,,,,,,,,,,,,,,,,,,,,,,,,,,,,,,,,,,,,,,,,,,,,,High,High,High,,,,,
44,2026-09-02,14:31:28.99,5,5,"LoParo, Sam",,Right,THO_MOR,"Bosio, Theodore",1000511279,Right,THO_MOR,Undefined,1,Bottom,1,3,1,ChangeUp,Changeup,BallCalled,Walk,Undefined,Undefined,0,0,,75.8127,-0.030917,-3.853107,1343.731894,313.552295,4:30,4.80782,2.97615,5.26485,-54.40641,-3.58339,5.73217,0.24484,-0.1713,68.75539,-9.912214,-2.837111,0.5131,,,,,,,,,,,,-4.20681,-1.40736,-2.62771,50,4.76444,7.16956,-109.66202,-1.85956,-5.02123,22.97683,-33.85387,THO_MOR,THO_MOR,ThomasMoreStadium,TeamExclusive,Team,20260902-ThomasMoreStadium-Private-3,835a7930-a6fc-11f1-8fc3-b92a07c1508c,73.46029,,,7.05731,,,,,,,cf840828-215e-4492-b74b-bbfd747596c3,2026-09-02,18:31:28.99,2026-09-02T14:31:28.9968128-04:00,2026-09-02T18:31:28.9968128Z,,v3,643-145989,643-145989,,"Atchley, Chad",10005022,Right,THO_MOR,6184a18f-322d-4422-94fa-64158458b073,55.23461,-110.75337,11.48842,4.81458,-0.25158,-16.92694,-2.97391,7.40806,-2.51061,,,,,,,,,,,,,,,,,,,,,,,,,,,,,,,,,,,,,,,,,,,,,,,,,,,High,High,High,,,,,
45,2026-09-02,14:31:46.43,6,1,"LoParo, Sam",,Right,THO_MOR,"Geers, Jackson",1000511277,Right,THO_MOR,Undefined,1,Bottom,1,0,0,Slider,Curveball,StrikeCalled,Undefined,Undefined,Undefined,0,0,,71.3121,2.593189,-1.776392,2162.255605,98.078861,9:15,5.08097,2.96071,4.81021,-54.2381,2.66256,-7.27178,3.02065,0.67132,65.90339,-7.188033,-3.053797,0.542913,,,,,,,,,,,,3.1315,1.13441,-2.7774,50,5.29197,3.48296,-103.40357,2.88981,3.41869,15.89977,-30.9356,THO_MOR,THO_MOR,ThomasMoreStadium,TeamExclusive,Team,20260902-ThomasMoreStadium-Private-3,8dc2cf80-a6fc-11f1-8fc3-b92a07c1508c,69.42633,,,5.40871,,,,,,,cf840828-215e-4492-b74b-bbfd747596c3,2026-09-02,18:31:46.43,2026-09-02T14:31:46.4312320-04:00,2026-09-02T18:31:46.4312320Z,,v3,643-145989,643-145989,,"Atchley, Chad",10005022,Right,THO_MOR,4eb8ba15-3f6b-4be1-bf41-46d2427eedc0,55.68917,-104.27469,7.94988,5.08721,4.58472,-15.4678,-2.96309,3.29565,1.70934,,,,,,,,,,,,,,,,,,,,,,,,,,,,,,,,,,,,,,,,,,,,,,,,,,,High,High,High,,,,,
46,2026-09-02,14:32:01.71,6,2,"LoParo, Sam",,Right,THO_MOR,"Geers, Jackson",1000511277,Right,THO_MOR,Undefined,1,Bottom,1,0,1,Fastball,Changeup,BallCalled,Undefined,Undefined,Undefined,0,0,,82.47607,-1.054428,-5.092238,1911.17715,220.504296,1:15,5.3521,2.77785,5.47124,-31.8958,9.81402,7.32158,1.70335,-1.38999,76.09338,-6.897292,-3.796042,0.464826,,,,,,,,,,,,-5.00709,5.59548,-2.33439,50,5.23728,10.34193,-119.37333,-3.27803,-7.28272,21.26031,-24.03551,THO_MOR,THO_MOR,ThomasMoreStadium,TeamExclusive,Team,20260902-ThomasMoreStadium-Private-3,96db4d40-a6fc-11f1-8fc3-b92a07c1508c,81.08932,,,6.38269,,,,,,,cf840828-215e-4492-b74b-bbfd747596c3,2026-09-02,18:32:01.71,2026-09-02T14:32:01.7153536-04:00,2026-09-02T18:32:01.7153536Z,,v3,643-145989,643-145989,,"Atchley, Chad",10005022,Right,THO_MOR,c10db70c-938f-4245-9a3d-e2668e90280d,55.02765,-120.26542,10.63015,5.35367,-2.26949,-12.01775,-2.77475,10.64751,-3.64136,,,,,,,,,,,,,,,,,,,,,,,,,,,,,,,,,,,,,,,,,,,,,,,,,,,High,High,High,,,,,
47,2026-09-02,14:32:17.99,6,3,"LoParo, Sam",,Right,THO_MOR,"Geers, Jackson",1000511277,Right,THO_MOR,Undefined,1,Bottom,1,1,1,Fastball,Changeup,BallCalled,Undefined,Undefined,Undefined,0,0,,81.72571,-0.309907,-4.846177,2038.452586,207.437329,1:00,5.31077,2.56276,5.65133,-29.37352,12.73705,5.97126,2.5729,-1.47032,75.35243,-5.735717,-3.78558,0.467054,,,,,,,,,,,,-4.26729,6.92461,-2.15508,50,5.26573,9.80291,-118.38085,-1.57443,-6.10937,20.71885,-22.26028,THO_MOR,THO_MOR,ThomasMoreStadium,TeamExclusive,Team,20260902-ThomasMoreStadium-Private-3,a08fbce0-a6fc-11f1-8fc3-b92a07c1508c,80.70255,,,6.37328,,,,,,,cf840828-215e-4492-b74b-bbfd747596c3,2026-09-02,18:32:17.99,2026-09-02T14:32:17.9917824-04:00,2026-09-02T18:32:17.9917824Z,,v3,643-145989,643-145989,,"Atchley, Chad",10005022,Right,THO_MOR,a272dd03-b7de-495e-bcc7-ad3ce91e7bff,54.84729,-119.22619,10.35943,5.31144,-0.66619,-11.13014,-2.56013,10.05218,-3.05469,,,,,,,,,,,,,,,,,,,,,,,,,,,,,,,,,,,,,,,,,,,,,,,,,,,High,High,High,,,,,
48,2026-09-02,14:32:33.27,6,4,"LoParo, Sam",,Right,THO_MOR,"Geers, Jackson",1000511277,Right,THO_MOR,Undefined,1,Bottom,1,2,1,Slider,Curveball,BallCalled,Undefined,Undefined,Undefined,0,0,,72.20185,0.854769,-2.952879,2086.129702,88.259742,9:00,5.13887,2.90764,4.93668,-53.77168,1.27114,-7.71859,1.46691,-0.52894,67.3153,-8.803651,-4.31157,0.533976,,,,,,,,,,,,3.13445,0.80012,-2.61352,50,5.17693,5.68934,-104.78474,-0.20276,3.52422,15.83742,-31.27444,THO_MOR,THO_MOR,ThomasMoreStadium,TeamExclusive,Team,20260902-ThomasMoreStadium-Private-3,a9adb8e0-a6fc-11f1-8fc3-b92a07c1508c,70.58827,,,4.88656,,,,,,,cf840828-215e-4492-b74b-bbfd747596c3,2026-09-02,18:32:33.27,2026-09-02T14:32:33.2717056-04:00,2026-09-02T18:32:33.2717056Z,,v3,643-145989,643-145989,,"Atchley, Chad",10005022,Right,THO_MOR,5a2fb5da-9e70-4039-aecc-845c20cc8ca0,55.56465,-105.62245,7.91871,5.1439,1.45147,-15.63722,-2.90952,5.50293,1.76211,,,,,,,,,,,,,,,,,,,,,,,,,,,,,,,,,,,,,,,,,,,,,,,,,,,High,High,High,,,,,
49,2026-09-02,14:32:50.04,6,5,"LoParo, Sam",,Right,THO_MOR,"Geers, Jackson",1000511277,Right,THO_MOR,Undefined,1,Bottom,1,3,1,Fastball,Changeup,BallCalled,Walk,Undefined,Undefined,0,0,,81.76305,-1.294953,-4.996681,2016.956575,226.10977,1:30,5.33116,2.57691,5.70993,-31.7149,10.37615,9.46249,1.47701,-1.30153,75.37913,-7.135665,-3.312941,0.466946,,,,,,,,,,,,-6.12615,6.00099,-2.16363,50,5.20259,9.98203,-118.37982,-3.70058,-8.75163,21.17705,-23.60122,THO_MOR,THO_MOR,ThomasMoreStadium,TeamExclusive,Team,20260902-ThomasMoreStadium-Private-3,b3a09110-a6fc-11f1-8fc3-b92a07c1508c,80.72125,,,6.38392,,,,,,,cf840828-215e-4492-b74b-bbfd747596c3,2026-09-02,18:32:50.04,2026-09-02T14:32:50.0491776-04:00,2026-09-02T18:32:50.0491776Z,,v3,643-145989,643-145989,,"Atchley, Chad",10005022,Right,THO_MOR,4307cfc7-cd7a-4c46-aa1c-13dd784b9654,54.78903,-119.23346,10.58853,5.33258,-2.74923,-11.80061,-2.57311,10.3348,-4.37582,,,,,,,,,,,,,,,,,,,,,,,,,,,,,,,,,,,,,,,,,,,,,,,,,,,High,High,High,,,,,
1,2026-09-02,15:06:35.82,1,1,"Tippie, Austin",1,Right,THO_MOR,"Atchley, Chad",10005022,Right,THO_MOR,Undefined,1,Top,0,0,0,Fastball,Sinker,BallCalled,Undefined,Undefined,Undefined,0,0,,88.62409,-2.142907,-5.811602,2001.620592,230.532989,1:45,6.15393,2.12595,5.50977,-21.42978,15.24351,16.95214,2.3529,-1.91475,80.35931,-6.154691,-2.812392,0.435859,,,,,,,,,,,,-10.23638,8.69083,-1.62908,50,5.95192,12.26005,-127.8779,-5.51648,-16.85089,27.81393,-17.86738,THO_MOR,THO_MOR,ThomasMoreStadium,TeamExclusive,Team,20260902-ThomasMoreStadium-Private-4,6b3000f0-a701-11f1-8fc3-b92a07c1508c,86.47844,,,8.26478,,,,,,,317f9a69-194d-4597-908b-ad3a0e6947c2,2026-09-02,19:06:35.82,2026-09-02T15:06:35.8200832-04:00,2026-09-02T19:06:35.8200832Z,,v3,643-145989,643-145989,,"Atchley, Chad",10005022,Right,THO_MOR,c97de094-2b94-41a3-83d0-3013e2899149,54.98728,-128.95809,13.90696,6.15268,-4.82258,-8.93369,-2.11792,12.91447,-8.42544,,,,,,,,,,,,,,,,,,,,,,,,,,,,,,,,,,,,,,,,,,,,,,,,,,,High,High,High,,,,,
2,2026-09-02,15:06:51.85,1,2,"Tippie, Austin",1,Right,THO_MOR,"Atchley, Chad",10005022,Right,THO_MOR,Undefined,1,Top,0,1,0,Fastball,Sinker,BallCalled,Undefined,Undefined,Undefined,0,0,,88.8291,-2.397187,-5.173837,2045.52079,233.013176,1:45,6.00551,2.09538,5.7892,-21.78048,14.31095,17.31418,1.95002,-1.28793,80.55147,-6.489303,-2.088285,0.432388,,,,,,,,,,,,-10.35914,8.38304,-1.67876,50,5.79432,10.87541,-128.34026,-6.08866,-17.14888,28.41232,-18.29648,THO_MOR,THO_MOR,ThomasMoreStadium,TeamExclusive,Team,20260902-ThomasMoreStadium-Private-4,74984c60-a701-11f1-8fc3-b92a07c1508c,87.17273,,,8.27762,,,,,,,317f9a69-194d-4597-908b-ad3a0e6947c2,2026-09-02,19:06:51.85,2026-09-02T15:06:51.8565376-04:00,2026-09-02T19:06:51.8565376Z,,v3,643-145989,643-145989,,"Atchley, Chad",10005022,Right,THO_MOR,fd5335a6-e6d1-45d8-abad-842c8dc038e5,54.70821,-129.37838,14.20616,6.00457,-5.42015,-9.14824,-2.08757,11.50199,-8.57444,,,,,,,,,,,,,,,,,,,,,,,,,,,,,,,,,,,,,,,,,,,,,,,,,,,High,High,High,,,,,
3,2026-09-02,15:07:08.08,1,3,"Tippie, Austin",1,Right,THO_MOR,"Atchley, Chad",10005022,Right,THO_MOR,Undefined,1,Top,0,2,0,Fastball,Sinker,BallCalled,Undefined,Undefined,Undefined,0,0,,88.38511,0.311159,-4.551782,2145.630882,231.28147,1:45,5.8317,2.3122,5.63248,-23.19505,13.74957,15.41296,4.19001,-0.65914,79.11406,-4.064434,-1.811338,0.437469,,,,,,,,,,,,-9.26945,7.24685,-1.93417,50,5.8438,9.48127,-127.72144,-0.05843,-15.03214,30.7846,-20.42198,THO_MOR,THO_MOR,ThomasMoreStadium,TeamExclusive,Team,20260902-ThomasMoreStadium-Private-4,7e4960a0-a701-11f1-8fc3-b92a07c1508c,86.1603,,,9.27105,,,,,,,317f9a69-194d-4597-908b-ad3a0e6947c2,2026-09-02,19:07:08.08,2026-09-02T15:07:08.0862208-04:00,2026-09-02T19:07:08.0862208Z,,v3,643-145989,643-145989,,"Atchley, Chad",10005022,Right,THO_MOR,a4113e65-d25f-433e-b563-177724db1ad7,54.86235,-128.88808,15.3923,5.83135,0.7155,-10.21099,-2.30428,10.05094,-7.51607,,,,,,,,,,,,,,,,,,,,,,,,,,,,,,,,,,,,,,,,,,,,,,,,,,,High,High,High,,,,,
4,2026-09-02,15:07:24.57,1,4,"Tippie, Austin",1,Right,THO_MOR,"Atchley, Chad",10005022,Right,THO_MOR,Undefined,1,Top,0,3,0,Slider,Slider,BallCalled,Walk,Undefined,Undefined,0,0,,80.25705,1.663343,-4.888135,2162.082015,205.93688,12:45,5.51852,2.56319,5.55822,-39.7977,5.30874,1.76162,3.76221,-1.86808,71.9975,-5.692786,-4.576117,0.483382,,,,,,,,,,,,-2.53225,2.6326,-2.14121,50,5.63702,9.83309,-115.81972,2.06349,-3.3708,25.66737,-28.66967,THO_MOR,THO_MOR,ThomasMoreStadium,TeamExclusive,Team,20260902-ThomasMoreStadium-Private-4,884cb390-a701-11f1-8fc3-b92a07c1508c,77.97646,,,8.25955,,,,,,,317f9a69-194d-4597-908b-ad3a0e6947c2,2026-09-02,19:07:24.57,2026-09-02T15:07:24.5754880-04:00,2026-09-02T19:07:24.5754880Z,,v3,643-145989,643-145989,,"Atchley, Chad",10005022,Right,THO_MOR,b336f966-eebc-4d80-bad7-1dba8dec92f2,54.93567,-116.90842,12.83368,5.5237,3.27954,-14.33483,-2.56132,9.97607,-1.6854,,,,,,,,,,,,,,,,,,,,,,,,,,,,,,,,,,,,,,,,,,,,,,,,,,,High,High,High,,,,,
5,2026-09-02,15:07:41.50,2,1,"Tippie, Austin",1,Right,THO_MOR,"Thompson, Dylan",10077983,Right,THO_MOR,Undefined,1,Top,0,0,0,Slider,Slider,BallCalled,Undefined,Undefined,Undefined,0,0,,79.8976,0.187443,-5.462476,2216.409388,153.370704,11:00,5.44601,2.97984,5.41636,-40.42817,5.54036,-1.89473,2.25339,-2.3107,71.73426,-7.243399,-5.796792,0.48798,,,,,,,,,,,,-0.95622,3.24433,-2.49178,50,5.43516,11.09163,-115.17467,-0.97168,-1.25404,26.11147,-27.9193,THO_MOR,THO_MOR,ThomasMoreStadium,TeamExclusive,Team,20260902-ThomasMoreStadium-Private-4,923b6d10-a701-11f1-8fc3-b92a07c1508c,77.24183,,,8.16333,,,,,,,317f9a69-194d-4597-908b-ad3a0e6947c2,2026-09-02,19:07:41.50,2026-09-02T15:07:41.5031808-04:00,2026-09-02T19:07:41.5031808Z,,v3,643-145989,643-145989,,"Atchley, Chad",10005022,Right,THO_MOR,9be3c41c-f555-4a68-9d26-84a3876d46d0,55.07733,-116.32007,13.05574,5.45092,0.25302,-13.95965,-2.97952,11.14664,-0.62702,,,,,,,,,,,,,,,,,,,,,,,,,,,,,,,,,,,,,,,,,,,,,,,,,,,High,High,High,,,,,
6,2026-09-02,15:08:15.97,2,2,"Tippie, Austin",1,Right,THO_MOR,"Thompson, Dylan",10077983,Right,THO_MOR,Undefined,1,Top,0,1,0,Slider,Slider,BallCalled,Undefined,Undefined,Undefined,0,0,,79.8048,-0.047126,-5.628214,2238.925995,172.350308,11:45,5.33049,2.79429,5.82259,-37.65463,7.05937,-0.74551,2.14858,-2.51718,72.68513,-6.99393,-5.760692,0.481275,,,,,,,,,,,,-1.33154,4.07339,-2.3323,50,5.30451,11.38975,-115.28648,-1.26847,-1.77645,23.17431,-26.73957,THO_MOR,THO_MOR,ThomasMoreStadium,TeamExclusive,Team,20260902-ThomasMoreStadium-Private-4,a6e04ec0-a701-11f1-8fc3-b92a07c1508c,78.31793,,,7.11967,,,,,,,317f9a69-194d-4597-908b-ad3a0e6947c2,2026-09-02,19:08:15.97,2026-09-02T15:08:15.9728128-04:00,2026-09-02T19:08:15.9728128Z,,v3,643-145989,643-145989,,"Atchley, Chad",10005022,Right,THO_MOR,2b171639-ae2d-4451-b3e6-b60364e67804,54.67384,-116.22219,11.58716,5.33393,-0.18881,-13.36978,-2.79364,11.46148,-0.88823,,,,,,,,,,,,,,,,,,,,,,,,,,,,,,,,,,,,,,,,,,,,,,,,,,,High,High,High,,,,,
7,2026-09-02,15:08:31.20,2,3,"Tippie, Austin",1,Right,THO_MOR,"Thompson, Dylan",10077983,Right,THO_MOR,Undefined,1,Top,0,2,0,Fastball,Sinker,BallCalled,Undefined,Undefined,Undefined,0,0,,89.09388,-0.537216,-3.421573,1990.474204,234.651295,1:45,5.90326,2.14889,5.57607,-23.60588,12.63788,15.93686,3.43344,0.27747,80.11585,-4.968624,-0.583518,0.433299,,,,,,,,,,,,-9.13249,6.94193,-1.86475,50,5.84186,6.9947,-128.95376,-2.0071,-15.13703,30.73471,-20.66785,THO_MOR,THO_MOR,ThomasMoreStadium,TeamExclusive,Team,20260902-ThomasMoreStadium-Private-4,afd9d2d0-a701-11f1-8fc3-b92a07c1508c,86.98941,,,8.97803,,,,,,,317f9a69-194d-4597-908b-ad3a0e6947c2,2026-09-02,19:08:31.20,2026-09-02T15:08:31.2099328-04:00,2026-09-02T19:08:31.2099328Z,,v3,643-145989,643-145989,,"Atchley, Chad",10005022,Right,THO_MOR,fac95364-1370-4cb1-b114-dd5777474a3b,54.91961,-130.12101,15.36736,5.90319,-1.22217,-10.33392,-2.14131,7.56957,-7.56852,,,,,,,,,,,,,,,,,,,,,,,,,,,,,,,,,,,,,,,,,,,,,,,,,,,High,High,High,,,,,
8,2026-09-02,15:08:46.14,2,4,"Tippie, Austin",1,Right,THO_MOR,"Thompson, Dylan",10077983,Right,THO_MOR,Undefined,1,Top,0,3,0,ChangeUp,Changeup,BallCalled,Walk,Undefined,Undefined,0,0,,80.65601,-0.355695,-2.566723,1658.304657,237.713917,2:00,5.60838,2.47225,5.54555,-31.7838,12.10036,16.76391,2.62698,1.46899,73.26673,-6.258791,0.421511,0.476788,,,,,,,,,,,,-9.23532,6.66386,-2.26128,50,5.55678,4.56735,-116.92645,-1.73979,-12.68067,23.73464,-23.02417,THO_MOR,THO_MOR,ThomasMoreStadium,TeamExclusive,Team,20260902-ThomasMoreStadium-Private-4,b8d24570-a701-11f1-8fc3-b92a07c1508c,79.05492,,,7.38928,,,,,,,317f9a69-194d-4597-908b-ad3a0e6947c2,2026-09-02,19:08:46.14,2026-09-02T15:08:46.1447680-04:00,2026-09-02T19:08:46.1447680Z,,v3,643-145989,643-145989,,"Atchley, Chad",10005022,Right,THO_MOR,82c291fe-12dd-4b71-828d-4447690dec36,54.95147,-117.92725,11.86732,5.60967,-0.76895,-11.51208,-2.46514,5.10205,-6.34033,,,,,,,,,,,,,,,,,,,,,,,,,,,,,,,,,,,,,,,,,,,,,,,,,,,High,High,High,,,,,
9,2026-09-02,15:09:04.27,3,1,"Tippie, Austin",1,Right,THO_MOR,"Bierbaum, Ian",10268661,Left,THO_MOR,Undefined,1,Top,0,0,0,ChangeUp,Changeup,BallCalled,Undefined,Undefined,Undefined,0,0,,81.15519,-0.091183,-2.858075,1541.408518,236.670779,2:00,5.57202,2.90484,5.80927,-32.37659,10.25052,13.51174,2.78907,1.37085,74.21984,-6.105592,-0.438959,0.46991,,,,,,,,,,,,-7.69016,5.67067,-2.67845,50,5.54532,5.35263,-117.75886,-1.19883,-10.78897,22.54504,-24.21833,THO_MOR,THO_MOR,ThomasMoreStadium,TeamExclusive,Team,20260902-ThomasMoreStadium-Private-4,c38f9990-a701-11f1-8fc3-b92a07c1508c,80.21209,,,6.93535,,,,,,,317f9a69-194d-4597-908b-ad3a0e6947c2,2026-09-02,19:09:04.27,2026-09-02T15:09:04.2731520-04:00,2026-09-02T19:09:04.2731520Z,,v3,643-145989,643-145989,,"Atchley, Chad",10005022,Right,THO_MOR,5e19650b-c119-44d9-a721-593273980d67,54.68854,-118.65309,11.27252,5.57383,-0.23823,-12.10916,-2.89924,5.78057,-5.39448,,,,,,,,,,,,,,,,,,,,,,,,,,,,,,,,,,,,,,,,,,,,,,,,,,,High,High,High,,,,,
10,2026-09-02,15:09:18.90,3,2,"Tippie, Austin",1,Right,THO_MOR,"Bierbaum, Ian",10268661,Left,THO_MOR,Undefined,1,Top,0,1,0,ChangeUp,Changeup,BallCalled,Undefined,Undefined,Undefined,0,0,,80.22727,-0.86361,-2.707521,1535.886225,238.252194,2:00,5.56678,2.52741,5.59103,-34.34616,9.71752,13.37398,1.89726,1.11196,73.38797,-7.202943,-0.321123,0.477762,,,,,,,,,,,,-7.58406,5.58485,-2.30406,50,5.47031,4.98235,-116.36625,-2.85784,-10.36724,22.46088,-24.53968,THO_MOR,THO_MOR,ThomasMoreStadium,TeamExclusive,Team,20260902-ThomasMoreStadium-Private-4,cc3fdfa0-a701-11f1-8fc3-b92a07c1508c,78.89372,,,6.8393,,,,,,,317f9a69-194d-4597-908b-ad3a0e6947c2,2026-09-02,19:09:18.90,2026-09-02T15:09:18.9069312-04:00,2026-09-02T19:09:18.9069312Z,,v3,643-145989,643-145989,,"Atchley, Chad",10005022,Right,THO_MOR,94ea5da9-c503-46a5-b958-1637ce9f402e,54.90749,-117.30967,11.23044,5.5687,-1.82711,-12.26984,-2.52247,5.4178,-5.18362,,,,,,,,,,,,,,,,,,,,,,,,,,,,,,,,,,,,,,,,,,,,,,,,,,,High,High,High,,,,,
11,2026-09-02,15:09:45.66,3,3,"Tippie, Austin",1,Right,THO_MOR,"Bierbaum, Ian",10268661,Left,THO_MOR,Undefined,1,Top,0,2,0,Curveball,Curveball,BallCalled,Undefined,Undefined,Undefined,0,0,,72.76988,3.375236,-0.573319,1935.659089,52.226933,7:45,5.59126,2.27056,5.01358,-55.65294,-0.9048,-3.40295,4.14292,1.44587,66.48618,-6.725634,-1.173712,0.532545,,,,,,,,,,,,1.51973,-0.87409,-2.21272,50,5.87023,1.18608,-105.41469,4.36767,1.70763,18.15654,-33.1562,THO_MOR,THO_MOR,ThomasMoreStadium,TeamExclusive,Team,20260902-ThomasMoreStadium-Private-4,dc57bf20-a701-11f1-8fc3-b92a07c1508c,70.77799,,,6.2837,,,,,,,317f9a69-194d-4597-908b-ad3a0e6947c2,2026-09-02,19:09:45.66,2026-09-02T15:09:45.6654336-04:00,2026-09-02T19:09:45.6654336Z,,v3,643-145989,643-145989,,"Atchley, Chad",10005022,Right,THO_MOR,216f0e6c-df2e-4ca5-9629-6dca29f183b6,55.48491,-106.35521,9.07827,5.59949,6.08518,-16.5781,-2.27186,1.09762,0.85382,,,,,,,,,,,,,,,,,,,,,,,,,,,,,,,,,,,,,,,,,,,,,,,,,,,High,High,High,,,,,
12,2026-09-02,15:09:59.70,3,4,"Tippie, Austin",1,Right,THO_MOR,"Bierbaum, Ian",10268661,Left,THO_MOR,Undefined,1,Top,0,3,0,Curveball,Slider,BallCalled,Walk,Undefined,Undefined,0,0,,75.47402,3.010872,-2.26787,2144.15574,213.186266,1:00,5.43774,2.81093,5.29035,-46.94491,3.28335,1.14394,4.35761,0.77569,69.09026,-5.566915,-2.06529,0.510088,,,,,,,,,,,,-1.18437,1.3087,-2.60524,50,5.67806,4.28636,-109.35535,4.21629,-1.43785,18.82296,-30.58525,THO_MOR,THO_MOR,ThomasMoreStadium,TeamExclusive,Team,20260902-ThomasMoreStadium-Private-4,e49a9d60-a701-11f1-8fc3-b92a07c1508c,73.89392,,,6.38376,,,,,,,317f9a69-194d-4597-908b-ad3a0e6947c2,2026-09-02,19:09:59.70,2026-09-02T15:09:59.7024768-04:00,2026-09-02T19:09:59.7024768Z,,v3,643-145989,643-145989,,"Atchley, Chad",10005022,Right,THO_MOR,af7c34eb-fdee-4214-a4aa-2d291acd5107,55.20735,-110.24804,9.41148,5.44371,5.66679,-15.29263,-2.81014,4.35455,-0.71892,,,,,,,,,,,,,,,,,,,,,,,,,,,,,,,,,,,,,,,,,,,,,,,,,,,High,High,High,,,,,
13,2026-09-02,15:10:15.69,4,1,"Tippie, Austin",1,Right,THO_MOR,"Bierbaum, Ian",10268661,Left,THO_MOR,Undefined,1,Top,0,3,0,Slider,Slider,BallCalled,Walk,Undefined,Undefined,0,0,,78.04978,-0.576511,-4.467887,2227.290288,148.649026,11:00,5.35702,2.51575,5.53914,-43.55148,3.31729,-1.10079,1.18725,-1.76028,71.64511,-8.521241,-4.66336,0.492735,,,,,,,,,,,,-0.73563,2.31036,-2.1269,50,5.27809,8.86936,-112.9664,-2.56091,-0.94714,21.2821,-29.19947,THO_MOR,THO_MOR,ThomasMoreStadium,TeamExclusive,Team,20260902-ThomasMoreStadium-Private-4,ee2a1fe0-a701-11f1-8fc3-b92a07c1508c,76.49642,,,6.40467,,,,,,,317f9a69-194d-4597-908b-ad3a0e6947c2,2026-09-02,19:10:15.69,2026-09-02T15:10:15.6924928-04:00,2026-09-02T19:10:15.6924928Z,,v3,643-145989,643-145989,,"Atchley, Chad",10005022,Right,THO_MOR,ff8bde1c-5d6b-4eda-91ef-c73a3ca07cd8,54.95838,-113.8967,10.64105,5.36214,-1.28452,-14.59973,-2.51551,8.91076,-0.47357,,,,,,,,,,,,,,,,,,,,,,,,,,,,,,,,,,,,,,,,,,,,,,,,,,,High,High,High,,,,,
14,2026-09-02,15:10:32.41,5,1,"Tippie, Austin",1,Right,THO_MOR,"Sandhas, Kellen",10067176,Right,THO_MOR,Undefined,1,Top,0,0,0,Fastball,Sinker,BallCalled,Undefined,Undefined,Undefined,0,0,,89.47282,-0.775948,-3.330982,2061.592045,227.412558,1:30,5.97581,2.16502,5.69147,-19.66666,16.1756,16.13891,3.61249,0.40205,80.27099,-4.517425,-0.45075,0.430893,,,,,,,,,,,,-9.28713,8.84686,-1.8951,50,5.89857,6.82476,-129.51475,-2.36845,-15.49203,31.57006,-17.41646,THO_MOR,THO_MOR,ThomasMoreStadium,TeamExclusive,Team,20260902-ThomasMoreStadium-Private-4,f82d24b0-a701-11f1-8fc3-b92a07c1508c,87.47526,,,9.20183,,,,,,,317f9a69-194d-4597-908b-ad3a0e6947c2,2026-09-02,19:10:32.41,2026-09-02T15:10:32.4194304-04:00,2026-09-02T19:10:32.4194304Z,,v3,643-145989,643-145989,,"Atchley, Chad",10005022,Right,THO_MOR,5af80423-39aa-475d-80d8-00e35fc8b459,54.80444,-130.68062,15.78503,5.97416,-1.72527,-8.70823,-2.1577,7.39687,-7.74601,,,,,,,,,,,,,,,,,,,,,,,,,,,,,,,,,,,,,,,,,,,,,,,,,,,High,High,High,,,,,
15,2026-09-02,15:10:51.69,5,2,"Tippie, Austin",1,Right,THO_MOR,"Sandhas, Kellen",10067176,Right,THO_MOR,Undefined,1,Top,0,1,0,Sinker,Sinker,BallCalled,Undefined,Undefined,Undefined,0,0,,87.92794,-2.09698,-4.992615,2111.504455,232.567717,1:45,5.81839,2.34432,5.69427,-23.77852,12.89138,15.27485,1.87431,-1.04731,80.35287,-6.523076,-2.274245,0.435839,,,,,,,,,,,,-9.13764,7.49248,-1.93365,50,5.62679,10.45674,-127.1729,-5.46084,-14.96843,26.0163,-19.90057,THO_MOR,THO_MOR,ThomasMoreStadium,TeamExclusive,Team,20260902-ThomasMoreStadium-Private-4,038c1000-a702-11f1-8fc3-b92a07c1508c,86.48243,,,7.57507,,,,,,,317f9a69-194d-4597-908b-ad3a0e6947c2,2026-09-02,19:10:51.69,2026-09-02T15:10:51.6929024-04:00,2026-09-02T19:10:51.6929024Z,,v3,643-145989,643-145989,,"Atchley, Chad",10005022,Right,THO_MOR,91c2302f-f4ae-4e71-8c28-d35e0ff85019,54.80387,-128.15188,13.00815,5.81819,-4.71199,-9.95029,-2.33773,11.02,-7.48421,,,,,,,,,,,,,,,,,,,,,,,,,,,,,,,,,,,,,,,,,,,,,,,,,,,High,High,High,,,,,
16,2026-09-02,15:11:07.58,5,3,"Tippie, Austin",1,Right,THO_MOR,"Sandhas, Kellen",10067176,Right,THO_MOR,Undefined,1,Top,0,2,0,Sinker,Sinker,BallCalled,Undefined,Undefined,Undefined,0,0,,87.6478,0.384187,-2.773002,2108.201113,242.35389,2:00,5.7454,2.26092,5.63288,-26.04474,10.77249,18.29934,3.93387,1.19666,79.85863,-4.465699,0.492111,0.436714,,,,,,,,,,,,-10.02465,5.7078,-2.03671,50,5.76159,5.36426,-127.15346,-0.03321,-16.38434,26.48466,-22.8452,THO_MOR,THO_MOR,ThomasMoreStadium,TeamExclusive,Team,20260902-ThomasMoreStadium-Private-4,0d0c7750-a702-11f1-8fc3-b92a07c1508c,86.30923,,,7.78917,,,,,,,317f9a69-194d-4597-908b-ad3a0e6947c2,2026-09-02,19:11:07.58,2026-09-02T15:11:07.5868160-04:00,2026-09-02T19:11:07.5868160Z,,v3,643-145989,643-145989,,"Atchley, Chad",10005022,Right,THO_MOR,3fc45cfa-fee2-4772-81fe-0ddc95b345e9,54.86512,-128.1628,13.24233,5.74626,0.83743,-11.4226,-2.25304,5.98868,-8.19217,,,,,,,,,,,,,,,,,,,,,,,,,,,,,,,,,,,,,,,,,,,,,,,,,,,High,High,High,,,,,
17,2026-09-02,15:11:27.23,5,4,"Tippie, Austin",1,Right,THO_MOR,"Sandhas, Kellen",10067176,Right,THO_MOR,Undefined,1,Top,0,3,0,Slider,Slider,StrikeCalled,Undefined,Undefined,Undefined,0,0,,78.60332,0.587662,-2.55085,2155.873454,141.261633,10:45,5.31244,2.90651,5.72148,-42.45597,3.59386,-1.60843,2.32238,0.39492,71.40841,-7.245726,-2.838328,0.488411,,,,,,,,,,,,0.01961,2.13429,-2.69236,50,5.33566,5.13795,-113.93459,-0.18609,0.02546,23.1996,-29.40112,THO_MOR,THO_MOR,ThomasMoreStadium,TeamExclusive,Team,20260902-ThomasMoreStadium-Private-4,18f5a140-a702-11f1-8fc3-b92a07c1508c,77.17363,,,7.19491,,,,,,,317f9a69-194d-4597-908b-ad3a0e6947c2,2026-09-02,19:11:27.23,2026-09-02T15:11:27.2382464-04:00,2026-09-02T19:11:27.2382464Z,,v3,643-145989,643-145989,,"Atchley, Chad",10005022,Right,THO_MOR,08e45d34-fbb1-41a7-b2ce-c51c6e1b4bcb,54.77467,-114.9027,11.5998,5.31783,1.04081,-14.70056,-2.90675,5.13689,0.01273,,,,,,,,,,,,,,,,,,,,,,,,,,,,,,,,,,,,,,,,,,,,,,,,,,,High,High,High,,,,,
18,2026-09-02,15:12:35.64,5,5,"Tippie, Austin",1,Right,THO_MOR,"Sandhas, Kellen",10067176,Right,THO_MOR,Undefined,1,Top,0,3,1,Sinker,Sinker,BallCalled,Walk,Undefined,Undefined,0,0,,86.87329,-2.352928,-6.123786,2117.684488,231.507062,1:45,5.54417,2.54899,5.89535,-27.05903,10.42032,11.54942,1.091,-2.1957,79.42769,-7.369883,-4.067809,0.440623,,,,,,,,,,,,-7.53079,6.38866,-2.06039,50,5.3383,12.95606,-125.36478,-6.06466,-11.98338,25.371,-22.00806,THO_MOR,THO_MOR,ThomasMoreStadium,TeamExclusive,Team,20260902-ThomasMoreStadium-Private-4,4199aec0-a702-11f1-8fc3-b92a07c1508c,85.54344,,,7.4456,,,,,,,317f9a69-194d-4597-908b-ad3a0e6947c2,2026-09-02,19:12:35.64,2026-09-02T15:12:35.6486144-04:00,2026-09-02T19:12:35.6486144Z,,v3,643-145989,643-145989,,"Atchley, Chad",10005022,Right,THO_MOR,57a6bdbe-00ba-4b48-9225-803d25f5581c,54.59993,-126.29227,12.6855,5.5453,-5.26011,-11.00403,-2.54204,13.39413,-5.99169,,,,,,,,,,,,,,,,,,,,,,,,,,,,,,,,,,,,,,,,,,,,,,,,,,,High,High,High,,,,,
19,2026-09-02,15:12:59.43,6,1,"Tippie, Austin",1,Right,THO_MOR,"Bosio, Theodore",1000511279,Right,THO_MOR,Undefined,1,Top,0,0,0,Sinker,Changeup,BallCalled,Undefined,Undefined,Undefined,0,0,,84.68475,1.72039,-3.235916,2033.342919,237.738144,2:00,5.50237,2.7777,5.37506,-29.66691,10.43213,14.38355,4.64604,0.93945,76.65067,-3.781355,-0.685487,0.455762,,,,,,,,,,,,-8.15229,5.11973,-2.49811,50,5.63606,6.308,-122.6143,2.66663,-12.33022,25.71436,-24.43054,THO_MOR,THO_MOR,ThomasMoreStadium,TeamExclusive,Team,20260902-ThomasMoreStadium-Private-4,4fb39b60-a702-11f1-8fc3-b92a07c1508c,82.70198,,,8.03409,,,,,,,317f9a69-194d-4597-908b-ad3a0e6947c2,2026-09-02,19:12:59.43,2026-09-02T15:12:59.4387968-04:00,2026-09-02T19:12:59.4387968Z,,v3,643-145989,643-145989,,"Atchley, Chad",10005022,Right,THO_MOR,c3ea11a9-edc5-4712-801e-e5e35204766b,55.12155,-123.68371,12.85718,5.50403,3.68265,-12.21527,-2.77111,6.82079,-6.16511,,,,,,,,,,,,,,,,,,,,,,,,,,,,,,,,,,,,,,,,,,,,,,,,,,,High,High,High,,,,,
20,2026-09-02,15:13:36.88,6,2,"Tippie, Austin",1,Right,THO_MOR,"Bosio, Theodore",1000511279,Right,THO_MOR,Undefined,1,Top,0,1,0,Slider,Curveball,StrikeCalled,Undefined,Undefined,Undefined,0,0,,76.539,1.543181,-2.666183,2141.077491,66.747705,8:15,5.34556,2.90312,5.4974,-49.46318,-0.47008,-4.97996,2.66897,-0.0075,69.60184,-7.516407,-3.552031,0.503778,,,,,,,,,,,,1.68256,-0.23039,-2.66642,50,5.44735,5.35441,-110.89076,1.38036,2.07127,21.93265,-32.45767,THO_MOR,THO_MOR,ThomasMoreStadium,TeamExclusive,Team,20260902-ThomasMoreStadium-Private-4,664a6200-a702-11f1-8fc3-b92a07c1508c,74.81961,,,6.93716,,,,,,,317f9a69-194d-4597-908b-ad3a0e6947c2,2026-09-02,19:13:36.88,2026-09-02T15:13:36.8816640-04:00,2026-09-02T19:13:36.8816640Z,,v3,643-145989,643-145989,,"Atchley, Chad",10005022,Right,THO_MOR,865f8b0c-c927-43e1-85e1-ae13c981d22d,55.00028,-111.87538,10.96633,5.35267,2.83747,-16.22884,-2.9047,5.26142,1.03564,,,,,,,,,,,,,,,,,,,,,,,,,,,,,,,,,,,,,,,,,,,,,,,,,,,High,High,High,,,,,
21,2026-09-02,15:13:48.63,6,3,"Tippie, Austin",1,Right,THO_MOR,"Bosio, Theodore",1000511279,Right,THO_MOR,Undefined,1,Top,0,1,1,Slider,Curveball,StrikeCalled,Undefined,Undefined,Undefined,0,0,,74.93796,1.292635,-2.120033,2007.945153,163.332691,11:30,5.43635,2.75583,5.40966,-45.83006,5.36276,-1.08106,2.82927,0.67861,68.12144,-7.126716,-2.312159,0.514963,,,,,,,,,,,,-0.10799,2.8328,-2.5664,50,5.51976,4.06091,-108.58325,0.99863,-0.12769,20.74221,-28.82496,THO_MOR,THO_MOR,ThomasMoreStadium,TeamExclusive,Team,20260902-ThomasMoreStadium-Private-4,6d3c0820-a702-11f1-8fc3-b92a07c1508c,73.19448,,,6.81652,,,,,,,317f9a69-194d-4597-908b-ad3a0e6947c2,2026-09-02,19:13:48.63,2026-09-02T15:13:48.6358016-04:00,2026-09-02T19:13:48.6358016Z,,v3,643-145989,643-145989,,"Atchley, Chad",10005022,Right,THO_MOR,b60976ee-0637-463c-b47e-b13bb9884383,55.0862,-109.55054,10.37111,5.44185,2.34284,-14.41248,-2.75591,4.06686,-0.06385,,,,,,,,,,,,,,,,,,,,,,,,,,,,,,,,,,,,,,,,,,,,,,,,,,,High,High,High,,,,,
22,2026-09-02,15:14:03.04,6,4,"Tippie, Austin",1,Right,THO_MOR,"Bosio, Theodore",1000511279,Right,THO_MOR,Undefined,1,Top,0,1,2,Fastball,Sinker,StrikeCalled,Strikeout,Undefined,Undefined,0,0,,90.0616,-1.446218,-3.664796,1890.915616,227.806889,1:30,6.00742,2.03921,5.72147,-22.04316,13.10619,13.08083,2.82037,-0.28894,81.42432,-5.587649,-1.329997,0.426707,,,,,,,,,,,,-7.75985,7.47225,-1.74086,50,5.873,7.76994,-130.37481,-4.02601,-13.21031,30.20313,-19.45332,THO_MOR,THO_MOR,ThomasMoreStadium,TeamExclusive,Team,20260902-ThomasMoreStadium-Private-4,75c34260-a702-11f1-8fc3-b92a07c1508c,88.33326,,,8.63728,,,,,,,317f9a69-194d-4597-908b-ad3a0e6947c2,2026-09-02,19:14:03.04,2026-09-02T15:14:03.0441984-04:00,2026-09-02T19:14:03.0441984Z,,v3,643-145989,643-145989,,"Atchley, Chad",10005022,Right,THO_MOR,25675e41-17b4-4372-9d6a-9d7e771a9d18,54.77459,-131.47626,15.10157,6.00689,-3.31659,-9.72666,-2.033,8.2517,-6.60516,,,,,,,,,,,,,,,,,,,,,,,,,,,,,,,,,,,,,,,,,,,,,,,,,,,High,High,High,,,,,
23,2026-09-02,15:15:35.79,1,1,"Dickhaut, Kaden",,Right,THO_MOR,"Atchley, Chad",10005022,Right,THO_MOR,Undefined,1,Bottom,0,0,0,Fastball,Four-Seam,StrikeCalled,Undefined,Undefined,Undefined,0,0,,90.85253,-2.684318,-1.400116,2367.14943,206.526401,1:00,6.11818,1.13925,6.17734,-18.43847,15.3245,7.0728,2.10014,0.4354,82.59662,-6.187441,-0.123494,0.418208,,,,,,,,,,,,-4.09024,9.08898,-1.03698,50,5.90579,2.92913,-131.79921,-6.72134,-7.13602,30.14554,-16.31696,THO_MOR,THO_MOR,ThomasMoreStadium,TeamExclusive,Team,20260902-ThomasMoreStadium-Private-4,ace666f0-a702-11f1-8fc3-b92a07c1508c,90.12853,,,8.25591,,,,,,,317f9a69-194d-4597-908b-ad3a0e6947c2,2026-09-02,19:15:35.79,2026-09-02T15:15:35.7991424-04:00,2026-09-02T19:15:35.7991424Z,,v3,643-145989,643-145989,,"Atchley, Chad",10005022,Right,THO_MOR,29ab2ac4-51b1-4b5d-a8f6-9df8c2378a71,54.31989,-132.7836,15.07277,6.11657,-6.18851,-8.15848,-1.13643,3.16216,-3.56801,,,,,,,,,,,,,,,,,,,,,,,,,,,,,,,,,,,,,,,,,,,,,,,,,,,High,High,High,,,,,
24,2026-09-02,15:15:50.92,1,2,"Dickhaut, Kaden",,Right,THO_MOR,"Atchley, Chad",10005022,Right,THO_MOR,Undefined,1,Bottom,0,0,1,Fastball,Four-Seam,StrikeCalled,Undefined,Undefined,Undefined,0,0,,93.3436,-3.072559,-1.184411,2346.919825,214.350555,1:15,6.19907,0.67533,6.0282,-15.51438,16.87025,10.72638,2.05739,0.47217,84.29148,-6.045991,0.746207,0.409582,,,,,,,,,,,,-5.88666,9.99894,-0.58845,50,5.95031,2.32394,-135.25678,-7.7083,-10.74852,33.45186,-13.91684,THO_MOR,THO_MOR,ThomasMoreStadium,TeamExclusive,Team,20260902-ThomasMoreStadium-Private-4,b5ee69f0-a702-11f1-8fc3-b92a07c1508c,92.02664,,,9.05212,,,,,,,317f9a69-194d-4597-908b-ad3a0e6947c2,2026-09-02,19:15:50.92,2026-09-02T15:15:50.9216768-04:00,2026-09-02T19:15:50.9216768Z,,v3,643-145989,643-145989,,"Atchley, Chad",10005022,Right,THO_MOR,8501e79d-d447-4b5b-93cc-22198fa47a96,54.46783,-136.35729,16.72593,6.19637,-7.25046,-6.95842,-0.67073,2.67755,-5.37426,,,,,,,,,,,,,,,,,,,,,,,,,,,,,,,,,,,,,,,,,,,,,,,,,,,High,High,High,,,,,
25,2026-09-02,15:16:03.22,1,3,"Dickhaut, Kaden",,Right,THO_MOR,"Atchley, Chad",10005022,Right,THO_MOR,Undefined,1,Bottom,0,0,2,Fastball,Four-Seam,BallCalled,Undefined,Undefined,Undefined,0,0,,93.28202,-2.839081,-2.602175,2525.767829,189.491864,12:15,6.21388,0.6648,5.92642,-17.42194,15.008,2.32173,2.12288,-1.55786,84.67976,-6.136247,-2.185735,0.409868,,,,,,,,,,,,-1.97276,8.87745,-0.45796,50,5.97672,6.03683,-135.11176,-7.25087,-3.61563,31.77678,-15.90349,THO_MOR,THO_MOR,ThomasMoreStadium,TeamExclusive,Team,20260902-ThomasMoreStadium-Private-4,bd61c330-a702-11f1-8fc3-b92a07c1508c,91.96227,,,8.60226,,,,,,,317f9a69-194d-4597-908b-ad3a0e6947c2,2026-09-02,19:16:03.22,2026-09-02T15:16:03.2231424-04:00,2026-09-02T19:16:03.2231424Z,,v3,643-145989,643-145989,,"Atchley, Chad",10005022,Right,THO_MOR,a3541e33-350a-4fb9-a3f4-56c670f340d8,54.56928,-136.18216,15.88839,6.21194,-6.71515,-7.95175,-0.66336,6.15862,-1.80782,,,,,,,,,,,,,,,,,,,,,,,,,,,,,,,,,,,,,,,,,,,,,,,,,,,High,High,High,,,,,
26,2026-09-02,15:16:19.10,1,4,"Dickhaut, Kaden",,Right,THO_MOR,"Atchley, Chad",10005022,Right,THO_MOR,Undefined,1,Bottom,0,1,2,Sinker,Sinker,BallCalled,Undefined,Undefined,Undefined,0,0,,90.1309,-0.224146,-1.911519,2301.444488,232.452242,1:45,5.90345,1.24812,5.49004,-23.86096,11.26666,13.12426,3.70524,0.55295,81.82544,-4.67021,0.425787,0.426575,,,,,,,,,,,,-7.14973,6.09524,-1.08973,50,5.86793,3.76362,-130.72037,-1.35514,-12.29568,29.12914,-21.69184,THO_MOR,THO_MOR,ThomasMoreStadium,TeamExclusive,Team,20260902-ThomasMoreStadium-Private-4,c6b7bf20-a702-11f1-8fc3-b92a07c1508c,88.36056,,,8.30546,,,,,,,317f9a69-194d-4597-908b-ad3a0e6947c2,2026-09-02,19:16:19.10,2026-09-02T15:16:19.1071744-04:00,2026-09-02T19:16:19.1071744Z,,v3,643-145989,643-145989,,"Atchley, Chad",10005022,Right,THO_MOR,f0e6d93b-3bc0-4022-a4c8-d057806a8ebb,55.00639,-131.83125,14.56457,5.90384,-0.52789,-10.84592,-1.2422,4.23253,-6.14784,,,,,,,,,,,,,,,,,,,,,,,,,,,,,,,,,,,,,,,,,,,,,,,,,,,High,High,High,,,,,
27,2026-09-02,15:16:33.80,1,5,"Dickhaut, Kaden",,Right,THO_MOR,"Atchley, Chad",10005022,Right,THO_MOR,Undefined,1,Bottom,0,2,2,Sinker,Sinker,StrikeCalled,Strikeout,Undefined,Undefined,0,0,,88.20093,-1.53259,-2.191962,2291.730764,245.109687,2:15,5.84563,1.43845,5.81948,-27.80486,8.54583,15.71828,2.10227,0.70937,80.12356,-6.705367,0.626604,0.433938,,,,,,,,,,,,-8.70567,5.19945,-1.26852,50,5.70379,4.2322,-127.92005,-4.36422,-14.28497,28.78284,-23.64237,THO_MOR,THO_MOR,ThomasMoreStadium,TeamExclusive,Team,20260902-ThomasMoreStadium-Private-4,cf82b920-a702-11f1-8fc3-b92a07c1508c,86.86137,,,8.07737,,,,,,,317f9a69-194d-4597-908b-ad3a0e6947c2,2026-09-02,19:16:33.80,2026-09-02T15:16:33.8026496-04:00,2026-09-02T19:16:33.8026496Z,,v3,643-145989,643-145989,,"Atchley, Chad",10005022,Right,THO_MOR,b576e03c-9d3b-47c5-9b75-87d10a5cabf0,54.67831,-128.9684,14.39142,5.84706,-3.50309,-11.82118,-1.43214,4.7525,-7.14248,,,,,,,,,,,,,,,,,,,,,,,,,,,,,,,,,,,,,,,,,,,,,,,,,,,High,High,High,,,,,
28,2026-09-02,15:16:51.20,2,1,"Dickhaut, Kaden",,Right,THO_MOR,"Thompson, Dylan",10077983,Right,THO_MOR,Undefined,1,Bottom,1,0,0,Sweeper,Curveball,BallCalled,Undefined,Undefined,Undefined,0,0,,78.20485,2.219745,2.554749,1954.463274,46.729253,7:30,5.57232,1.63191,5.84257,-54.02448,-7.8113,-9.94894,3.13624,3.17862,71.15464,-7.705107,0.771253,0.489276,,,,,,,,,,,,5.83485,-4.14981,-1.83422,50,5.72191,-4.68106,-113.40703,2.63559,7.52697,22.57214,-37.52732,THO_MOR,THO_MOR,ThomasMoreStadium,TeamExclusive,Team,20260902-ThomasMoreStadium-Private-4,d9f2b090-a702-11f1-8fc3-b92a07c1508c,77.0371,,,7.05021,,,,,,,317f9a69-194d-4597-908b-ad3a0e6947c2,2026-09-02,19:16:51.20,2026-09-02T15:16:51.2038912-04:00,2026-09-02T19:16:51.2038912Z,,v3,643-145989,643-145989,,"Atchley, Chad",10005022,Right,THO_MOR,fe362a0d-e790-4211-8b1a-2f2c97719592,54.65698,-114.33018,11.28607,5.58273,4.17038,-18.76366,-1.63648,-4.9889,3.76348,,,,,,,,,,,,,,,,,,,,,,,,,,,,,,,,,,,,,,,,,,,,,,,,,,,High,High,High,,,,,
29,2026-09-02,15:17:09.71,2,2,"Dickhaut, Kaden",,Right,THO_MOR,"Thompson, Dylan",10077983,Right,THO_MOR,Undefined,1,Bottom,1,1,0,Sweeper,Curveball,BallCalled,Undefined,Undefined,Undefined,0,0,,78.18092,-1.235559,0.198937,2200.837425,40.851534,7:15,5.69854,1.12574,5.83605,-54.35349,-8.16229,-8.38646,0.02052,0.61177,71.83259,-11.140622,-1.312078,0.48916,,,,,,,,,,,,4.40421,-3.47339,-1.1368,50,5.56538,-0.0919,-113.55392,-4.18451,5.68094,23.14487,-36.65429,THO_MOR,THO_MOR,ThomasMoreStadium,TeamExclusive,Team,20260902-ThomasMoreStadium-Private-4,e4dfee50-a702-11f1-8fc3-b92a07c1508c,77.05541,,,6.34833,,,,,,,317f9a69-194d-4597-908b-ad3a0e6947c2,2026-09-02,19:17:09.71,2026-09-02T15:17:09.7159168-04:00,2026-09-02T19:17:09.7159168Z,,v3,643-145989,643-145989,,"Atchley, Chad",10005022,Right,THO_MOR,34910231-3323-4181-802e-1e976333cc19,54.66526,-114.50086,11.57244,5.70591,-2.68485,-18.32715,-1.12828,-0.32433,2.84047,,,,,,,,,,,,,,,,,,,,,,,,,,,,,,,,,,,,,,,,,,,,,,,,,,,High,High,High,,,,,
30,2026-09-02,15:17:38.98,2,3,"Dickhaut, Kaden",,Right,THO_MOR,"Thompson, Dylan",10077983,Right,THO_MOR,Undefined,1,Bottom,1,2,0,Fastball,Four-Seam,BallCalled,Undefined,Undefined,Undefined,0,0,,90.15382,-0.665946,-3.493419,2419.079558,193.39462,12:30,6.13934,1.01346,5.72591,-23.30111,11.5126,2.46977,3.57616,-2.03843,82.10304,-5.014626,-3.05286,0.424665,,,,,,,,,,,,-2.26516,6.39178,-0.72317,50,6.06946,7.86711,-130.64547,-2.31136,-3.89968,28.52725,-21.17005,THO_MOR,THO_MOR,ThomasMoreStadium,TeamExclusive,Team,20260902-ThomasMoreStadium-Private-4,f6823e60-a702-11f1-8fc3-b92a07c1508c,88.75799,,,8.05078,,,,,,,317f9a69-194d-4597-908b-ad3a0e6947c2,2026-09-02,19:17:38.98,2026-09-02T15:17:38.9890560-04:00,2026-09-02T19:17:38.9890560Z,,v3,643-145989,643-145989,,"Atchley, Chad",10005022,Right,THO_MOR,266c9dba-fbfc-4e72-912c-989eee3612c3,54.77062,-131.68304,14.26363,6.13952,-1.54137,-10.58503,-1.01189,8.00895,-1.94984,,,,,,,,,,,,,,,,,,,,,,,,,,,,,,,,,,,,,,,,,,,,,,,,,,,High,High,High,,,,,
31,2026-09-02,15:17:57.88,2,4,"Dickhaut, Kaden",,Right,THO_MOR,"Thompson, Dylan",10077983,Right,THO_MOR,Undefined,1,Bottom,1,3,0,Sweeper,Curveball,BallCalled,Walk,Undefined,Undefined,0,0,,77.35747,0.386853,0.723067,2599.544949,49.182571,7:45,5.50703,1.63092,5.94802,-55.48365,-8.59048,-11.73749,1.24223,1.32346,70.8837,-9.785969,-1.392681,0.492863,,,,,,,,,,,,6.26591,-4.10185,-1.6818,50,5.50669,-0.99438,-112.40685,-0.98791,7.93399,22.34445,-37.36787,THO_MOR,THO_MOR,ThomasMoreStadium,TeamExclusive,Team,20260902-ThomasMoreStadium-Private-4,01ad6f80-a703-11f1-8fc3-b92a07c1508c,76.4765,,,6.47377,,,,,,,317f9a69-194d-4597-908b-ad3a0e6947c2,2026-09-02,19:17:57.88,2026-09-02T15:17:57.8822656-04:00,2026-09-02T19:17:57.8822656Z,,v3,643-145989,643-145989,,"Atchley, Chad",10005022,Right,THO_MOR,f4eed850-3d75-4820-b1ba-7f041af60386,54.55296,-113.30828,11.17222,5.51614,0.5196,-18.68394,-1.63523,-1.31446,3.96699,,,,,,,,,,,,,,,,,,,,,,,,,,,,,,,,,,,,,,,,,,,,,,,,,,,High,High,High,,,,,
32,2026-09-02,15:18:22.97,3,1,"Dickhaut, Kaden",,Right,THO_MOR,"Bierbaum, Ian",10268661,Left,THO_MOR,Undefined,1,Bottom,1,0,0,ChangeUp,Changeup,BallCalled,Undefined,Undefined,Undefined,0,0,,81.48395,-0.588761,-1.056521,1811.940583,260.436119,2:45,5.67322,1.52802,6.11597,-37.76628,4.66988,18.45863,1.98157,2.08931,73.59048,-7.629542,2.275563,0.468856,,,,,,,,,,,,-9.84804,3.08043,-1.45628,50,5.60882,1.47256,-118.2344,-2.37808,-13.66156,26.74817,-27.90073,THO_MOR,THO_MOR,ThomasMoreStadium,TeamExclusive,Team,20260902-ThomasMoreStadium-Private-4,10b1bc20-a703-11f1-8fc3-b92a07c1508c,80.39236,,,7.89347,,,,,,,317f9a69-194d-4597-908b-ad3a0e6947c2,2026-09-02,19:18:22.97,2026-09-02T15:18:22.9703168-04:00,2026-09-02T19:18:22.9703168Z,,v3,643-145989,643-145989,,"Atchley, Chad",10005022,Right,THO_MOR,055858ac-1729-4251-ac2c-abe7f59ccd2e,54.38067,-119.22132,13.37409,5.67757,-1.34864,-13.95037,-1.51991,1.97662,-6.83078,,,,,,,,,,,,,,,,,,,,,,,,,,,,,,,,,,,,,,,,,,,,,,,,,,,High,High,High,,,,,
33,2026-09-02,15:18:37.78,3,2,"Dickhaut, Kaden",,Right,THO_MOR,"Bierbaum, Ian",10268661,Left,THO_MOR,Undefined,1,Bottom,1,1,0,Sweeper,Curveball,BallCalled,Undefined,Undefined,Undefined,0,0,,77.34717,0.445494,-0.485507,2358.227389,43.515834,7:30,5.61531,1.43832,5.76476,-57.30472,-9.46292,-10.65497,1.25456,0.09854,70.06805,-10.05023,-2.399447,0.497823,,,,,,,,,,,,5.27965,-4.51339,-1.39154,50,5.61753,1.34878,-112.21146,-0.98407,6.57285,24.76766,-37.79295,THO_MOR,THO_MOR,ThomasMoreStadium,TeamExclusive,Team,20260902-ThomasMoreStadium-Private-4,197b2f80-a703-11f1-8fc3-b92a07c1508c,75.71451,,,7.27912,,,,,,,317f9a69-194d-4597-908b-ad3a0e6947c2,2026-09-02,19:18:37.78,2026-09-02T15:18:37.7809920-04:00,2026-09-02T19:18:37.7809920Z,,v3,643-145989,643-145989,,"Atchley, Chad",10005022,Right,THO_MOR,f49a6ce7-558e-459a-8c93-8b15d76bb81a,54.73458,-113.25167,12.38383,5.62553,0.60319,-18.89648,-1.44239,1.07272,3.28643,,,,,,,,,,,,,,,,,,,,,,,,,,,,,,,,,,,,,,,,,,,,,,,,,,,High,High,High,,,,,
34,2026-09-02,15:18:58.63,3,3,"Dickhaut, Kaden",,Right,THO_MOR,"Bierbaum, Ian",10268661,Left,THO_MOR,Undefined,1,Bottom,1,2,0,Sweeper,Curveball,BallCalled,Undefined,Undefined,Undefined,0,0,,77.10538,0.381241,-1.537187,2208.495771,49.63972,7:45,5.43561,1.51032,5.9278,-56.30605,-8.48662,-12.02217,1.09731,-0.91814,69.97935,-9.955172,-3.700962,0.497707,,,,,,,,,,,,5.67386,-4.05835,-1.38052,50,5.43426,3.43637,-111.87503,-1.01684,7.02744,24.46024,-37.2006,THO_MOR,THO_MOR,ThomasMoreStadium,TeamExclusive,Team,20260902-ThomasMoreStadium-Private-4,25cf2930-a703-11f1-8fc3-b92a07c1508c,75.73223,,,7.12603,,,,,,,317f9a69-194d-4597-908b-ad3a0e6947c2,2026-09-02,19:18:58.63,2026-09-02T15:18:58.6338816-04:00,2026-09-02T19:18:58.6338816Z,,v3,643-145989,643-145989,,"Atchley, Chad",10005022,Right,THO_MOR,a29c5f73-bf90-4d39-bee4-ea18cab46d1d,54.57197,-112.87022,12.23012,5.44484,0.4967,-18.6003,-1.51451,3.15045,3.51372,,,,,,,,,,,,,,,,,,,,,,,,,,,,,,,,,,,,,,,,,,,,,,,,,,,High,High,High,,,,,
35,2026-09-02,15:19:13.62,3,4,"Dickhaut, Kaden",,Right,THO_MOR,"Bierbaum, Ian",10268661,Left,THO_MOR,Undefined,1,Bottom,1,3,0,Fastball,Cutter,BallCalled,Walk,Undefined,Undefined,0,0,,89.82662,-0.133036,-1.290972,2511.592127,180.808523,12:00,6.13488,1.04362,5.47562,-25.02297,10.11638,0.12724,3.92511,-0.15399,82.13503,-4.768989,-1.268311,0.426647,,,,,,,,,,,,-0.42016,5.47162,-0.93035,50,6.10633,2.93283,-130.39689,-1.20232,-0.72392,27.22935,-22.74627,THO_MOR,THO_MOR,ThomasMoreStadium,TeamExclusive,Team,20260902-ThomasMoreStadium-Private-4,2ee90680-a703-11f1-8fc3-b92a07c1508c,88.34581,,,7.69159,,,,,,,317f9a69-194d-4597-908b-ad3a0e6947c2,2026-09-02,19:19:13.62,2026-09-02T15:19:13.6252928-04:00,2026-09-02T19:19:13.6252928Z,,v3,643-145989,643-145989,,"Atchley, Chad",10005022,Right,THO_MOR,07f608fa-b227-4b3d-ab1d-fc74086136b7,55.02135,-131.44127,13.61468,6.13571,-0.3299,-11.37313,-1.04337,2.9606,-0.36196,,,,,,,,,,,,,,,,,,,,,,,,,,,,,,,,,,,,,,,,,,,,,,,,,,,High,High,High,,,,,
36,2026-09-02,15:23:43.39,1,1,"Forton, Adam",1000298082,Right,THO_MOR,"Geers, Jackson",1000511277,Right,THO_MOR,Undefined,2,Top,0,0,0,Fastball,Four-Seam,StrikeCalled,Undefined,Undefined,Undefined,0,0,,83.85635,-0.749126,-1.22813,2109.506112,206.988056,1:00,5.50978,1.03839,5.73602,-23.88289,16.06225,7.53359,2.82177,0.52238,76.69686,-5.226296,0.120104,0.454887,,,,,,,,,,,,-4.17607,8.76906,-0.94081,50,5.43286,2.30544,-121.76508,-2.32327,-6.26963,23.9133,-19.00883,THO_MOR,THO_MOR,ThomasMoreStadium,TeamExclusive,Team,20260902-ThomasMoreStadium-Private-4,cfabcf80-a703-11f1-8fc3-b92a07c1508c,82.86116,,,7.15949,,,,,,,317f9a69-194d-4597-908b-ad3a0e6947c2,2026-09-02,19:23:43.39,2026-09-02T15:23:43.3941504-04:00,2026-09-02T19:23:43.3941504Z,,v3,643-145989,643-145989,,"Atchley, Chad",10005022,Right,THO_MOR,412d7e6c-f09a-4424-9e49-1e32dcd3979a,54.7611,-122.69655,11.95665,5.50893,-1.58284,-9.50441,-1.03537,2.54965,-3.13482,,,,,,,,,,,,,,,,,,,,,,,,,,,,,,,,,,,,,,,,,,,,,,,,,,,High,High,High,,,,,
37,2026-09-02,15:23:52.79,1,2,"Forton, Adam",1000298082,Right,THO_MOR,"Geers, Jackson",1000511277,Right,THO_MOR,Undefined,2,Top,0,0,1,Fastball,Four-Seam,BallCalled,Undefined,Undefined,Undefined,0,0,,83.64583,0.309868,-1.626359,2082.931834,204.745074,12:45,5.48897,1.41407,5.50501,-21.87769,18.55686,7.9752,3.95574,0.55725,76.47886,-3.799919,-0.206177,0.457665,,,,,,,,,,,,-4.46725,9.6593,-1.27761,50,5.50157,3.1167,-121.42566,-0.01503,-6.68434,23.28491,-17.72091,THO_MOR,THO_MOR,ThomasMoreStadium,TeamExclusive,Team,20260902-ThomasMoreStadium-Private-4,d529c160-a703-11f1-8fc3-b92a07c1508c,82.35814,,,7.16697,,,,,,,317f9a69-194d-4597-908b-ad3a0e6947c2,2026-09-02,19:23:52.79,2026-09-02T15:23:52.7945728-04:00,2026-09-02T19:23:52.7945728Z,,v3,643-145989,643-145989,,"Atchley, Chad",10005022,Right,THO_MOR,58afa551-e782-4183-849d-5e06a626faf5,54.99218,-122.37923,11.64246,5.48733,0.71068,-8.86046,-1.41085,3.39044,-3.34217,,,,,,,,,,,,,,,,,,,,,,,,,,,,,,,,,,,,,,,,,,,,,,,,,,,High,High,High,,,,,
38,2026-09-02,15:24:03.30,1,3,"Forton, Adam",1000298082,Right,THO_MOR,"Geers, Jackson",1000511277,Right,THO_MOR,Undefined,2,Top,0,1,1,Fastball,Changeup,BallCalled,Undefined,Undefined,Undefined,0,0,,82.36476,0.956571,-0.110896,2212.939881,213.426514,1:00,5.48066,1.15692,5.25002,-26.64076,15.4215,9.3313,4.15955,1.83033,75.39261,-3.984885,1.543551,0.466786,,,,,,,,,,,,-4.67827,7.83847,-1.15388,50,5.54902,-0.16488,-119.55314,1.1144,-6.79279,22.35035,-20.79264,THO_MOR,THO_MOR,ThomasMoreStadium,TeamExclusive,Team,20260902-ThomasMoreStadium-Private-4,db940f10-a703-11f1-8fc3-b92a07c1508c,80.74888,,,6.97215,,,,,,,317f9a69-194d-4597-908b-ad3a0e6947c2,2026-09-02,19:24:03.30,2026-09-02T15:24:03.3085952-04:00,2026-09-02T19:24:03.3085952Z,,v3,643-145989,643-145989,,"Atchley, Chad",10005022,Right,THO_MOR,41d67c76-b334-4736-9f26-050937d48f7d,55.24656,-120.52998,11.17517,5.48046,2.02317,-10.39632,-1.15316,0.13201,-3.39639,,,,,,,,,,,,,,,,,,,,,,,,,,,,,,,,,,,,,,,,,,,,,,,,,,,High,High,High,,,,,
39,2026-09-02,15:24:16.40,1,4,"Forton, Adam",1000298082,Right,THO_MOR,"Geers, Jackson",1000511277,Right,THO_MOR,Undefined,2,Top,0,2,1,Splitter,Changeup,StrikeCalled,Undefined,Undefined,Undefined,0,0,,78.50795,0.602817,-2.647179,1870.734842,246.021845,2:15,5.34839,1.16097,5.46523,-39.26652,7.01764,12.35883,2.64099,-0.28843,71.63638,-6.623009,-0.448019,0.489652,,,,,,,,,,,,-6.99386,3.81028,-0.93665,50,5.37477,4.77787,-113.83845,-0.08122,-9.14113,21.67606,-27.19393,THO_MOR,THO_MOR,ThomasMoreStadium,TeamExclusive,Team,20260902-ThomasMoreStadium-Private-4,e342eab0-a703-11f1-8fc3-b92a07c1508c,76.97801,,,6.87157,,,,,,,317f9a69-194d-4597-908b-ad3a0e6947c2,2026-09-02,19:24:16.40,2026-09-02T15:24:16.4030464-04:00,2026-09-02T19:24:16.4030464Z,,v3,643-145989,643-145989,,"Atchley, Chad",10005022,Right,THO_MOR,b334c207-2719-4468-b875-d26b8df05506,55.03247,-114.79268,10.83803,5.35199,1.11593,-13.59697,-1.15585,5.18029,-4.57057,,,,,,,,,,,,,,,,,,,,,,,,,,,,,,,,,,,,,,,,,,,,,,,,,,,High,High,High,,,,,
40,2026-09-02,15:24:27.68,1,5,"Forton, Adam",1000298082,Right,THO_MOR,"Geers, Jackson",1000511277,Right,THO_MOR,Undefined,2,Top,0,2,2,Splitter,Changeup,BallCalled,Undefined,Undefined,Undefined,0,0,,78.94896,-0.249571,-0.98188,1137.187727,216.803708,1:15,5.43041,1.11417,5.03072,-35.87096,11.45847,7.20201,2.20565,0.78784,70.80991,-6.870014,0.291069,0.49515,,,,,,,,,,,,-3.88725,6.29036,-1.02637,50,5.37866,1.65169,-114.21835,-1.71041,-5.02032,25.42254,-24.05012,THO_MOR,THO_MOR,ThomasMoreStadium,TeamExclusive,Team,20260902-ThomasMoreStadium-Private-4,e9f93580-a703-11f1-8fc3-b92a07c1508c,76.12322,,,8.13905,,,,,,,317f9a69-194d-4597-908b-ad3a0e6947c2,2026-09-02,19:24:27.68,2026-09-02T15:24:27.6839424-04:00,2026-09-02T19:24:27.6839424Z,,v3,643-145989,643-145989,,"Atchley, Chad",10005022,Right,THO_MOR,5537d735-1d9d-456b-bf3a-7a6cae6b44f2,55.46215,-115.4277,12.71127,5.43281,-0.56634,-12.02506,-1.11062,1.89051,-2.51016,,,,,,,,,,,,,,,,,,,,,,,,,,,,,,,,,,,,,,,,,,,,,,,,,,,High,High,High,,,,,
41,2026-09-02,15:24:39.67,1,6,"Forton, Adam",1000298082,Right,THO_MOR,"Geers, Jackson",1000511277,Right,THO_MOR,Undefined,2,Top,0,3,2,Splitter,Changeup,StrikeCalled,Strikeout,Undefined,Undefined,0,0,,77.68947,0.055912,-0.99714,1080.746951,181.318769,12:00,5.43756,0.93982,5.04674,-33.52801,15.37426,0.30996,2.6963,0.02503,69.53481,-6.172951,-0.942379,0.50331,,,,,,,,,,,,-0.49776,8.13969,-0.84506,50,5.4172,1.94279,-112.36719,-0.9718,-0.62164,24.7591,-22.0082,THO_MOR,THO_MOR,ThomasMoreStadium,TeamExclusive,Team,20260902-ThomasMoreStadium-Private-4,f11aec50-a703-11f1-8fc3-b92a07c1508c,74.88906,,,8.15466,,,,,,,317f9a69-194d-4597-908b-ad3a0e6947c2,2026-09-02,19:24:39.67,2026-09-02T15:24:39.6736000-04:00,2026-09-02T19:24:39.6736000Z,,v3,643-145989,643-145989,,"Atchley, Chad",10005022,Right,THO_MOR,42bf1560-d7ef-4ad9-8cb5-3d413acba97d,55.44509,-113.56063,12.37955,5.43847,0.08904,-11.0041,-0.93943,1.97276,-0.31082,,,,,,,,,,,,,,,,,,,,,,,,,,,,,,,,,,,,,,,,,,,,,,,,,,,High,High,High,,,,,
42,2026-09-02,15:24:51.18,2,1,"Forton, Adam",1000298082,Right,THO_MOR,"Barth, Drew",1000298109,,THO_MOR,Undefined,2,Top,1,0,0,Curveball,Curveball,BallCalled,Undefined,Undefined,Undefined,0,0,,71.62628,1.834671,-1.475185,2484.793328,61.250196,8:00,5.44802,0.9718,5.41678,-66.2363,-10.09796,-21.83596,1.64814,-2.23007,65.56975,-10.184791,-5.362632,0.539264,,,,,,,,,,,,10.48646,-5.07855,-0.82518,50,5.56516,3.46874,-103.90106,1.23373,11.29164,19.84027,-37.64253,THO_MOR,THO_MOR,ThomasMoreStadium,TeamExclusive,Team,20260902-ThomasMoreStadium-Private-4,f8036ab0-a703-11f1-8fc3-b92a07c1508c,69.89613,,,6.05653,,,,,,,317f9a69-194d-4597-908b-ad3a0e6947c2,2026-09-02,19:24:51.18,2026-09-02T15:24:51.1804928-04:00,2026-09-02T19:24:51.1804928Z,,v3,643-145989,643-145989,,"Atchley, Chad",10005022,Right,THO_MOR,d6aad095-bb50-443d-be7c-965d0c073ad2,55.08529,-104.86761,9.92013,5.46039,3.06756,-18.82127,-0.98077,2.91865,5.64582,,,,,,,,,,,,,,,,,,,,,,,,,,,,,,,,,,,,,,,,,,,,,,,,,,,High,High,High,,,,,
43,2026-09-02,15:25:04.09,2,2,"Forton, Adam",1000298082,Right,THO_MOR,"Barth, Drew",1000298109,,THO_MOR,Undefined,2,Top,1,1,0,Curveball,Curveball,BallCalled,Undefined,Undefined,Undefined,0,0,,71.6536,2.404938,-0.740301,2463.90386,78.386137,8:30,5.44514,1.17568,5.24852,-58.46228,-2.34016,-20.20395,2.83472,-1.20368,65.58729,-8.228022,-4.322459,0.539186,,,,,,,,,,,,9.84225,-1.31551,-1.09226,50,5.62275,2.09234,-103.91264,2.50212,10.68454,18.57427,-33.60212,THO_MOR,THO_MOR,ThomasMoreStadium,TeamExclusive,Team,20260902-ThomasMoreStadium-Private-4,ffd3d810-a703-11f1-8fc3-b92a07c1508c,69.90622,,,6.06631,,,,,,,317f9a69-194d-4597-908b-ad3a0e6947c2,2026-09-02,19:25:04.09,2026-09-02T15:25:04.0952320-04:00,2026-09-02T19:25:04.0952320Z,,v3,643-145989,643-145989,,"Atchley, Chad",10005022,Right,THO_MOR,90e37f51-0340-4274-beb1-3336918a3ef7,55.25149,-104.84713,9.28713,5.45434,4.19268,-16.80106,-1.18401,1.55478,5.34227,,,,,,,,,,,,,,,,,,,,,,,,,,,,,,,,,,,,,,,,,,,,,,,,,,,High,High,High,,,,,
44,2026-09-02,15:25:16.22,2,3,"Forton, Adam",1000298082,Right,THO_MOR,"Barth, Drew",1000298109,,THO_MOR,Undefined,2,Top,1,2,0,Slider,Curveball,BallCalled,Undefined,Undefined,Undefined,0,0,,72.9425,0.268166,-1.589671,2357.732555,109.216583,9:45,5.24684,1.34025,5.12168,-47.58487,6.89241,-14.55745,1.53412,-1.37059,66.73837,-8.395431,-4.164815,0.531226,,,,,,,,,,,,6.81473,3.84697,-1.17882,50,5.23528,3.47789,-105.75254,-1.01777,7.64993,19.50584,-27.85559,THO_MOR,THO_MOR,ThomasMoreStadium,TeamExclusive,Team,20260902-ThomasMoreStadium-Private-4,06f78ab0-a704-11f1-8fc3-b92a07c1508c,70.95371,,,6.20413,,,,,,,317f9a69-194d-4597-908b-ad3a0e6947c2,2026-09-02,19:25:16.22,2026-09-02T15:25:16.2222592-04:00,2026-09-02T19:25:16.2222592Z,,v3,643-145989,643-145989,,"Atchley, Chad",10005022,Right,THO_MOR,11c2a088-782e-4ac5-b0a7-d8299cfe27dc,55.37657,-106.73963,9.75292,5.25111,0.39185,-13.9278,-1.34502,3.09077,3.82496,,,,,,,,,,,,,,,,,,,,,,,,,,,,,,,,,,,,,,,,,,,,,,,,,,,High,High,High,,,,,
45,2026-09-02,15:25:28.60,2,4,"Forton, Adam",1000298082,Right,THO_MOR,"Barth, Drew",1000298109,,THO_MOR,Undefined,2,Top,1,3,0,Slider,Curveball,StrikeCalled,Undefined,Undefined,Undefined,0,0,,73.70436,0.48319,-0.027814,2376.053192,115.932091,9:45,5.19977,1.28197,4.85839,-46.20794,7.17996,-11.34134,1.80647,0.31052,67.81231,-7.887861,-2.026769,0.525888,,,,,,,,,,,,5.60674,3.885,-1.26897,50,5.20822,0.49319,-106.94331,-0.644,6.49924,18.28335,-27.67061,THO_MOR,THO_MOR,ThomasMoreStadium,TeamExclusive,Team,20260902-ThomasMoreStadium-Private-4,0ebb9c00-a704-11f1-8fc3-b92a07c1508c,71.67394,,,5.89204,,,,,,,317f9a69-194d-4597-908b-ad3a0e6947c2,2026-09-02,19:25:28.60,2026-09-02T15:25:28.6057984-04:00,2026-09-02T19:25:28.6057984Z,,v3,643-145989,643-145989,,"Atchley, Chad",10005022,Right,THO_MOR,36223ecc-990c-4d63-bf01-39026412c6ec,55.64001,-107.90324,9.14167,5.2039,0.80878,-13.83531,-1.28591,0.15196,3.24962,,,,,,,,,,,,,,,,,,,,,,,,,,,,,,,,,,,,,,,,,,,,,,,,,,,High,High,High,,,,,
46,2026-09-02,15:25:42.80,2,5,"Forton, Adam",1000298082,Right,THO_MOR,"Barth, Drew",1000298109,,THO_MOR,Undefined,2,Top,1,3,1,Fastball,Four-Seam,BallCalled,Walk,Undefined,Undefined,0,0,,83.92445,-0.368936,-2.18671,2214.876889,210.424766,1:00,5.504,1.10998,5.55366,-21.4445,18.70647,10.24146,3.37198,-0.08076,76.7031,-4.402036,-0.361801,0.456057,,,,,,,,,,,,-5.76237,9.93264,-0.92776,50,5.45815,4.22295,-121.786,-1.43572,-8.66672,23.59808,-17.23516,THO_MOR,THO_MOR,ThomasMoreStadium,TeamExclusive,Team,20260902-ThomasMoreStadium-Private-4,16cdcd50-a704-11f1-8fc3-b92a07c1508c,82.64849,,,7.22134,,,,,,,317f9a69-194d-4597-908b-ad3a0e6947c2,2026-09-02,19:25:42.80,2026-09-02T15:25:42.8029440-04:00,2026-09-02T19:25:42.8029440Z,,v3,643-145989,643-145989,,"Atchley, Chad",10005022,Right,THO_MOR,1b7716a6-79d7-4927-b619-b2f5fcf09ed0,54.94315,-122.74009,11.79904,5.50211,-0.73889,-8.61758,-1.10558,4.57335,-4.33336,,,,,,,,,,,,,,,,,,,,,,,,,,,,,,,,,,,,,,,,,,,,,,,,,,,High,High,High,,,,,
47,2026-09-02,15:25:53.29,3,1,"Forton, Adam",1000298082,Right,THO_MOR,"Cunningham, Ty",1000302641,Left,THO_MOR,Undefined,2,Top,1,0,0,Splitter,Changeup,BallCalled,Undefined,Undefined,Undefined,0,0,,77.74859,0.346632,-0.68208,1142.273323,205.200291,12:45,5.36722,1.0663,4.99376,-35.1712,14.11221,5.6839,2.76359,0.89594,69.07287,-6.19166,0.32145,0.505268,,,,,,,,,,,,-3.04536,7.41776,-1.00552,50,5.37322,1.09703,-112.35374,-0.47041,-3.77305,26.18317,-22.98379,THO_MOR,THO_MOR,ThomasMoreStadium,TeamExclusive,Team,20260902-ThomasMoreStadium-Private-4,1d1eedb0-a704-11f1-8fc3-b92a07c1508c,74.59892,,,8.67572,,,,,,,317f9a69-194d-4597-908b-ad3a0e6947c2,2026-09-02,19:25:53.29,2026-09-02T15:25:53.2959232-04:00,2026-09-02T19:25:53.2959232Z,,v3,643-145989,643-145989,,"Atchley, Chad",10005022,Right,THO_MOR,9af033f1-391e-4dca-aa3a-b652b99f61d1,55.49713,-113.62758,13.09159,5.3689,0.64778,-11.49189,-1.06336,1.28059,-1.88652,,,,,,,,,,,,,,,,,,,,,,,,,,,,,,,,,,,,,,,,,,,,,,,,,,,High,High,High,,,,,
48,2026-09-02,15:26:06.53,3,2,"Forton, Adam",1000298082,Right,THO_MOR,"Cunningham, Ty",1000302641,Left,THO_MOR,Undefined,2,Top,1,1,0,Curveball,Curveball,BallCalled,Undefined,Undefined,Undefined,0,0,,70.62417,0.755877,-0.418435,2491.140143,73.162391,8:30,5.40532,0.92421,5.24232,-61.87141,-4.16457,-19.9295,0.95982,-1.12984,65.03746,-10.437255,-3.960863,0.546745,,,,,,,,,,,,9.86725,-1.77992,-0.87028,50,5.42865,1.46467,-102.52277,-0.5902,10.41739,18.22622,-34.05321,THO_MOR,THO_MOR,ThomasMoreStadium,TeamExclusive,Team,20260902-ThomasMoreStadium-Private-4,24eebed0-a704-11f1-8fc3-b92a07c1508c,68.93967,,,5.58671,,,,,,,317f9a69-194d-4597-908b-ad3a0e6947c2,2026-09-02,19:26:06.53,2026-09-02T15:26:06.5358848-04:00,2026-09-02T19:26:06.5358848Z,,v3,643-145989,643-145989,,"Atchley, Chad",10005022,Right,THO_MOR,e9db4c6a-3255-468f-a1a4-9071cf226597,55.25891,-103.45346,9.11311,5.41439,1.14867,-17.0266,-0.93149,0.93272,5.20869,,,,,,,,,,,,,,,,,,,,,,,,,,,,,,,,,,,,,,,,,,,,,,,,,,,High,High,High,,,,,
49,2026-09-02,15:26:20.01,3,3,"Forton, Adam",1000298082,Right,THO_MOR,"Cunningham, Ty",1000302641,Left,THO_MOR,Undefined,2,Top,1,2,0,Splitter,Changeup,BallCalled,Undefined,Undefined,Undefined,0,0,,78.60147,0.104445,0.127112,1133.4236,212.683466,1:00,5.35779,1.11546,5.20084,-35.34419,12.14725,6.60701,2.51067,1.78559,70.38696,-6.452522,1.298318,0.495997,,,,,,,,,,,,-3.22311,6.55536,-1.13235,50,5.34164,-0.52893,-113.7405,-0.94822,-4.12247,25.45785,-23.78953,THO_MOR,THO_MOR,ThomasMoreStadium,TeamExclusive,Team,20260902-ThomasMoreStadium-Private-4,2ceb4540-a704-11f1-8fc3-b92a07c1508c,75.99329,,,8.2145,,,,,,,317f9a69-194d-4597-908b-ad3a0e6947c2,2026-09-02,19:26:20.01,2026-09-02T15:26:20.0135168-04:00,2026-09-02T19:26:20.0135168Z,,v3,643-145989,643-145989,,"Atchley, Chad",10005022,Right,THO_MOR,512dfaab-0e5b-4140-8f15-d7311f628255,55.29118,-114.91869,12.72892,5.36005,0.15276,-11.89477,-1.11229,-0.33814,-2.06123,,,,,,,,,,,,,,,,,,,,,,,,,,,,,,,,,,,,,,,,,,,,,,,,,,,High,High,High,,,,,
50,2026-09-02,15:26:30.19,3,4,"Forton, Adam",1000298082,Right,THO_MOR,"Cunningham, Ty",1000302641,Left,THO_MOR,Undefined,2,Top,1,3,0,Fastball,Four-Seam,BallCalled,Walk,Undefined,Undefined,0,0,,82.99283,-0.515664,-2.615563,2238.707215,204.524904,12:45,5.5106,0.74562,5.71498,-22.49635,18.39466,7.79441,3.15502,-1.04309,75.78806,-4.752352,-1.223331,0.460241,,,,,,,,,,,,-4.6963,9.89394,-0.53168,50,5.45368,5.18765,-120.40867,-1.74831,-6.89198,23.46316,-17.65435,THO_MOR,THO_MOR,ThomasMoreStadium,TeamExclusive,Team,20260902-ThomasMoreStadium-Private-4,332470d0-a704-11f1-8fc3-b92a07c1508c,81.89719,,,7.20477,,,,,,,317f9a69-194d-4597-908b-ad3a0e6947c2,2026-09-02,19:26:30.19,2026-09-02T15:26:30.1935104-04:00,2026-09-02T19:26:30.1935104Z,,v3,643-145989,643-145989,,"Atchley, Chad",10005022,Right,THO_MOR,6d423290-dff8-483e-a1b8-71147362cca7,54.78209,-121.33694,11.73158,5.50903,-1.04985,-8.82717,-0.74231,5.46032,-3.44599,,,,,,,,,,,,,,,,,,,,,,,,,,,,,,,,,,,,,,,,,,,,,,,,,,,High,High,High,,,,,