PitchNo,Date,Time,PAofInning,PitchofPA,Pitcher,PitcherId,PitcherThrows,PitcherTeam,Batter,BatterId,BatterSide,BatterTeam,PitcherSet,Inning,Top/Bottom,Outs,Balls,Strikes,TaggedPitchType,AutoPitchType,PitchCall,KorBB,HitType,PlayResult,OutsOnPlay,RunsScored,Notes,RelSpeed,VertRelAngle,HorzRelAngle,SpinRate,SpinAxis,Tilt,RelHeight,RelSide,Extension,VertBreak,InducedVertBreak,HorzBreak,PlateLocHeight,PlateLocSide,ZoneSpeed,VertApprAngle,HorzApprAngle,ZoneTime,ExitSpeed,Angle,Direction,HitSpinRate,PositionAt110X,PositionAt110Y,PositionAt110Z,Distance,LastTrackedDistance,Bearing,HangTime,pfxx,pfxz,x0,y0,z0,vx0,vy0,vz0,ax0,ay0,az0,HomeTeam,AwayTeam,Stadium,Level,League,GameID,PitchUUID,yt_RelSpeed,yt_RelHeight,yt_RelSide,yt_VertRelAngle,yt_HorzRelAngle,yt_ZoneSpeed,yt_PlateLocHeight,yt_PlateLocSide,yt_VertApprAngle,yt_HorzApprAngle,yt_ZoneTime,yt_HorzBreak,yt_InducedVertBreak,yt_OutOfPlane,yt_FSRI,yt_EffectiveSpin,yt_GyroSpin,yt_Efficiency,yt_SpinComponentX,yt_SpinComponentY,yt_SpinComponentZ,yt_HitVelocityX,yt_HitVelocityY,yt_HitVelocityZ,yt_HitLocationX,yt_HitLocationY,yt_HitLocationZ,yt_GroundLocationX,yt_GroundLocationY,yt_HitBreakX,yt_HitBreakY,yt_HitBreakT,yt_HitSpinComponentX,yt_HitSpinComponentY,yt_HitSpinComponentZ,yt_SessionName,Note,yt_PitchSpinConfidence,yt_PitchReleaseConfidence,yt_HitSpinConfidence,yt_EffectiveBattingSpeed,yt_ReleaseAccuracy,yt_ZoneAccuracy,yt_SeamLat,yt_SeamLong,yt_ReleaseDistance,Catcher,CatcherId,CatcherTeam,yt_AeroModel,isOutlier,outlierReasons,isUnlikelyGameEvent,unlikelyGameEventReasons,Forward Move,Forward Move WIN Score,Pelvis Total Rotation Range,Pelvis Total Rotation Range WIN Score,Upper Torso Total Rotation Range,Upper Torso Total Rotation Range WIN Score,Negative Move,Negative Move WIN Score,Pelvis Direction at Contact,Pelvis Direction at Contact WIN Score,Max Hip-Shoulder Separation,Max Hip-Shoulder Separation WIN Score,Pelvis Load,Pelvis Load WIN Score,Stride Length,Stride Length WIN Score,Upper Torso Direction at Contact,Upper Torso Direction at Contact WIN Score,Upper Torso Load,Upper Torso Load WIN Score,Hip-Shoulder Separation at Foot Down,Hip-Shoulder Separation at Foot Down WIN Score,Hip-Shoulder Separation at Contact,Hip-Shoulder Separation at Contact WIN Score,SideBendAtFootDown,SideBendAtFootDown WIN Score,ForwardBendAtFootDown,ForwardBendAtFootDown WIN Score,SideBendAtContact,SideBendAtContact WIN Score,ForwardBendAtContact,ForwardBendAtContact WIN Score,TrunkAxisTiltAtFootDown,TrunkAxisTiltAtFootDown WIN Score,TrunkAxisTiltAtContact,TrunkAxisTiltAtContact WIN Score,PelvisMaxAngularVelocity,PelvisMaxAngularVelocity WIN Score,ShoulderMaxAngularVelocity,ShoulderMaxAngularVelocity WIN Score,ArmMaxAngularVelocity,ArmMaxAngularVelocity WIN Score,CenterOfMassDistributionAtNegativeMove,CenterOfMassDistributionAtNegativeMove WIN Score,CenterOfMassDistributionAtFootDown,CenterOfMassDistributionAtFootDown WIN Score,MaxCenterOfMassDistribution,MaxCenterOfMassDistribution WIN Score
,2026-09-15,15:44:05,,,,,,,,,,,,,,,,,,Fastball,,,,,,,,87.9,-5.26,-5.34,1738.14,231.19,1:45,6.36,2.52,6.0,-23.33,14.84,14.12,0.92,-1.33,58.87,9.8,-2.86,,,,,,,,,,,,,-9.63,10.02,-2.11,50.0,5.93,11.42,-126.73,-12.41,-14.78,30.82,-16.81,,,,,,,49eadd12-d221-c5f2-43cb-4ecd8062a14e,88.12,6.36,2.53,-5.26,-5.41,58.88,0.92,-1.33,9.8,-2.87,0.44,14.79,13.65,-22.17,59.93,1609.69,-655.77,92.61,-0.58,-0.38,-0.72,,,,,,,,,,,,,,,,,0.99,,,,medium,high,36.06,82.37,54.5,,,,2022-11,FALSE,,FALSE,,,,,,,,,,,,,,,,,,,,,,,,,,,,,,,,,,,,,,,,,,,,,,,,,
,2026-09-15,15:44:22,,,,,,,,,,,,,,,,,,Fastball,,,,,,,,88.01,-3.69,-3.34,1988.92,228.84,1:45,6.34,1.84,6.0,-22.06,15.69,14.24,1.03,-0.11,78.93,-7.8,-0.66,,,,,,,,,,,,,-9.01,9.93,-1.59,50.0,6.04,7.01,-127.48,-8.89,-13.97,31.43,-16.77,,,,,,,5b2566a5-5265-89bf-da4f-3a5e71a972a4,88.25,6.34,1.85,-3.7,-3.43,79.13,1.03,-0.11,-7.8,-0.75,0.44,15.08,14.51,-23.13,68.73,1829.1,-781.16,91.96,-0.61,-0.39,-0.69,,,,,,,,,,,,,,,,,1.0,,,,medium,high,28.15,66.59,54.5,,,,2022-11,FALSE,,FALSE,,,,,,,,,,,,,,,,,,,,,,,,,,,,,,,,,,,,,,,,,,,,,,,,,
,2026-09-15,15:44:39,,,,,,,,,,,,,,,,,,Fastball,,,,,,,,89.47,-4.8,-4.81,1821.88,232.97,1:45,6.77,1.95,6.0,-22.5,14.23,14.29,0.36,-1.38,80.37,-8.98,-2.13,,,,,,,,,,,,,-9.54,9.51,-1.58,50,6.38,10.45,-129.19,-11.57,-15.21,31.98,-17.02,,,,,,,f9f3d4eb-ced9-1310-e7d5-7af5beaccc18,89.72,6.77,1.96,-4.8,-4.9,80.57,0.36,-1.39,-8.97,-2.22,0.44,15.14,13.06,-23.71,31.15,1668.12,-732.55,91.56,-0.55,-0.4,-0.73,,,,,,,,,,,,,,,,,1.0,,,,medium,high,61.96,-6.96,54.5,,,,2022-11,FALSE,,FALSE,,,,,,,,,,,,,,,,,,,,,,,,,,,,,,,,,,,,,,,,,,,,,,,,,
,2026-09-15,15:44:55,,,,,,,,,,,,,,,,,,Fastball,,,,,,,,84.41,-0.74,-2.24,1987.18,215.44,1:15,6.31,2.39,6.0,-30.1,10.84,4.41,3.1,0.66,75.45,-6.39,-1.41,,,,,,,,,,,,,-3.24,6.23,-2.22,50.0,6.23,4.67,-122.6,-2.45,-4.63,29.86,-23.27,,,,,,,c03b664e-f839-a8e1-bd22-ee9ba6b90f40,84.66,6.31,2.4,-0.72,-2.3,75.66,3.11,0.65,-6.35,-1.47,0.46,5.0,9.06,-64.03,44.95,870.34,-1786.44,43.8,-0.36,-0.9,-0.25,,,,,,,,,,,,,,,,,0.99,,,,medium,high,49.54,-77.9,54.5,,,,2022-11,FALSE,,FALSE,,,,,,,,,,,,,,,,,,,,,,,,,,,,,,,,,,,,,,,,,,,,,,,,,
,2026-09-15,15:45:10,,,,,,,,,,,,,,,,,,Fastball,,,,,,,,85.51,-2.76,-4.14,2240.15,210.36,1:00,6.31,2.12,6.0,-30.19,9.93,1.47,1.2,-1.65,76.71,-8.39,-3.86,,,,,,,,,,,,,-2.33,6.47,-1.8,50.0,6.08,8.92,-123.84,-6.86,-3.39,30.48,-22.74,,,,,,,993ddeec-b4e6-5b06-75c3-8804ce2d7533,85.76,6.31,2.13,-2.73,-4.19,76.91,1.2,-1.65,-8.34,-3.91,0.46,1.95,8.13,-72.39,24.08,677.83,-2135.14,30.26,-0.26,-0.95,-0.15,,,,,,,,,,,,,,,,,1.0,,,,medium,high,68.33,-63.99,54.5,,,,2022-11,FALSE,,FALSE,,,,,,,,,,,,,,,,,,,,,,,,,,,,,,,,,,,,,,,,,,,,,,,,,
,2026-09-15,15:45:25,,,,,,,,,,,,,,,,,,Fastball,,,,,,,,88.6,-2.46,-1.7,1899.63,234.81,1:45,6.8,2.29,6.0,-23.55,13.61,15.6,2.52,1.99,79.31,-6.87,1.24,,,,,,,,,,,,,-9.19,8.38,-2.16,50.0,6.59,3.34,-128.63,-6.25,-14.47,32.63,-18.99,,,,,,,51acb0d3-4e69-245e-bedd-c2c2c2dea8bf,88.85,6.8,2.3,-2.46,-1.79,79.51,2.52,1.99,-6.86,1.15,0.44,16.51,12.26,-20.3,30.69,1781.68,-658.97,93.79,-0.54,-0.35,-0.77,,,,,,,,,,,,,,,,,0.99,,,,medium,high,62.38,-6.77,54.5,,,,2022-11,FALSE,,FALSE,,,,,,,,,,,,,,,,,,,,,,,,,,,,,,,,,,,,,,,,,,,,,,,,,
,2026-09-15,15:45:38,,,,,,,,,,,,,,,,,,Fastball,,,,,,,,86.28,-3.39,-3.96,1834.82,231.9,1:45,6.84,2.55,6.0,-24.99,14.32,13.77,1.56,-0.03,77.42,-8.05,-1.37,,,,,,,,,,,,,-8.97,9.07,-2.24,50.0,6.56,8.24,-124.94,-8.15,-13.36,30.19,-18.66,,,,,,,7ef4aa1b-2668-5c45-4c4b-665bf04befe0,86.53,6.84,2.56,-3.39,-4.05,77.61,1.56,-0.03,-8.04,-1.46,0.45,14.64,12.98,-27.9,50.15,1621.59,-858.5,88.38,-0.55,-0.47,-0.7,,,,,,,,,,,,,,,,,1.0,,,,medium,high,44.87,-72.71,54.5,,,,2022-11,FALSE,,FALSE,,,,,,,,,,,,,,,,,,,,,,,,,,,,,,,,,,,,,,,,,,,,,,,,,
1,2026-09-15,15:46:10,1,1,"Madsen, Noah",YAK:MA:NO:9e782613-0d72:0452886,Right,YAK:NKUHOM:9e782613-0d72:0744411,"Mann, Ian",YAK:MA:IA:9e782613-0d72:0385325,Left,YAK:THOMAS:9e782613-0d72:0936209,Windup,1,Top,0,0,0,Fastball,Fastball,InPlay,,FlyBall,Single,0,0,,91.02,-3.74,-2.67,1787.44,233.07,1:45,6.58,1.68,6.0,-21.97,13.32,13.77,1.23,0.32,81.59,-7.84,-0.08,,66.06,26.97,7.84,3486.81,38.42,,,224.83,,4.55,3.48,-8.53,8.66,-1.48,50,6.28,5.73,-131.92,-9.31,-14.14,33.96,-17.81,YAK:NKUHOM:9e782613-0d72:0744411,YAK:THOMAS:9e782613-0d72:0936209,,,,b8025265-b0e8-4bba-9e12-d05e1860d054,84265f3d-b43b-c61c-2a48-11151b473992,91.28,6.58,1.69,-3.74,-2.76,81.8,1.23,0.31,-7.83,-0.16,0.43,14.6,12.1,-25.64,27.22,1611.47,-773.36,90.16,-0.54,-0.43,-0.72,8.03,58.32,29.96,-0.15,5.55,2.42,17.82,224.12,-6.8,40.19,0.87,0.94,-0.23,0.24,,,1.0,,1.0,30.94,medium,high,65.5,-13.85,54.5,"Turner, Tyler",YAK:TU:TY:9e782613-0d72:0703730,YAK:NKUHOM:9e782613-0d72:0744411,2022-11,FALSE,,FALSE,,0.75,5,99.62,5,107.64,5,-0.04,5,-19.22,5,24.69,5,28.94,3,0.59,5,-19.84,4,31.29,3,24.56,4,6.73,4,22.7,,-17.9,,25,,-0.9,,29.5,,25,,566.1,,755.16,,868.18,,14.7,,39.3,,44.4,
2,2026-09-15,15:46:45,2,1,"Madsen, Noah",YAK:MA:NO:9e782613-0d72:0452886,Right,YAK:NKUHOM:9e782613-0d72:0744411,"Resing, Matt",YAK:RE:MA:9e782613-0d72:0295548,Right,YAK:THOMAS:9e782613-0d72:0936209,Stretch,1,Top,0,0,0,Cutter,Fastball,StrikeCalled,,,,0,0,,85.94,-0.75,-2.69,2157.67,185.27,12:15,6.42,2.2,6.0,-32.37,7.19,-1.08,3.01,-0.42,76.83,-6.82,-2.9,,,,,,,,,,,,,-0.4,4.23,-1.99,50.0,6.34,5.9,-124.78,-2.59,-0.6,31.26,-25.92,YAK:NKUHOM:9e782613-0d72:0744411,YAK:THOMAS:9e782613-0d72:0936209,,,,b8025265-b0e8-4bba-9e12-d05e1860d054,a620ada0-bdf5-523d-fbc0-30ad486109a1,86.2,6.41,2.2,-0.7,-2.73,77.04,3.02,-0.42,-6.76,-2.93,0.45,-0.69,5.18,-80.24,22.86,365.66,-2126.46,16.95,-0.17,-0.99,-0.02,,,,,,,,,,,,,,,,,1.0,,,,medium,high,110.57,-22.45,54.5,"Turner, Tyler",YAK:TU:TY:9e782613-0d72:0703730,YAK:NKUHOM:9e782613-0d72:0744411,2022-11,FALSE,,FALSE,,,,,,,,,,,,,,,,,,,,,,,,,,,,,,,,,,,,,,,,,,,,,,,,,
3,2026-09-15,15:47:04,2,2,"Madsen, Noah",YAK:MA:NO:9e782613-0d72:0452886,Right,YAK:NKUHOM:9e782613-0d72:0744411,"Resing, Matt",YAK:RE:MA:9e782613-0d72:0295548,Right,YAK:THOMAS:9e782613-0d72:0936209,Stretch,1,Top,0,0,1,Cutter,Cutter,BallCalled,,,,0,0,,87.06,-0.9,-3.43,2274.25,175.46,11:45,6.42,1.92,6.0,-31.28,7.35,-1.77,2.96,-1.45,77.81,-6.76,-3.76,,,,,,,,,,,,,-0.3,4.38,-1.65,50.0,6.33,7.62,-126.3,-2.91,-0.45,32.09,-25.55,YAK:NKUHOM:9e782613-0d72:0744411,YAK:THOMAS:9e782613-0d72:0936209,,,,b8025265-b0e8-4bba-9e12-d05e1860d054,40ff98b2-c336-39e8-f72b-d625dc58c470,87.32,6.41,1.93,-0.85,-3.46,78.02,2.97,-1.45,-6.7,-3.79,0.45,-1.43,5.39,-80.74,30.89,366.09,-2244.59,16.1,-0.16,-0.99,0.01,,,,,,,,,,,,,,,,,0.99,,,,medium,high,62.2,-67.3,54.5,"Turner, Tyler",YAK:TU:TY:9e782613-0d72:0703730,YAK:NKUHOM:9e782613-0d72:0744411,2022-11,FALSE,,FALSE,,,,,,,,,,,,,,,,,,,,,,,,,,,,,,,,,,,,,,,,,,,,,,,,,
4,2026-09-15,15:47:25,2,3,"Madsen, Noah",YAK:MA:NO:9e782613-0d72:0452886,Right,YAK:NKUHOM:9e782613-0d72:0744411,"Resing, Matt",YAK:RE:MA:9e782613-0d72:0295548,Right,YAK:THOMAS:9e782613-0d72:0936209,Stretch,1,Top,0,1,1,Sinker,Fastball,BallCalled,,,,0,0,,91.63,-3.81,-2.78,1767.26,235.87,1:45,6.51,1.88,6.0,-22.18,12.65,14.52,1.08,0.48,82.14,-7.94,-0.04,,,,,,,,,,,,,-8.98,8.32,-1.67,50.0,6.2,5.99,-132.78,-9.54,-15.08,34.43,-18.19,YAK:NKUHOM:9e782613-0d72:0744411,YAK:THOMAS:9e782613-0d72:0936209,,,,b8025265-b0e8-4bba-9e12-d05e1860d054,62b3a157-6f97-3d6a-7ec5-f5d14f1e209f,91.89,6.51,1.89,-3.8,-2.87,82.34,1.08,0.47,-7.93,-0.13,0.42,15.38,11.43,-23.26,38.24,1623.57,-698.03,91.87,-0.52,-0.39,-0.76,,,,,,,,,,,,,,,,,0.96,,,,medium,high,55.59,14.38,54.5,"Turner, Tyler",YAK:TU:TY:9e782613-0d72:0703730,YAK:NKUHOM:9e782613-0d72:0744411,2022-11,FALSE,,FALSE,,,,,,,,,,,,,,,,,,,,,,,,,,,,,,,,,,,,,,,,,,,,,,,,,
5,2026-09-15,15:47:47,2,4,"Madsen, Noah",YAK:MA:NO:9e782613-0d72:0452886,Right,YAK:NKUHOM:9e782613-0d72:0744411,"Resing, Matt",YAK:RE:MA:9e782613-0d72:0295548,Right,YAK:THOMAS:9e782613-0d72:0936209,Stretch,1,Top,0,2,1,Curveball,Curveball,InPlay,,GroundBall,FieldersChoice,1,0,,79.94,1.02,-1.01,1805.65,34.93,7:15,5.99,1.47,6.0,-57.84,-11.94,-11.37,2.12,-0.43,71.67,-9.82,-3.16,,,,,,,,,,,,,5.87,-6.97,-1.38,50.0,6.04,2.35,-116.12,0.5,7.47,28.27,-41.04,YAK:NKUHOM:9e782613-0d72:0744411,YAK:THOMAS:9e782613-0d72:0936209,,,,b8025265-b0e8-4bba-9e12-d05e1860d054,8c5e01c0-46e3-2e30-d728-3d555c2a8006,80.1,5.97,1.46,1.2,-0.99,71.76,2.13,-0.43,-9.64,-3.14,0.49,-11.56,-15.61,-32.02,76.25,1530.93,-957.4,84.79,0.7,-0.53,0.49,,,,,,,,,,,,,,,,,1.0,,,,medium,high,21.38,-26.1,54.5,"Turner, Tyler",YAK:TU:TY:9e782613-0d72:0703730,YAK:NKUHOM:9e782613-0d72:0744411,2022-11,FALSE,,FALSE,,,,,,,,,,,,,,,,,,,,,,,,,,,,,,,,,,,,,,,,,,,,,,,,,
6,2026-09-15,15:48:30,3,1,"Madsen, Noah",YAK:MA:NO:9e782613-0d72:0452886,Right,YAK:NKUHOM:9e782613-0d72:0744411,"Geers, Jack",YAK:GE:JA:9e782613-0d72:0630021,Right,YAK:THOMAS:9e782613-0d72:0936209,Stretch,1,Top,1,0,0,Sinker,Fastball,StrikeSwinging,,,,0,0,,90.63,-2.65,-2.89,1782.14,230.78,1:45,6.61,1.93,6.0,-22.47,13.08,12.15,2.25,0.23,81.11,-6.86,-0.6,,,,,,,,,,,,,-7.72,8.15,-1.71,50.0,6.39,6.25,-131.47,-6.79,-12.7,33.84,-18.77,YAK:NKUHOM:9e782613-0d72:0744411,YAK:THOMAS:9e782613-0d72:0936209,,,,b8025265-b0e8-4bba-9e12-d05e1860d054,c61bebde-53d9-4a46-1e40-710cbd1dbbe7,90.9,6.61,1.94,-2.65,-2.97,81.31,2.25,0.22,-6.84,-0.68,0.43,12.93,11.83,-33.9,41.04,1479.19,-993.98,83.0,-0.52,-0.56,-0.64,,,,,,,,,,,,,,,,,1.0,,,,medium,high,53.06,16.38,54.5,"Turner, Tyler",YAK:TU:TY:9e782613-0d72:0703730,YAK:NKUHOM:9e782613-0d72:0744411,2022-11,FALSE,,FALSE,,,,,,,,,,,,,,,,,,,,,,,,,,,,,,,,,,,,,,,,,,,,,,,,,
7,2026-09-15,15:48:48,3,2,"Madsen, Noah",YAK:MA:NO:9e782613-0d72:0452886,Right,YAK:NKUHOM:9e782613-0d72:0744411,"Geers, Jack",YAK:GE:JA:9e782613-0d72:0630021,Right,YAK:THOMAS:9e782613-0d72:0936209,Stretch,1,Top,1,0,1,Sinker,Fastball,BallCalled,,,,0,0,,91.55,-2.97,-1.37,1883.7,233.28,1:45,6.76,1.93,6.0,-21.4,13.43,14.55,2.19,1.86,81.94,-6.97,1.38,,,,,,,,,,,,,-8.5,8.46,-1.83,50.0,6.52,2.72,-132.87,-7.56,-14.28,34.83,-17.96,YAK:NKUHOM:9e782613-0d72:0744411,YAK:THOMAS:9e782613-0d72:0936209,,,,b8025265-b0e8-4bba-9e12-d05e1860d054,2e072c3e-c5de-2b2e-e051-c73a70815b48,91.8,6.76,1.94,-2.97,-1.46,82.15,2.19,1.85,-6.96,1.29,0.42,15.42,12.2,-23.22,35.2,1731.14,-742.61,91.9,-0.55,-0.39,-0.74,,,,,,,,,,,,,,,,,1.0,,,,medium,high,58.32,5.65,54.5,"Turner, Tyler",YAK:TU:TY:9e782613-0d72:0703730,YAK:NKUHOM:9e782613-0d72:0744411,2022-11,FALSE,,FALSE,,,,,,,,,,,,,,,,,,,,,,,,,,,,,,,,,,,,,,,,,,,,,,,,,
8,2026-09-15,15:49:08,3,3,"Madsen, Noah",YAK:MA:NO:9e782613-0d72:0452886,Right,YAK:NKUHOM:9e782613-0d72:0744411,"Geers, Jack",YAK:GE:JA:9e782613-0d72:0630021,Right,YAK:THOMAS:9e782613-0d72:0936209,,1,Top,1,1,1,Curveball,Curveball,BallCalled,,,,0,0,,78.63,2.4,0.84,1810.57,39.48,7:15,5.84,1.46,6.0,-59.43,-12.03,-12.76,3.14,1.19,70.32,-8.77,-1.57,,,,,,,,,,,,,7.35,-7.54,-1.52,50.0,6.0,-1.34,-114.15,3.2,9.06,26.86,-41.46,YAK:NKUHOM:9e782613-0d72:0744411,YAK:THOMAS:9e782613-0d72:0936209,,,,b8025265-b0e8-4bba-9e12-d05e1860d054,af6f4670-efa5-18c8-3665-90be72007a22,78.78,5.83,1.46,2.58,0.88,70.4,3.16,1.19,-8.58,-1.53,0.5,-13.09,-15.71,-27.86,76.92,1600.77,-845.99,88.41,0.68,-0.47,0.56,,,,,,,,,,,,,,,,,0.99,,,,medium,high,20.78,37.45,54.5,"Turner, Tyler",YAK:TU:TY:9e782613-0d72:0703730,YAK:NKUHOM:9e782613-0d72:0744411,2022-11,FALSE,,FALSE,,,,,,,,,,,,,,,,,,,,,,,,,,,,,,,,,,,,,,,,,,,,,,,,,
9,2026-09-15,15:49:30,3,4,"Madsen, Noah",YAK:MA:NO:9e782613-0d72:0452886,Right,YAK:NKUHOM:9e782613-0d72:0744411,"Geers, Jack",YAK:GE:JA:9e782613-0d72:0630021,Right,YAK:THOMAS:9e782613-0d72:0936209,Stretch,1,Top,1,2,1,Cutter,Cutter,StrikeCalled,,,,0,0,,85.05,-0.36,-2.49,2093.29,164.16,11:30,6.42,2.14,6.0,-34.08,6.32,-2.17,3.24,-0.38,76.01,-6.76,-2.9,,,,,,,,,,,,,0.27,3.61,-1.94,50.0,6.37,5.43,-123.5,-1.77,0.4,30.71,-26.95,YAK:NKUHOM:9e782613-0d72:0744411,YAK:THOMAS:9e782613-0d72:0936209,,,,b8025265-b0e8-4bba-9e12-d05e1860d054,dd252a46-d675-0168-53c7-704b6a7cb176,85.3,6.42,2.14,-0.31,-2.52,76.21,3.24,-0.38,-6.68,-2.93,0.46,-1.83,4.19,-82.14,26.09,286.21,-2073.63,13.67,-0.13,-0.99,0.04,,,,,,,,,,,,,,,,,0.99,,,,medium,high,113.48,-16.32,54.5,"Turner, Tyler",YAK:TU:TY:9e782613-0d72:0703730,YAK:NKUHOM:9e782613-0d72:0744411,2022-11,FALSE,,FALSE,,,,,,,,,,,,,,,,,,,,,,,,,,,,,,,,,,,,,,,,,,,,,,,,,
10,2026-09-15,15:49:50,3,5,"Madsen, Noah",YAK:MA:NO:9e782613-0d72:0452886,Right,YAK:NKUHOM:9e782613-0d72:0744411,"Geers, Jack",YAK:GE:JA:9e782613-0d72:0630021,Right,YAK:THOMAS:9e782613-0d72:0936209,Stretch,1,Top,1,2,2,Curveball,Curveball,BallCalled,,,,0,0,,78.25,2.91,-1.15,1931.4,34.76,7:15,5.55,1.69,6.0,-61.06,-13.1,-11.84,3.2,-0.37,69.93,-8.56,-3.39,,,,,,,,,,,,,6.08,-8.34,-1.6,50.0,5.74,2.59,-113.54,4.16,7.41,26.81,-42.33,YAK:NKUHOM:9e782613-0d72:0744411,YAK:THOMAS:9e782613-0d72:0936209,,,,b8025265-b0e8-4bba-9e12-d05e1860d054,90c4fec7-f394-76e3-392d-77de5f169dd1,78.4,5.53,1.69,3.11,-1.12,70.0,3.21,-0.37,-8.36,-3.36,0.5,-12.08,-16.93,-27.77,54.28,1708.99,-899.82,88.48,0.73,-0.47,0.5,,,,,,,,,,,,,,,,,0.99,,,,medium,high,41.14,-38.74,54.5,"Turner, Tyler",YAK:TU:TY:9e782613-0d72:0703730,YAK:NKUHOM:9e782613-0d72:0744411,2022-11,FALSE,,FALSE,,,,,,,,,,,,,,,,,,,,,,,,,,,,,,,,,,,,,,,,,,,,,,,,,
11,2026-09-15,15:50:12,3,6,"Madsen, Noah",YAK:MA:NO:9e782613-0d72:0452886,Right,YAK:NKUHOM:9e782613-0d72:0744411,"Geers, Jack",YAK:GE:JA:9e782613-0d72:0630021,Right,YAK:THOMAS:9e782613-0d72:0936209,Stretch,1,Top,1,3,2,Fastball,Fastball,StrikeSwinging,,,StrikeoutSwinging,1,0,,90.56,-2.07,-2.56,1904.7,226.91,1:30,6.67,1.87,6.0,-21.27,14.29,11.97,2.95,0.47,80.94,-6.06,-0.3,,,,,,,,,,,,,-7.5,8.6,-1.68,50.0,6.49,5.5,-131.44,-5.41,-12.34,33.89,-18.02,YAK:NKUHOM:9e782613-0d72:0744411,YAK:THOMAS:9e782613-0d72:0936209,,,,b8025265-b0e8-4bba-9e12-d05e1860d054,5341120f-0dc3-3e18-d48b-28989c1f25b1,90.82,6.67,1.88,-2.08,-2.64,81.15,2.95,0.46,-6.05,-0.38,0.43,12.75,13.09,-33.41,39.31,1589.96,-1048.75,83.48,-0.57,-0.55,-0.61,,,,,,,,,,,,,,,,,0.99,,,,medium,high,54.62,5.6,54.5,"Turner, Tyler",YAK:TU:TY:9e782613-0d72:0703730,YAK:NKUHOM:9e782613-0d72:0744411,2022-11,FALSE,,FALSE,,,,,,,,,,,,,,,,,,,,,,,,,,,,,,,,,,,,,,,,,,,,,,,,,
12,2026-09-15,15:50:42,4,1,"Madsen, Noah",YAK:MA:NO:9e782613-0d72:0452886,Right,YAK:NKUHOM:9e782613-0d72:0744411,"Marushi, Brady",YAK:MA:BR:9e782613-0d72:0325650,Right,YAK:THOMAS:9e782613-0d72:0936209,Stretch,1,Top,2,0,0,Fastball,Fastball,Foul,,,,0,0,,91.57,-2.29,-3.54,1883.0,228.23,1:30,6.36,2.34,6.0,-20.73,14.11,12.21,2.48,0.03,81.85,-6.17,-1.24,,102.23,28.21,-41.11,3199.31,53.38,,,359.04,,-53.48,4.48,-7.98,8.58,-2.07,50.0,6.17,7.82,-132.77,-5.96,-13.41,34.4,-17.77,YAK:NKUHOM:9e782613-0d72:0744411,YAK:THOMAS:9e782613-0d72:0936209,,,,b8025265-b0e8-4bba-9e12-d05e1860d054,9a62fc2e-e966-db17-00d0-522e3fdf496a,91.84,6.37,2.35,-2.3,-3.62,82.06,2.48,0.03,-6.17,-1.32,0.42,12.99,12.96,-32.86,76.58,1581.67,-1021.76,84.0,-0.56,-0.54,-0.63,-59.23,67.87,48.33,-0.12,2.88,2.75,-288.55,213.67,-72.74,-36.31,0.69,0.84,-0.17,0.52,,,1.0,,1.0,56.85,medium,high,21.08,-88.98,54.5,"Turner, Tyler",YAK:TU:TY:9e782613-0d72:0703730,YAK:NKUHOM:9e782613-0d72:0744411,2022-11,FALSE,,FALSE,,0.93,5,88.74,3,117.67,3,-0.07,5,-16.51,5,45.89,2,18.98,5,0.56,5,-5.56,5,20.29,5,35.59,0,15.32,2,29,,-4.5,,25.7,,0.7,,29.4,,25.7,,545.99,,996.47,,1142.31,,24.4,,43.8,,55.5,
13,2026-09-15,15:51:09,4,2,"Madsen, Noah",YAK:MA:NO:9e782613-0d72:0452886,Right,YAK:NKUHOM:9e782613-0d72:0744411,"Marushi, Brady",YAK:MA:BR:9e782613-0d72:0325650,Right,YAK:THOMAS:9e782613-0d72:0936209,Stretch,1,Top,2,0,1,Changeup,Fastball,StrikeCalled,,,,0,0,,82.97,-1.0,-4.24,1817.77,246.42,2:15,6.4,2.11,6.0,-31.54,10.91,18.41,2.83,-0.34,74.25,-6.91,-0.78,,,,,,,,,,,,,-11.64,6.36,-1.79,50.0,6.3,8.41,-120.28,-2.99,-16.05,28.24,-23.41,YAK:NKUHOM:9e782613-0d72:0744411,YAK:THOMAS:9e782613-0d72:0936209,,,,b8025265-b0e8-4bba-9e12-d05e1860d054,d53621f2-d842-b452-dfeb-0a4deec0a308,83.2,6.4,2.12,-0.97,-4.36,74.42,2.83,-0.35,-6.87,-0.89,0.47,19.5,9.18,-16.45,25.93,1743.38,-514.71,95.91,-0.38,-0.28,-0.88,,,,,,,,,,,,,,,,,1.0,,,,medium,high,66.66,23.81,54.5,"Turner, Tyler",YAK:TU:TY:9e782613-0d72:0703730,YAK:NKUHOM:9e782613-0d72:0744411,2022-11,FALSE,,FALSE,,,,,,,,,,,,,,,,,,,,,,,,,,,,,,,,,,,,,,,,,,,,,,,,,
14,2026-09-15,15:51:33,4,3,"Madsen, Noah",YAK:MA:NO:9e782613-0d72:0452886,Right,YAK:NKUHOM:9e782613-0d72:0744411,"Marushi, Brady",YAK:MA:BR:9e782613-0d72:0325650,Right,YAK:THOMAS:9e782613-0d72:0936209,Stretch,1,Top,2,0,2,Curveball,Curveball,BallCalled,,,,0,0,,76.52,1.24,0.72,2071.94,43.51,7:30,5.89,1.57,6.0,-61.43,-11.37,-14.61,1.94,1.03,68.7,-10.27,-2.04,,,,,,,,,,,,,8.33,-6.75,-1.62,50.0,5.96,-1.02,-111.15,0.82,9.71,25.74,-40.04,YAK:NKUHOM:9e782613-0d72:0744411,YAK:THOMAS:9e782613-0d72:0936209,,,,b8025265-b0e8-4bba-9e12-d05e1860d054,7e61d0a5-686b-de08-4c1c-89dc4d520cb9,76.66,5.87,1.56,1.44,0.76,68.76,1.95,1.03,-10.08,-2.0,0.51,-14.95,-15.27,-31.59,79.11,1764.82,-1085.51,85.18,0.62,-0.52,0.59,,,,,,,,,,,,,,,,,1.0,,,,medium,high,18.8,-3.81,54.5,"Turner, Tyler",YAK:TU:TY:9e782613-0d72:0703730,YAK:NKUHOM:9e782613-0d72:0744411,2022-11,FALSE,,FALSE,,,,,,,,,,,,,,,,,,,,,,,,,,,,,,,,,,,,,,,,,,,,,,,,,
15,2026-09-15,15:51:53,4,4,"Madsen, Noah",YAK:MA:NO:9e782613-0d72:0452886,Right,YAK:NKUHOM:9e782613-0d72:0744411,"Marushi, Brady",YAK:MA:BR:9e782613-0d72:0325650,Right,YAK:THOMAS:9e782613-0d72:0936209,Stretch,1,Top,2,1,2,Cutter,Fastball,StrikeSwinging,,,StrikeoutSwinging,1,0,,86.66,-2.41,-3.73,2212.77,201.49,12:45,6.32,1.93,6.0,-30.18,8.85,0.06,1.54,-1.57,77.67,-8.04,-3.72,,,,,,,,,,,,,-1.41,5.75,-1.64,50.0,6.12,8.19,-125.59,-6.18,-2.11,31.5,-23.55,YAK:NKUHOM:9e782613-0d72:0744411,YAK:THOMAS:9e782613-0d72:0936209,,,,b8025265-b0e8-4bba-9e12-d05e1860d054,8ecf8b72-84e5-b33d-e238-c24f0f2aaee0,86.92,6.32,1.93,-2.37,-3.78,77.87,1.54,-1.58,-7.98,-3.76,0.45,0.47,7.01,-76.03,41.13,534.04,-2147.35,24.13,-0.22,-0.97,-0.09,,,,,,,,,,,,,,,,,0.99,,,,medium,high,52.98,-79.0,54.5,"Turner, Tyler",YAK:TU:TY:9e782613-0d72:0703730,YAK:NKUHOM:9e782613-0d72:0744411,2022-11,FALSE,,FALSE,,,,,,,,,,,,,,,,,,,,,,,,,,,,,,,,,,,,,,,,,,,,,,,,,
,2026-09-15,15:52:30,,,,,,,,,,,,,,,,,,Fastball,,,,,,,,82.89,-0.99,2.28,2275.3,150.35,11:00,6.22,-1.78,6.0,-23.94,18.46,-8.09,3.29,-0.31,74.06,-5.49,0.76,,,,,,,,,,,,,5.27,10.51,1.61,50.0,6.13,-4.57,-120.39,-2.76,7.28,28.47,-17.67,,,,,,,9257c4f0-fa34-bb0f-33d3-52ae6d5d3e5a,83.15,6.22,-1.79,-1.01,2.35,74.27,3.29,-0.31,-5.49,0.83,0.47,-8.73,17.09,40.02,81.65,1742.57,1463.02,76.59,-0.67,0.64,0.38,,,,,,,,,,,,,,,,,1.0,,,,medium,high,16.52,-11.67,54.5,,,,2022-11,FALSE,,FALSE,,,,,,,,,,,,,,,,,,,,,,,,,,,,,,,,,,,,,,,,,,,,,,,,,
,2026-09-15,15:52:44,,,,,,,,,,,,,,,,,,Changeup,,,,,,,,75.48,0.58,3.1,1571.57,129.49,10:15,5.55,-2.53,6.0,-36.38,14.82,-13.61,3.07,-0.75,67.47,-6.25,0.54,,,,,,,,,,,,,8.61,7.94,2.29,50.0,5.58,-5.59,-109.57,0.18,9.84,23.64,-23.1,,,,,,,e42e0260-c70c-f965-7b0a-5e1d8da9c953,75.71,5.55,-2.54,0.6,3.2,67.65,3.07,-0.74,-6.21,0.64,0.51,-14.53,12.73,28.94,63.13,1375.26,760.58,87.51,-0.56,0.48,0.68,,,,,,,,,,,,,,,,,0.84,,,,medium,high,33.18,-14.88,54.5,,,,2022-11,FALSE,,FALSE,,,,,,,,,,,,,,,,,,,,,,,,,,,,,,,,,,,,,,,,,,,,,,,,,
,2026-09-15,15:52:57,,,,,,,,,,,,,,,,,,Cutter,,,,,,,,79.19,-1.48,2.44,2396.36,203.0,12:45,5.66,-2.04,6.0,-39.82,6.8,3.4,0.95,0.54,71.13,-8.92,3.08,,,,,,,,,,,,,-0.97,4.29,1.84,50.0,5.53,-4.99,-114.97,-4.05,-1.21,26.63,-26.79,,,,,,,d86d595c-1c86-0d66-db41-7e7ff09b4f57,79.43,5.66,-2.04,-1.41,2.48,71.31,0.96,0.54,-8.83,3.11,0.49,2.99,4.3,82.48,48.21,313.59,2375.75,13.09,-0.12,0.99,-0.05,,,,,,,,,,,,,,,,,1.0,,,,medium,high,46.61,33.26,54.5,,,,2022-11,FALSE,,FALSE,,,,,,,,,,,,,,,,,,,,,,,,,,,,,,,,,,,,,,,,,,,,,,,,,
,2026-09-15,15:53:10,,,,,,,,,,,,,,,,,,Curveball,,,,,,,,74.87,-1.34,1.72,2372.72,322.35,4:45,5.73,-1.81,6.0,-58.79,-6.37,10.35,-0.43,0.66,67.62,-12.26,3.68,,,,,,,,,,,,,-5.03,-2.99,1.67,50,5.59,-3.53,-108.7,-4.03,-5.6,24.98,-35.5,,,,,,,bd66fb07-d0d3-c46c-580a-d05c7f2ee165,75.02,5.72,-1.82,-1.18,1.74,67.72,-0.41,0.66,-12.07,3.69,0.52,10.16,-10.06,58.78,,1229.83,2029.12,51.83,0.41,0.86,-0.32,,,,,,,,,,,,,,,,,1,,,,medium,high,,,54.5,,,,2022-11,FALSE,,FALSE,,,,,,,,,,,,,,,,,,,,,,,,,,,,,,,,,,,,,,,,,,,,,,,,,
,2026-09-15,15:53:27,,,,,,,,,,,,,,,,,,Changeup,,,,,,,,77.02,-0.44,3.35,1599.46,129.06,10:15,5.39,-2.29,6.0,-34.42,14.75,-13.7,2.11,-0.29,68.97,-6.89,0.77,,,,,,,,,,,,,8.74,8.27,2.04,50.0,5.33,-6.17,-111.78,-1.75,10.4,24.47,-22.33,,,,,,,7dc52f19-04a4-55f3-dc55-419f5180728f,77.25,5.38,-2.3,-0.42,3.44,69.15,2.11,-0.28,-6.85,0.86,0.5,-14.61,12.8,27.95,37.1,1412.92,749.62,88.34,-0.56,0.47,0.69,,,,,,,,,,,,,,,,,1.0,,,,medium,high,56.61,-30.55,54.5,,,,2022-11,FALSE,,FALSE,,,,,,,,,,,,,,,,,,,,,,,,,,,,,,,,,,,,,,,,,,,,,,,,,
,2026-09-15,15:53:39,,,,,,,,,,,,,,,,,,Slider,,,,,,,,76.54,1.38,1.0,2383.73,287.92,3:30,5.41,-1.73,6.0,-48.79,1.12,8.75,2.65,-0.07,68.46,-7.78,2.65,,,,,,,,,,,,,-4.44,0.09,1.65,50.0,5.5,-2.17,-111.2,1.42,-5.2,25.24,-32.06,,,,,,,176892f4-447c-9ba9-1fbc-fb77efa3f12b,76.75,5.4,-1.74,1.5,1.02,68.62,2.66,-0.07,-7.64,2.67,0.51,8.54,-1.96,71.19,,768.56,2256.43,32.24,0.1,0.95,-0.31,,,,,,,,,,,,,,,,,1,,,,medium,high,,,54.5,,,,2022-11,FALSE,,FALSE,,,,,,,,,,,,,,,,,,,,,,,,,,,,,,,,,,,,,,,,,,,,,,,,,
,2026-09-15,15:53:51,,,,,,,,,,,,,,,,,,Fastball,,,,,,,,82.34,1.6,2.49,2159.38,156.51,11:15,6.57,-2.0,6.0,-24.6,18.48,-6.58,6.02,-0.21,73.16,-3.04,1.25,,,,,,,,,,,,,4.53,9.58,1.81,50.0,6.68,-5.01,-119.54,2.65,6.15,28.53,-19.17,,,,,,,660536d8-893b-5784-6662-992d67b14278,82.61,6.57,-2.0,1.58,2.55,73.38,6.02,-0.21,-3.04,1.31,0.47,-7.16,16.98,42.68,59.01,1587.5,1463.81,73.52,-0.67,0.68,0.29,,,,,,,,,,,,,,,,,0.99,,,,medium,high,36.89,28.07,54.5,,,,2022-11,FALSE,,FALSE,,,,,,,,,,,,,,,,,,,,,,,,,,,,,,,,,,,,,,,,,,,,,,,,,
16,2026-09-15,15:54:20,1,1,"Wichmann, Aaron",YAK:WI:AA:9e782613-0d72:0945527,Left,YAK:THOMAS:9e782613-0d72:0936209,"Ross, Jamir",YAK:RO:JA:9e782613-0d72:0618014,Right,YAK:NKUHOM:9e782613-0d72:0744411,Windup,1,Bottom,0,0,0,Curveball,Curveball,BallCalled,,,,0,0,,72.93,0.7,0.1,2498.36,314.68,4:30,5.23,-1.6,6.0,-62.23,-7.15,12.68,0.71,-0.46,65.66,-10.93,2.49,,,,,,,,,,,,,-6.95,-4.21,1.59,50.0,5.25,-0.49,-105.96,-0.24,-7.37,23.38,-36.64,YAK:NKUHOM:9e782613-0d72:0744411,YAK:THOMAS:9e782613-0d72:0936209,,,,b8025265-b0e8-4bba-9e12-d05e1860d054,6d2d7e2a-e8e3-68aa-ce41-aa8b91a52377,73.08,5.22,-1.6,0.89,0.1,65.74,0.72,-0.46,-10.74,2.5,0.53,12.6,-11.2,53.07,49.47,1501.26,1997.0,60.09,0.42,0.8,-0.43,,,,,,,,,,,,,,,,,0.99,,,,medium,high,45.48,-12.92,54.5,"Marushi, Brady",YAK:MA:BR:9e782613-0d72:0325650,YAK:THOMAS:9e782613-0d72:0936209,2022-11,FALSE,,FALSE,,,,,,,,,,,,,,,,,,,,,,,,,,,,,,,,,,,,,,,,,,,,,,,,,
17,2026-09-15,15:54:34,1,2,"Wichmann, Aaron",YAK:WI:AA:9e782613-0d72:0945527,Left,YAK:THOMAS:9e782613-0d72:0936209,"Ross, Jamir",YAK:RO:JA:9e782613-0d72:0618014,Right,YAK:NKUHOM:9e782613-0d72:0744411,Windup,1,Bottom,0,1,0,Fastball,Fastball,InPlay,,LineDrive,Triple,0,0,,86.03,-1.3,2.26,2392.53,154.96,11:15,6.0,-2.14,6.0,-22.24,17.13,-5.71,2.93,-0.5,76.85,-5.47,1.18,,100.12,28.83,-0.81,2713.7,59.79,,,386.15,,4.56,5.45,3.96,9.89,1.97,50.0,5.88,-4.76,-124.95,-3.48,5.88,30.72,-17.48,YAK:NKUHOM:9e782613-0d72:0744411,YAK:THOMAS:9e782613-0d72:0936209,,,,b8025265-b0e8-4bba-9e12-d05e1860d054,be357288-8f32-180b-393e-d956c4980a86,86.3,6.0,-2.15,-1.31,2.31,77.07,2.93,-0.5,-5.47,1.24,0.45,-6.25,15.84,47.89,72.02,1604.3,1774.94,67.05,-0.61,0.74,0.28,-1.24,87.7,48.27,0.49,0.94,2.72,30.68,384.93,34.76,62.3,1.65,0.97,0.07,-0.25,,,0.97,,1.0,58.48,medium,high,25.18,-15.85,54.5,"Marushi, Brady",YAK:MA:BR:9e782613-0d72:0325650,YAK:THOMAS:9e782613-0d72:0936209,2022-11,FALSE,,FALSE,,0.96,5,76.54,2,112.45,4,-0.16,5,-18.04,5,27.62,5,6.54,3,0.59,5,-4.67,5,5.21,4,27.01,3,13.73,3,18,,0.1,,9.8,,-11.4,,18,,15.1,,655.64,,921.85,,1105.37,,31.7,,39.5,,48.9,
18,2026-09-15,15:55:23,2,1,"Wichmann, Aaron",YAK:WI:AA:9e782613-0d72:0945527,Left,YAK:THOMAS:9e782613-0d72:0936209,"Cornelli, Edoardo",YAK:CO:ED:9e782613-0d72:0063112,Left,YAK:NKUHOM:9e782613-0d72:0744411,Stretch,1,Bottom,0,0,0,Fastball,Fastball,Foul,,,,0,0,,84.96,-1.3,3.32,2374.95,153.93,11:15,5.98,-1.85,6.0,-21.33,19.08,-7.03,2.98,0.68,75.89,-5.3,2.0,,,,,,,,,,,,,5.05,10.96,1.6,50.0,5.87,-6.94,-123.28,-3.42,7.32,29.74,-16.31,YAK:NKUHOM:9e782613-0d72:0744411,YAK:THOMAS:9e782613-0d72:0936209,,,,b8025265-b0e8-4bba-9e12-d05e1860d054,d233be10-a01b-59af-3e67-5fdc3214d4f4,85.22,5.98,-1.86,-1.32,3.38,76.1,2.98,0.68,-5.31,2.05,0.46,-7.59,17.87,41.05,78.74,1791.09,1559.62,75.42,-0.68,0.66,0.33,,,,,,,,,,,,,,,,,0.99,,,,medium,high,19.13,23.65,54.5,"Marushi, Brady",YAK:MA:BR:9e782613-0d72:0325650,YAK:THOMAS:9e782613-0d72:0936209,2022-11,FALSE,,FALSE,,,,,,,,,,,,,,,,,,,,,,,,,,,,,,,,,,,,,,,,,,,,,,,,,
19,2026-09-15,15:55:42,2,2,"Wichmann, Aaron",YAK:WI:AA:9e782613-0d72:0945527,Left,YAK:THOMAS:9e782613-0d72:0936209,"Cornelli, Edoardo",YAK:CO:ED:9e782613-0d72:0063112,Left,YAK:NKUHOM:9e782613-0d72:0744411,Stretch,1,Bottom,0,0,1,Cutter,Cutter,InPlay,,GroundBall,Out,1,0,,81.97,-0.93,3.17,2591.43,206.31,1:00,5.44,-2.14,6.0,-38.21,5.36,2.58,1.38,1.05,73.45,-8.08,3.65,,34.14,44.56,-4.56,2994.42,,,,68.22,,-9.88,2.03,-0.24,3.3,1.89,50.0,5.35,-6.65,-118.94,-3.0,-0.33,28.59,-27.75,YAK:NKUHOM:9e782613-0d72:0744411,YAK:THOMAS:9e782613-0d72:0936209,,,,b8025265-b0e8-4bba-9e12-d05e1860d054,b7ed8cac-7973-6581-253a-8e702756428c,82.21,5.43,-2.15,-0.86,3.21,73.63,1.39,1.05,-7.99,3.69,0.47,2.14,2.97,86.46,40.82,160.14,2586.48,6.18,-0.06,1.0,-0.03,-1.93,24.25,23.96,-1.38,0.83,0.78,-11.71,67.21,-4.55,-2.23,-0.23,-0.44,-0.56,0.7,,,0.99,,0.97,7.03,medium,high,53.26,20.84,54.5,"Marushi, Brady",YAK:MA:BR:9e782613-0d72:0325650,YAK:THOMAS:9e782613-0d72:0936209,2022-11,FALSE,,FALSE,,0.9,5,80.42,3,90.83,5,0.01,2,-30.37,4,26.89,5,21.81,4,0.57,5,-31.37,2,19.65,5,25.12,3,1.55,5,20.8,,-10.4,,21.5,,-13.1,,23.5,,25.5,,479.61,,650.74,,857.27,,16.4,,39.6,,45.9,
20,2026-09-15,15:56:16,3,1,"Wichmann, Aaron",YAK:WI:AA:9e782613-0d72:0945527,Left,YAK:THOMAS:9e782613-0d72:0936209,"Bauerle, Pierce",YAK:BA:PI:9e782613-0d72:0971625,Right,YAK:NKUHOM:9e782613-0d72:0744411,Stretch,1,Bottom,1,0,0,Changeup,Fastball,BallCalled,,,,0,0,,77.82,0.64,2.97,1800.5,135.59,10:30,5.61,-2.41,6.0,-32.75,15.42,-11.45,3.48,-0.57,69.46,-5.52,0.82,,,,,,,,,,,,,7.37,8.25,2.18,50.0,5.64,-5.56,-112.98,0.39,8.95,25.18,-22.15,YAK:NKUHOM:9e782613-0d72:0744411,YAK:THOMAS:9e782613-0d72:0936209,,,,b8025265-b0e8-4bba-9e12-d05e1860d054,1b146dd3-6b90-f95b-d743-7d5177231b43,78.07,5.61,-2.42,0.65,3.06,69.66,3.48,-0.57,-5.49,0.91,0.5,-12.32,13.54,38.38,24.48,1411.4,1117.92,78.39,-0.56,0.62,0.55,,,,,,,,,,,,,,,,,0.99,,,,medium,high,67.97,2.94,54.5,"Marushi, Brady",YAK:MA:BR:9e782613-0d72:0325650,YAK:THOMAS:9e782613-0d72:0936209,2022-11,FALSE,,FALSE,,,,,,,,,,,,,,,,,,,,,,,,,,,,,,,,,,,,,,,,,,,,,,,,,
21,2026-09-15,15:56:32,3,2,"Wichmann, Aaron",YAK:WI:AA:9e782613-0d72:0945527,Left,YAK:THOMAS:9e782613-0d72:0936209,"Bauerle, Pierce",YAK:BA:PI:9e782613-0d72:0971625,Right,YAK:NKUHOM:9e782613-0d72:0744411,Stretch,1,Bottom,1,1,0,Fastball,Fastball,StrikeCalled,,,,0,0,,86.78,-2.01,1.45,2431.36,152.73,11:00,6.23,-2.0,6.0,-21.17,17.5,-6.62,2.58,-1.2,77.6,-5.98,0.2,,,,,,,,,,,,,4.16,10.35,1.89,50.0,6.07,-2.99,-126.04,-5.05,6.3,31.18,-16.52,YAK:NKUHOM:9e782613-0d72:0744411,YAK:THOMAS:9e782613-0d72:0936209,,,,b8025265-b0e8-4bba-9e12-d05e1860d054,b86b41b8-cf62-7387-0ea1-e25288abf46b,87.04,6.24,-2.01,-2.03,1.51,77.82,2.58,-1.19,-5.98,0.26,0.45,-7.18,16.29,44.45,47.6,1735.69,1702.62,71.39,-0.63,0.7,0.33,,,,,,,,,,,,,,,,,1.0,,,,medium,high,47.16,30.96,54.5,"Marushi, Brady",YAK:MA:BR:9e782613-0d72:0325650,YAK:THOMAS:9e782613-0d72:0936209,2022-11,FALSE,,FALSE,,,,,,,,,,,,,,,,,,,,,,,,,,,,,,,,,,,,,,,,,,,,,,,,,
22,2026-09-15,15:56:53,3,3,"Wichmann, Aaron",YAK:WI:AA:9e782613-0d72:0945527,Left,YAK:THOMAS:9e782613-0d72:0936209,"Bauerle, Pierce",YAK:BA:PI:9e782613-0d72:0971625,Right,YAK:NKUHOM:9e782613-0d72:0744411,Stretch,1,Bottom,1,1,1,Curveball,Slider,BallCalled,,,,0,0,,75.06,2.27,0.82,2480.43,308.49,4:15,5.95,-1.3,6.0,-57.08,-5.08,12.15,3.32,0.48,67.16,-8.45,3.12,,,,,,,,,,,,,-6.38,-3.66,1.23,50.0,6.09,-1.87,-108.99,2.86,-7.17,24.48,-36.29,YAK:NKUHOM:9e782613-0d72:0744411,YAK:THOMAS:9e782613-0d72:0936209,,,,b8025265-b0e8-4bba-9e12-d05e1860d054,f236e6cd-e488-2776-8919-fc577a2725b7,75.24,5.93,-1.3,2.43,0.83,67.27,3.33,0.48,-8.28,3.12,0.52,12.09,-8.77,55.81,78.66,1393.92,2051.72,56.2,0.35,0.83,-0.44,,,,,,,,,,,,,,,,,0.98,,,,medium,high,19.21,77.26,54.5,"Marushi, Brady",YAK:MA:BR:9e782613-0d72:0325650,YAK:THOMAS:9e782613-0d72:0936209,2022-11,FALSE,,FALSE,,,,,,,,,,,,,,,,,,,,,,,,,,,,,,,,,,,,,,,,,,,,,,,,,
23,2026-09-15,15:57:14,3,4,"Wichmann, Aaron",YAK:WI:AA:9e782613-0d72:0945527,Left,YAK:THOMAS:9e782613-0d72:0936209,"Bauerle, Pierce",YAK:BA:PI:9e782613-0d72:0971625,Right,YAK:NKUHOM:9e782613-0d72:0744411,Stretch,1,Bottom,1,2,1,Curveball,Curveball,StrikeCalled,,,,0,0,,74.27,2.85,-0.27,2598.65,324.72,4:45,5.72,-1.31,6.0,-65.36,-12.19,11.92,2.95,-0.58,66.51,-9.42,1.98,,,,,,,,,,,,,-6.67,-7.8,1.33,50.0,5.91,0.21,-107.8,3.73,-7.33,24.05,-40.74,YAK:NKUHOM:9e782613-0d72:0744411,YAK:THOMAS:9e782613-0d72:0936209,,,,b8025265-b0e8-4bba-9e12-d05e1860d054,f01d2724-d4ec-dbd5-03ce-15dceebe588d,74.41,5.7,-1.31,3.06,-0.27,66.57,2.97,-0.58,-9.21,1.98,0.52,11.9,-16.32,42.2,86.12,1925.02,1745.65,74.08,0.6,0.67,-0.43,,,,,,,,,,,,,,,,,1.0,,,,medium,high,12.5,-66.66,54.5,"Marushi, Brady",YAK:MA:BR:9e782613-0d72:0325650,YAK:THOMAS:9e782613-0d72:0936209,2022-11,FALSE,,FALSE,,,,,,,,,,,,,,,,,,,,,,,,,,,,,,,,,,,,,,,,,,,,,,,,,
24,2026-09-15,15:57:35,3,5,"Wichmann, Aaron",YAK:WI:AA:9e782613-0d72:0945527,Left,YAK:THOMAS:9e782613-0d72:0936209,"Bauerle, Pierce",YAK:BA:PI:9e782613-0d72:0971625,Right,YAK:NKUHOM:9e782613-0d72:0744411,Stretch,1,Bottom,1,2,2,Fastball,Fastball,Foul,,,,0,0,,87.47,-1.62,1.59,2365.9,156.93,11:15,6.28,-1.72,6.0,-19.39,18.67,-6.03,3.14,-0.72,78.13,-5.26,0.45,,,,,,,,,,,,,3.89,10.85,1.59,50.0,6.14,-3.35,-127.07,-4.17,5.97,31.73,-15.49,YAK:NKUHOM:9e782613-0d72:0744411,YAK:THOMAS:9e782613-0d72:0936209,,,,b8025265-b0e8-4bba-9e12-d05e1860d054,e39b4ecd-4628-830b-0069-74df16998590,87.74,6.28,-1.72,-1.65,1.64,78.35,3.14,-0.72,-5.27,0.51,0.44,-6.52,17.53,40.78,,1791.51,1545.31,75.72,-0.7,0.65,0.3,,,,,,,,,,,,,,,,,1,,,,medium,high,,,54.5,"Marushi, Brady",YAK:MA:BR:9e782613-0d72:0325650,YAK:THOMAS:9e782613-0d72:0936209,2022-11,FALSE,,FALSE,,,,,,,,,,,,,,,,,,,,,,,,,,,,,,,,,,,,,,,,,,,,,,,,,
25,2026-09-15,15:57:59,3,6,"Wichmann, Aaron",YAK:WI:AA:9e782613-0d72:0945527,Left,YAK:THOMAS:9e782613-0d72:0936209,"Bauerle, Pierce",YAK:BA:PI:9e782613-0d72:0971625,Right,YAK:NKUHOM:9e782613-0d72:0744411,Stretch,1,Bottom,1,2,2,Changeup,Fastball,BallCalled,,,,0,0,,77.07,-1.23,4.82,1822.45,133.56,10:30,5.12,-2.8,6.0,-31.79,17.41,-14.26,1.31,0.55,69.1,-7.18,2.15,,,,,,,,,,,,,9.54,10.0,2.43,50.0,5.0,-9.04,-111.65,-3.25,11.35,24.03,-20.27,YAK:NKUHOM:9e782613-0d72:0744411,YAK:THOMAS:9e782613-0d72:0936209,,,,b8025265-b0e8-4bba-9e12-d05e1860d054,59041804-ea13-408a-40ed-dea54bc3bef3,77.31,5.12,-2.81,-1.23,4.92,69.29,1.31,0.56,-7.15,2.24,0.5,-15.17,15.69,22.88,45.32,1679.07,708.56,92.13,-0.63,0.39,0.67,,,,,,,,,,,,,,,,,1.0,,,,medium,high,49.21,-6.05,54.5,"Marushi, Brady",YAK:MA:BR:9e782613-0d72:0325650,YAK:THOMAS:9e782613-0d72:0936209,2022-11,FALSE,,FALSE,,,,,,,,,,,,,,,,,,,,,,,,,,,,,,,,,,,,,,,,,,,,,,,,,
26,2026-09-15,15:58:37,3,7,"Wichmann, Aaron",YAK:WI:AA:9e782613-0d72:0945527,Left,YAK:THOMAS:9e782613-0d72:0936209,"Bauerle, Pierce",YAK:BA:PI:9e782613-0d72:0971625,Right,YAK:NKUHOM:9e782613-0d72:0744411,Stretch,1,Bottom,1,3,2,Changeup,,BallCalled,,,Walk,0,0,,,,,,,,,,,,,,,,,,,,,,,,,,,,,,,,,,,,,,,,,,YAK:NKUHOM:9e782613-0d72:0744411,YAK:THOMAS:9e782613-0d72:0936209,,,,b8025265-b0e8-4bba-9e12-d05e1860d054,286ab190-d361-4189-85d1-14d855d54ab3,,,,,,,,,,,,,,,,,,,,,,,,,,,,,,,,,,,,,,,,,,,,,,,"Marushi, Brady",YAK:MA:BR:9e782613-0d72:0325650,YAK:THOMAS:9e782613-0d72:0936209,,,,,,,,,,,,,,,,,,,,,,,,,,,,,,,,,,,,,,,,,,,,,,,,,,,,,
27,2026-09-15,15:58:55,4,1,"Wichmann, Aaron",YAK:WI:AA:9e782613-0d72:0945527,Left,YAK:THOMAS:9e782613-0d72:0936209,"Wang, Jackson",YAK:WA:JA:9e782613-0d72:0732082,Right,YAK:NKUHOM:9e782613-0d72:0744411,Stretch,1,Bottom,1,0,0,Cutter,Fastball,BallCalled,,,,0,0,,78.99,-0.71,2.31,2448.48,149.15,11:00,5.19,-2.08,6.0,-40.86,5.97,0.53,1.11,0.14,70.84,-8.36,2.41,,,,,,,,,,,,,0.56,3.55,1.9,50.0,5.11,-4.65,-114.71,-2.52,0.71,26.47,-27.74,YAK:NKUHOM:9e782613-0d72:0744411,YAK:THOMAS:9e782613-0d72:0936209,,,,b8025265-b0e8-4bba-9e12-d05e1860d054,fce00510-bb61-260d-c999-a9d8281d7613,79.22,5.18,-2.09,-0.64,2.37,71.02,1.12,0.14,-8.27,2.47,0.49,-0.05,3.47,83.86,14.3,261.74,2434.45,10.69,-0.09,0.99,0.05,,,,,,,,,,,,,,,,,1.0,,,,medium,high,77.13,-12.9,54.5,"Marushi, Brady",YAK:MA:BR:9e782613-0d72:0325650,YAK:THOMAS:9e782613-0d72:0936209,2022-11,FALSE,,FALSE,,,,,,,,,,,,,,,,,,,,,,,,,,,,,,,,,,,,,,,,,,,,,,,,,
28,2026-09-15,15:59:17,4,2,"Wichmann, Aaron",YAK:WI:AA:9e782613-0d72:0945527,Left,YAK:THOMAS:9e782613-0d72:0936209,"Wang, Jackson",YAK:WA:JA:9e782613-0d72:0732082,Right,YAK:NKUHOM:9e782613-0d72:0744411,Stretch,1,Bottom,1,1,0,Fastball,Fastball,BallCalled,,,,0,0,,87.46,-3.46,2.68,2449.86,146.9,11:00,6.09,-2.06,6.0,-20.12,18.04,-8.61,1.15,-0.26,78.4,-7.22,1.06,,,,,,,,,,,,,5.68,11.15,1.85,50.0,5.8,-5.67,-126.8,-8.28,8.71,31.14,-15.08,YAK:NKUHOM:9e782613-0d72:0744411,YAK:THOMAS:9e782613-0d72:0936209,,,,b8025265-b0e8-4bba-9e12-d05e1860d054,853b8190-8e23-e191-97ba-f0b818353b35,87.72,6.09,-2.07,-3.48,2.74,78.61,1.15,-0.26,-7.23,1.12,0.44,-9.25,16.96,39.79,41.36,1882.36,1567.98,76.84,-0.64,0.64,0.42,,,,,,,,,,,,,,,,,0.99,,,,medium,high,52.77,-16.46,54.5,"Marushi, Brady",YAK:MA:BR:9e782613-0d72:0325650,YAK:THOMAS:9e782613-0d72:0936209,2022-11,FALSE,,FALSE,,,,,,,,,,,,,,,,,,,,,,,,,,,,,,,,,,,,,,,,,,,,,,,,,
29,2026-09-15,15:59:40,4,3,"Wichmann, Aaron",YAK:WI:AA:9e782613-0d72:0945527,Left,YAK:THOMAS:9e782613-0d72:0936209,"Wang, Jackson",YAK:WA:JA:9e782613-0d72:0732082,Right,YAK:NKUHOM:9e782613-0d72:0744411,Stretch,1,Bottom,1,2,0,Curveball,Curveball,BallCalled,,,,0,0,,72.78,0.48,0.71,2470.59,315.88,4:30,5.82,-1.46,6.0,-61.47,-6.16,11.64,1.14,0.17,65.55,-11.01,2.91,,,,,,,,,,,,,-6.14,-3.58,1.4,50.0,5.82,-1.6,-105.74,-0.64,-6.48,23.3,-35.95,YAK:NKUHOM:9e782613-0d72:0744411,YAK:THOMAS:9e782613-0d72:0936209,,,,b8025265-b0e8-4bba-9e12-d05e1860d054,239b8a83-2b09-e26f-d9bf-f65d740f8473,72.93,5.8,-1.46,0.65,0.73,65.64,1.15,0.17,-10.83,2.92,0.54,11.47,-10.16,56.76,88.83,1354.21,2066.39,54.81,0.39,0.84,-0.38,,,,,,,,,,,,,,,,,0.99,,,,medium,high,10.06,80.31,54.5,"Marushi, Brady",YAK:MA:BR:9e782613-0d72:0325650,YAK:THOMAS:9e782613-0d72:0936209,2022-11,FALSE,,FALSE,,,,,,,,,,,,,,,,,,,,,,,,,,,,,,,,,,,,,,,,,,,,,,,,,
30,2026-09-15,15:59:59,4,4,"Wichmann, Aaron",YAK:WI:AA:9e782613-0d72:0945527,Left,YAK:THOMAS:9e782613-0d72:0936209,"Wang, Jackson",YAK:WA:JA:9e782613-0d72:0732082,Right,YAK:NKUHOM:9e782613-0d72:0744411,Stretch,1,Bottom,1,3,0,Fastball,Fastball,StrikeCalled,,,,0,0,,84.26,-1.12,2.01,2332.07,148.53,11:00,5.98,-2.2,6.0,-22.57,18.44,-8.88,3.04,-1.05,75.28,-5.36,0.34,,,,,,,,,,,,,5.61,10.54,2.05,50.0,5.88,-4.05,-122.41,-3.04,8.0,29.44,-17.13,YAK:NKUHOM:9e782613-0d72:0744411,YAK:THOMAS:9e782613-0d72:0936209,,,,b8025265-b0e8-4bba-9e12-d05e1860d054,a82b7acc-d126-eed0-2e90-249710f8e16e,84.53,5.98,-2.21,-1.14,2.08,75.49,3.04,-1.05,-5.36,0.41,0.46,-9.55,17.15,38.2,52.75,1832.63,1442.24,78.58,-0.67,0.62,0.41,,,,,,,,,,,,,,,,,0.96,,,,medium,high,42.52,-20.28,54.5,"Marushi, Brady",YAK:MA:BR:9e782613-0d72:0325650,YAK:THOMAS:9e782613-0d72:0936209,2022-11,FALSE,,FALSE,,,,,,,,,,,,,,,,,,,,,,,,,,,,,,,,,,,,,,,,,,,,,,,,,
31,2026-09-15,16:00:21,4,5,"Wichmann, Aaron",YAK:WI:AA:9e782613-0d72:0945527,Left,YAK:THOMAS:9e782613-0d72:0936209,"Wang, Jackson",YAK:WA:JA:9e782613-0d72:0732082,Right,YAK:NKUHOM:9e782613-0d72:0744411,Stretch,1,Bottom,1,3,1,Fastball,Fastball,StrikeCalled,,,,0,0,,86.44,-2.04,1.95,2426.59,153.97,11:15,6.16,-2.03,6.0,-18.5,20.47,-7.97,2.7,-0.86,77.28,-5.51,0.45,,85.19,4.67,-6.33,1822.17,,,,98.48,,-2.13,1.29,5.08,11.99,1.88,50.0,5.99,-4.04,-125.53,-5.02,7.62,30.76,-14.18,YAK:NKUHOM:9e782613-0d72:0744411,YAK:THOMAS:9e782613-0d72:0936209,,,,b8025265-b0e8-4bba-9e12-d05e1860d054,013b1d8d-92fc-f0d1-8338-65064ef53301,86.71,6.17,-2.03,-2.08,2.01,77.49,2.7,-0.86,-5.53,0.51,0.45,-8.53,19.41,32.58,50.43,2044.86,1306.49,84.27,-0.76,0.54,0.37,-9.37,84.39,6.94,3.25,-38.78,0.65,-3.65,98.41,1.54,39.82,0.04,0.73,0.5,-0.47,,,0.97,,0.99,48.87,medium,high,44.61,21.59,54.5,"Marushi, Brady",YAK:MA:BR:9e782613-0d72:0325650,YAK:THOMAS:9e782613-0d72:0936209,2022-11,FALSE,,FALSE,,1.4,1,108.99,4,137.92,2,-0.2,5,0.93,3,32.58,5,10.05,4,0.59,5,11.64,2,12.24,5,29.43,3,9.98,4,13.6,,-1.7,,-26.9,,26.6,,13.7,,39.5,,929.73,,1114.78,,599.78,,33.8,,39.7,,93.4,
32,2026-09-15,16:00:48,4,6,"Wichmann, Aaron",YAK:WI:AA:9e782613-0d72:0945527,Left,YAK:THOMAS:9e782613-0d72:0936209,"Wang, Jackson",YAK:WA:JA:9e782613-0d72:0732082,Right,YAK:NKUHOM:9e782613-0d72:0744411,Stretch,1,Bottom,1,3,2,Fastball,Fastball,InPlay,,GroundBall,Error,0,1,,86.8,-1.66,2.75,2409.81,146.29,11:00,5.83,-2.15,6.0,-20.25,18.44,-9.68,2.58,-0.37,77.56,-5.46,0.93,,,,,,,,,,,,,6.31,10.73,1.94,50.0,5.69,-5.78,-126.01,-4.26,9.55,31.03,-15.94,YAK:NKUHOM:9e782613-0d72:0744411,YAK:THOMAS:9e782613-0d72:0936209,,,,b8025265-b0e8-4bba-9e12-d05e1860d054,a111454e-e095-3e69-c3f8-d6f5ba65fd56,87.07,5.84,-2.16,-1.69,2.83,77.77,2.58,-0.37,-5.47,1.0,0.45,-10.37,17.31,36.67,42.87,1932.77,1439.3,80.2,-0.67,0.6,0.45,,,,,,,,,,,,,,,,,0.99,,,,medium,high,51.42,23.32,54.5,"Marushi, Brady",YAK:MA:BR:9e782613-0d72:0325650,YAK:THOMAS:9e782613-0d72:0936209,2022-11,FALSE,,FALSE,,,,,,,,,,,,,,,,,,,,,,,,,,,,,,,,,,,,,,,,,,,,,,,,,
33,2026-09-15,16:01:28,5,1,"Wichmann, Aaron",YAK:WI:AA:9e782613-0d72:0945527,Left,YAK:THOMAS:9e782613-0d72:0936209,"Nowak, Mark",YAK:NO:MA:9e782613-0d72:0541523,Right,YAK:NKUHOM:9e782613-0d72:0744411,Stretch,1,Bottom,1,0,0,Curveball,Slider,InPlay,,GroundBall,Out,1,1,,74.75,2.48,0.57,2426.75,309.25,4:15,5.43,-1.33,6.0,-56.38,-3.98,10.32,3.06,0.06,66.84,-8.11,2.51,,79.26,-2.92,16.53,2620.26,,,,29.24,,17.64,0.27,-5.47,-3.13,1.28,50,5.6,-1.33,-108.53,3.27,-6.1,24.13,-35.66,YAK:NKUHOM:9e782613-0d72:0744411,YAK:THOMAS:9e782613-0d72:0936209,,,,b8025265-b0e8-4bba-9e12-d05e1860d054,ee60b3f3-db26-2225-648c-fe6c9bdf61f5,74.94,5.42,-1.34,2.64,0.58,66.96,3.07,0.06,-7.95,2.53,0.52,10.13,-7.59,61.3,69.12,1165.41,2128.6,48.02,0.3,0.88,-0.37,22.52,75.89,-4.03,-0.2,-0.74,2.92,8.86,27.86,-0.09,-2.46,-0.09,-0.42,0.14,-0.89,,,0.97,,0.99,45.16,medium,high,27.79,4.13,54.5,"Marushi, Brady",YAK:MA:BR:9e782613-0d72:0325650,YAK:THOMAS:9e782613-0d72:0936209,2022-11,FALSE,,FALSE,,0.94,5,60.83,1,72.77,3,0.03,2,-32.2,4,37.62,4,5.72,3,0.45,4,-46.42,0,9.84,5,35.4,0,-8.89,4,24.1,,-0.7,,9.6,,-2.6,,24.1,,10,,671.33,,1015.96,,1109.42,,19,,34.5,,45.3,
34,2026-09-15,16:02:02,6,1,"Wichmann, Aaron",YAK:WI:AA:9e782613-0d72:0945527,Left,YAK:THOMAS:9e782613-0d72:0936209,"Lundholm, Blake",YAK:LU:BL:9e782613-0d72:0431922,Right,YAK:NKUHOM:9e782613-0d72:0744411,Stretch,1,Bottom,2,0,0,Cutter,Cutter,BallCalled,,,,0,0,,79.01,-0.37,2.03,2408.46,209.15,1:00,5.07,-2.23,6.0,-41.71,5.08,2.56,1.24,-0.11,70.83,-8.18,2.52,,,,,,,,,,,,,-0.65,2.93,2.07,50.0,5.02,-4.14,-114.77,-1.87,-0.82,26.58,-28.51,YAK:NKUHOM:9e782613-0d72:0744411,YAK:THOMAS:9e782613-0d72:0936209,,,,b8025265-b0e8-4bba-9e12-d05e1860d054,8c8f8eb6-d59a-43c8-24e8-5840a8761fcf,79.25,5.06,-2.24,-0.29,2.08,71.0,1.25,-0.11,-8.09,2.56,0.49,2.08,2.48,86.21,13.41,159.37,2403.18,6.62,-0.06,1.0,-0.03,,,,,,,,,,,,,,,,,0.88,,,,medium,high,102.07,12.23,54.5,"Marushi, Brady",YAK:MA:BR:9e782613-0d72:0325650,YAK:THOMAS:9e782613-0d72:0936209,2022-11,FALSE,,FALSE,,,,,,,,,,,,,,,,,,,,,,,,,,,,,,,,,,,,,,,,,,,,,,,,,
35,2026-09-15,16:02:21,6,2,"Wichmann, Aaron",YAK:WI:AA:9e782613-0d72:0945527,Left,YAK:THOMAS:9e782613-0d72:0936209,"Lundholm, Blake",YAK:LU:BL:9e782613-0d72:0431922,Right,YAK:NKUHOM:9e782613-0d72:0744411,Stretch,1,Bottom,2,1,0,Fastball,Fastball,StrikeCalled,,,,0,0,,87.01,-1.07,2.04,2453.75,147.52,11:00,5.98,-1.94,6.0,-20.11,18.36,-9.39,3.31,-0.8,77.65,-4.85,0.27,,,,,,,,,,,,,5.9,10.48,1.78,50.0,5.89,-4.23,-126.39,-2.95,8.97,31.43,-16.23,YAK:NKUHOM:9e782613-0d72:0744411,YAK:THOMAS:9e782613-0d72:0936209,,,,b8025265-b0e8-4bba-9e12-d05e1860d054,7e249bc2-f528-f716-701f-65bff8d7fbd3,87.27,5.99,-1.94,-1.09,2.11,77.87,3.31,-0.8,-4.86,0.34,0.45,-10.06,17.22,37.58,35.38,1944.72,1496.31,79.26,-0.67,0.61,0.43,,,,,,,,,,,,,,,,,0.97,,,,medium,high,58.16,-21.96,54.5,"Marushi, Brady",YAK:MA:BR:9e782613-0d72:0325650,YAK:THOMAS:9e782613-0d72:0936209,2022-11,FALSE,,FALSE,,,,,,,,,,,,,,,,,,,,,,,,,,,,,,,,,,,,,,,,,,,,,,,,,
36,2026-09-15,16:02:42,6,3,"Wichmann, Aaron",YAK:WI:AA:9e782613-0d72:0945527,Left,YAK:THOMAS:9e782613-0d72:0936209,"Lundholm, Blake",YAK:LU:BL:9e782613-0d72:0431922,Right,YAK:NKUHOM:9e782613-0d72:0744411,Stretch,1,Bottom,2,1,1,Fastball,Fastball,BallCalled,,,,0,0,,83.42,-2.84,4.75,2411.64,121.51,10:00,5.05,-2.49,6.0,-29.92,12.2,-12.48,-0.11,0.94,74.88,-8.41,2.41,,,,,,,,,,,,,8.56,7.72,2.12,50.0,4.81,-9.67,-120.73,-6.85,11.89,28.35,-21.44,YAK:NKUHOM:9e782613-0d72:0744411,YAK:THOMAS:9e782613-0d72:0936209,,,,b8025265-b0e8-4bba-9e12-d05e1860d054,96ffcdf6-16fb-72a1-89db-a76035b14f1b,83.65,5.05,-2.5,-2.82,4.85,75.08,-0.11,0.94,-8.38,2.51,0.47,-13.42,10.66,46.86,33.93,1648.97,1759.81,68.38,-0.36,0.73,0.58,,,,,,,,,,,,,,,,,1.0,,,,medium,high,59.46,33.67,54.5,"Marushi, Brady",YAK:MA:BR:9e782613-0d72:0325650,YAK:THOMAS:9e782613-0d72:0936209,2022-11,FALSE,,FALSE,,,,,,,,,,,,,,,,,,,,,,,,,,,,,,,,,,,,,,,,,,,,,,,,,
37,2026-09-15,16:03:05,6,4,"Wichmann, Aaron",YAK:WI:AA:9e782613-0d72:0945527,Left,YAK:THOMAS:9e782613-0d72:0936209,"Lundholm, Blake",YAK:LU:BL:9e782613-0d72:0431922,Right,YAK:NKUHOM:9e782613-0d72:0744411,Stretch,1,Bottom,2,2,1,Curveball,Curveball,BallCalled,,,,0,0,,74.8,-0.26,0.12,2477.25,314.68,4:30,5.66,-1.12,6.0,-54.24,-1.99,7.59,0.9,-0.38,67.33,-10.39,1.55,,,,,,,,,,,,,-4.13,-1.0,1.11,50,5.61,-0.41,-108.71,-1.87,-4.62,24.25,-33.29,YAK:NKUHOM:9e782613-0d72:0744411,YAK:THOMAS:9e782613-0d72:0936209,,,,b8025265-b0e8-4bba-9e12-d05e1860d054,842dfae2-905d-3891-4065-b31fafe629c1,74.99,5.65,-1.13,-0.12,0.16,67.45,0.91,-0.38,-10.24,1.58,0.52,7.2,-5.45,72.46,80.26,746.44,2362.12,30.13,0.21,0.95,-0.21,,,,,,,,,,,,,,,,,0.99,,,,medium,high,17.77,15.28,54.5,"Marushi, Brady",YAK:MA:BR:9e782613-0d72:0325650,YAK:THOMAS:9e782613-0d72:0936209,2022-11,FALSE,,FALSE,,,,,,,,,,,,,,,,,,,,,,,,,,,,,,,,,,,,,,,,,,,,,,,,,
38,2026-09-15,16:03:25,6,5,"Wichmann, Aaron",YAK:WI:AA:9e782613-0d72:0945527,Left,YAK:THOMAS:9e782613-0d72:0936209,"Lundholm, Blake",YAK:LU:BL:9e782613-0d72:0431922,Right,YAK:NKUHOM:9e782613-0d72:0744411,Stretch,1,Bottom,2,3,1,Fastball,Fastball,InPlay,,GroundBall,Out,1,0,,84.89,-2.47,1.86,2374.02,149.21,11:00,5.96,-1.68,6.0,-19.38,21.03,-10.34,2.02,-0.8,75.99,-6.1,-0.09,,94.95,-9.6,-15.85,1934.54,18.02,,,15.41,,-10.12,0.11,6.35,12.44,1.54,50.0,5.76,-3.7,-123.26,-5.89,9.19,29.52,-14.16,YAK:NKUHOM:9e782613-0d72:0744411,YAK:THOMAS:9e782613-0d72:0936209,,,,b8025265-b0e8-4bba-9e12-d05e1860d054,f884129f-44eb-8883-c0a4-21dd4b44e59d,85.15,5.96,-1.69,-2.51,1.93,76.2,2.02,-0.79,-6.12,-0.02,0.46,-11.0,19.94,24.39,35.66,2162.09,980.46,91.07,-0.78,0.41,0.47,-25.57,90.06,-15.83,1.05,0.65,2.32,-2.71,15.17,-0.07,0.58,-0.04,0.77,0.16,-0.62,,,0.98,,1,54.78,medium,high,57.91,30.46,54.5,"Marushi, Brady",YAK:MA:BR:9e782613-0d72:0325650,YAK:THOMAS:9e782613-0d72:0936209,2022-11,FALSE,,FALSE,,1.01,3,82.93,3,100.47,5,-0.03,5,-25.44,5,35.8,4,24.84,4,0.65,3,-32.43,2,34.89,3,28.73,3,-5.7,4,9.6,,-13.9,,15.6,,-8.2,,17,,17.7,,650.09,,764.12,,933.53,,15.7,,43.1,,58.7,
,2026-09-15,16:04:24,,,,,,,,,,,,,,,,,,Fastball,,,,,,,,84.26,-2.28,-2.47,1975.49,232.11,1:45,6.63,2.3,6.0,-26.46,14.61,14.65,2.28,1.2,75.51,-7.23,0.29,,,,,,,,,,,,,-8.94,8.85,-2.11,50,6.44,4.85,-122.3,-5.64,-12.74,29.28,-19.56,,,,,,,530a2835-9368-e3ea-f60e-ff62dd68667f,84.5,6.63,2.31,-2.28,-2.57,75.7,2.28,1.2,-7.22,0.19,0.46,15.58,13.14,-27.13,35.6,1758.13,-900.86,89.0,-0.55,-0.46,-0.7,,,,,,,,,,,,,,,,,0.97,,,,medium,high,57.96,39.37,54.5,,,,2022-11,FALSE,,FALSE,,,,,,,,,,,,,,,,,,,,,,,,,,,,,,,,,,,,,,,,,,,,,,,,,
,2026-09-15,16:04:36,,,,,,,,,,,,,,,,,,Fastball,,,,,,,,86.16,-2.46,-3.74,1971.98,234.48,1:45,6.56,2.34,6.0,-26.3,13.06,13.23,2.05,-0.07,77.2,-7.38,-1.25,,,,,,,,,,,,,-8.61,8.06,-2.06,50.0,6.35,7.77,-124.9,-6.16,-12.8,30.41,-20.18,,,,,,,bfb96c9a-8aad-a296-c06e-7f6e036ae71b,86.41,6.56,2.35,-2.46,-3.83,77.4,2.05,-0.07,-7.36,-1.34,0.45,14.13,11.65,-36.44,30.01,1586.39,-1171.37,80.45,-0.47,-0.59,-0.65,,,,,,,,,,,,,,,,,1.0,,,,medium,high,117.0,-17.28,54.5,,,,2022-11,FALSE,,FALSE,,,,,,,,,,,,,,,,,,,,,,,,,,,,,,,,,,,,,,,,,,,,,,,,,
,2026-09-15,16:04:50,,,,,,,,,,,,,,,,,,Cutter,,,,,,,,81.67,-0.17,-1.52,2321.92,132.8,10:30,6.39,1.91,6.0,-38.13,5.63,-4.02,3.05,0.15,73.07,-7.32,-2.28,,,,,,,,,,,,,1.65,3.16,-1.79,50.0,6.36,3.25,-118.67,-1.41,2.2,28.42,-27.95,,,,,,,410066da-09cd-2b85-4f51-d5a6cfaa581d,81.92,6.38,1.91,-0.1,-1.55,73.26,3.06,0.15,-7.23,-2.31,0.48,-3.69,3.24,-81.66,50.91,336.98,-2297.34,14.51,-0.1,-0.99,0.11,,,,,,,,,,,,,,,,,0.88,,,,medium,high,44.19,-30.5,54.5,,,,2022-11,FALSE,,FALSE,,,,,,,,,,,,,,,,,,,,,,,,,,,,,,,,,,,,,,,,,,,,,,,,,
,2026-09-15,16:05:03,,,,,,,,,,,,,,,,,,Curveball,,,,,,,,76.55,-0.61,-2.39,2179.44,32.65,7:00,5.79,1.22,6.0,-63.52,-13.21,-12.38,-0.08,-2.05,69.06,-12.43,-4.73,,,,,,,,,,,,,5.87,-7.04,-1.03,50.0,5.71,4.96,-111.1,-2.83,6.81,26.64,-40.34,,,,,,,f8c4cc3e-6374-6d25-7061-e0cf92347175,76.68,5.78,1.22,-0.42,-2.38,69.11,-0.06,-2.05,-12.23,-4.71,0.51,-12.52,-17.39,-33.05,10.28,1826.77,-1188.65,83.82,0.71,-0.55,0.45,,,,,,,,,,,,,,,,,0.98,,,,medium,high,80.75,-24.92,54.5,,,,2022-11,FALSE,,FALSE,,,,,,,,,,,,,,,,,,,,,,,,,,,,,,,,,,,,,,,,,,,,,,,,,
,2026-09-15,16:05:18,,,,,,,,,,,,,,,,,,Fastball,,,,,,,,86.55,-2.52,-3.78,1886.36,235.22,1:45,6.62,2.27,6.0,-26.22,12.8,13.37,2.07,-0.17,77.54,-7.42,-1.27,,,,,,,,,,,,,-8.7,7.94,-1.98,50.0,6.41,7.89,-125.44,-6.31,-13.05,30.67,-20.26,,,,,,,4e8526e8-3037-0318-654e-bc4d920bcae2,86.79,6.62,2.27,-2.51,-3.87,77.74,2.07,-0.18,-7.4,-1.36,0.45,14.26,11.39,-34.94,28.71,1546.38,-1080.31,81.98,-0.47,-0.57,-0.67,,,,,,,,,,,,,,,,,0.99,,,,medium,high,64.16,-68.73,54.5,,,,2022-11,FALSE,,FALSE,,,,,,,,,,,,,,,,,,,,,,,,,,,,,,,,,,,,,,,,,,,,,,,,,
,2026-09-15,16:05:29,,,,,,,,,,,,,,,,,,Fastball,,,,,,,,83.11,-1.03,-5.04,1977.5,229.61,1:45,6.51,2.66,6.0,-27.31,15.06,13.16,3.27,-0.99,74.3,-6.14,-2.57,,87.67,9.05,-1.59,1709.78,7.72,,,153.57,,2.18,1.91,-9.03,8.65,-2.27,50.0,6.41,10.25,-120.36,-2.94,-12.47,28.12,-20.23,,,,,,,b54bb497-25b6-9b4a-0037-23037152caa1,83.36,6.51,2.66,-1.03,-5.13,74.5,3.27,-1.0,-6.13,-2.67,0.47,14.05,13.6,-35.03,91.2,1619.23,-1135.17,81.88,-0.53,-0.57,-0.62,-2.41,86.55,13.79,1.82,-39.25,-1.0,5.83,153.46,8.14,59.19,0.31,0.82,0.43,-0.38,,,1.0,,0.99,51.44,medium,high,7.92,73.64,54.5,,,,2022-11,FALSE,,FALSE,,0.89,5,15.52,0,15.56,0,0.03,2,-72.72,0,4.74,0,0,0,0.14,0,-69.55,0,0,0,0.85,1,-5.29,4,-14.3,,5.1,,-13.6,,4.6,,15.2,,14.4,,203.81,,194.46,,1.88,,54.8,,87.5,,78,
39,2026-09-15,16:06:00,1,1,"Madsen, Noah",YAK:MA:NO:9e782613-0d72:0452886,Right,YAK:NKUHOM:9e782613-0d72:0744411,"McCarty, Noah",YAK:MA:BR:9e782613-0d72:0325650,Right,YAK:THOMAS:9e782613-0d72:0936209,,2,Top,0,0,0,,Fastball,,,,,,,,88.41,-3.08,-4.38,1992.97,225.95,1:30,6.55,1.99,6.0,-22.2,15.25,11.7,1.8,-1.16,79.2,-7.23,-2.18,,,,,,,,,,,,,-7.99,9.47,-1.65,50,6.3,9.45,-128.0,-7.57,-12.48,31.69,-17.37,YAK:NKUHOM:9e782613-0d72:0744411,YAK:THOMAS:9e782613-0d72:0936209,,,,b8025265-b0e8-4bba-9e12-d05e1860d054,934e5a5f-fdf2-6a27-b9b2-5817626b988f,88.67,6.55,2.0,-3.09,-4.46,79.41,1.8,-1.16,-7.22,-2.26,0.44,12.47,14.07,-35.29,32.75,1626.72,-1151.4,81.62,-0.57,-0.58,-0.59,,,,,,,,,,,,,,,,,0.99,,,,medium,high,60.53,33.07,54.5,"Turner, Tyler",YAK:TU:TY:9e782613-0d72:0703730,YAK:NKUHOM:9e782613-0d72:0744411,2022-11,FALSE,,FALSE,,,,,,,,,,,,,,,,,,,,,,,,,,,,,,,,,,,,,,,,,,,,,,,,,
40,2026-09-15,16:06:13,1,2,"Madsen, Noah",YAK:MA:NO:9e782613-0d72:0452886,Right,YAK:NKUHOM:9e782613-0d72:0744411,"McCarty, Noah",YAK:MA:BR:9e782613-0d72:0325650,Right,YAK:THOMAS:9e782613-0d72:0936209,,2,Top,0,1,0,,Fastball,,,,,,,,88.82,-2.83,-2.44,2040.56,228.5,1:30,6.36,2.0,6.0,-22.09,14.9,13.22,1.86,0.8,79.53,-6.96,0.05,,,,,,,,,,,,,-8.14,9.21,-1.81,50,6.12,5.1,-128.87,-7.04,-12.88,32.45,-17.61,YAK:NKUHOM:9e782613-0d72:0744411,YAK:THOMAS:9e782613-0d72:0936209,,,,b8025265-b0e8-4bba-9e12-d05e1860d054,69314019-fff2-b20d-9888-079aec8c4bee,89.08,6.36,2.0,-2.84,-2.53,79.74,1.86,0.8,-6.96,-0.04,0.44,14.06,13.68,-30.18,94.0,1764.04,-1025.68,86.45,-0.57,-0.5,-0.65,,,,,,,,,,,,,,,,,1.0,,,,medium,high,5.4,64.73,54.5,"Turner, Tyler",YAK:TU:TY:9e782613-0d72:0703730,YAK:NKUHOM:9e782613-0d72:0744411,2022-11,FALSE,,FALSE,,,,,,,,,,,,,,,,,,,,,,,,,,,,,,,,,,,,,,,,,,,,,,,,,
41,2026-09-15,16:06:31,1,3,"Madsen, Noah",YAK:MA:NO:9e782613-0d72:0452886,Right,YAK:NKUHOM:9e782613-0d72:0744411,"McCarty, Noah",YAK:MA:BR:9e782613-0d72:0325650,Right,YAK:THOMAS:9e782613-0d72:0936209,,2,Top,0,1,1,,Changeup,,,,,,,,81.69,-2.64,-4.99,1825.5,249.39,2:15,6.33,2.27,6.0,-33.66,10.25,18.93,1.04,-0.86,73.41,-8.92,-1.44,,,,,,,,,,,,,-12.18,6.58,-1.88,50,6.11,9.8,-118.2,-6.42,-16.23,27.04,-23.41,YAK:NKUHOM:9e782613-0d72:0744411,YAK:THOMAS:9e782613-0d72:0936209,,,,b8025265-b0e8-4bba-9e12-d05e1860d054,f648d50c-33c5-93c5-9d37-f4f72395c3fd,81.91,6.33,2.28,-2.61,-5.11,73.57,1.04,-0.86,-8.87,-1.56,0.48,20.04,8.46,-16.12,2.11,1753.74,-506.81,96.07,-0.34,-0.28,-0.9,,,,,,,,,,,,,,,,,0.99,,,,medium,high,91.9,-16.06,54.5,"Turner, Tyler",YAK:TU:TY:9e782613-0d72:0703730,YAK:NKUHOM:9e782613-0d72:0744411,2022-11,FALSE,,FALSE,,,,,,,,,,,,,,,,,,,,,,,,,,,,,,,,,,,,,,,,,,,,,,,,,
42,2026-09-15,16:06:47,1,4,"Madsen, Noah",YAK:MA:NO:9e782613-0d72:0452886,Right,YAK:NKUHOM:9e782613-0d72:0744411,"McCarty, Noah",YAK:MA:BR:9e782613-0d72:0325650,Right,YAK:THOMAS:9e782613-0d72:0936209,Stretch,2,Top,0,2,1,Fastball,Fastball,InPlay,,FlyBall,Out,1,0,,89.87,-2.9,-2.6,2134.94,228.87,1:45,6.39,2.14,6.0,-20.38,15.74,14.7,1.96,0.92,80.44,-6.71,0.17,,94.48,22.77,-9.61,3237.38,41.99,,,340.13,,-20.19,4.25,-9.01,9.69,-1.94,50.0,6.15,5.47,-130.37,-7.23,-14.6,33.14,-16.47,YAK:NKUHOM:9e782613-0d72:0744411,YAK:THOMAS:9e782613-0d72:0936209,,,,b8025265-b0e8-4bba-9e12-d05e1860d054,12e78755-cb82-6941-2130-c8f5b2b355f5,90.13,6.39,2.14,-2.91,-2.69,80.65,1.96,0.91,-6.71,0.08,0.43,15.58,14.62,-22.69,68.7,1969.69,-823.57,92.26,-0.61,-0.39,-0.69,-14.54,85.89,36.57,-0.88,1.95,2.08,-117.38,319.24,-71.13,49.06,1.25,0.82,-0.11,0.56,,,0.99,,0.99,53.49,medium,high,28.17,54.61,54.5,"Turner, Tyler",YAK:TU:TY:9e782613-0d72:0703730,YAK:NKUHOM:9e782613-0d72:0744411,2022-11,FALSE,,FALSE,,0.89,5,95.7,5,78.51,4,0.02,2,-37.4,4,33.62,5,39.77,0,0.55,5,-59.17,0,12.31,5,15.74,4,-20.1,1,10.5,,-16.2,,21.5,,-16.5,,19.5,,27.7,,595.66,,643.37,,884.14,,11.2,,40.5,,45,
43,2026-09-15,16:07:19,2,1,"Madsen, Noah",YAK:MA:NO:9e782613-0d72:0452886,Right,YAK:NKUHOM:9e782613-0d72:0744411,"Shannon, Parker",YAK:MA:BR:9e782613-0d72:0325650,Right,YAK:THOMAS:9e782613-0d72:0936209,,2,Top,1,0,0,,Fastball,,,,,,,,86.17,-0.99,-1.92,2290.12,190.31,12:15,6.36,1.57,6.0,-30.8,8.5,-0.49,2.86,-0.28,77.05,-6.77,-2.02,,,,,,,,,,,,,-0.44,5.04,-1.41,50.0,6.26,4.22,-125.17,-3.08,-0.65,31.33,-24.67,YAK:NKUHOM:9e782613-0d72:0744411,YAK:THOMAS:9e782613-0d72:0936209,,,,b8025265-b0e8-4bba-9e12-d05e1860d054,40b46dbd-2f15-1d5a-c2f9-f09dba9b0c44,86.43,6.36,1.57,-0.95,-1.97,77.26,2.86,-0.29,-6.72,-2.05,0.45,-0.09,6.6,-76.14,49.05,548.75,-2223.41,23.96,-0.24,-0.97,-0.04,,,,,,,,,,,,,,,,,0.99,,,,medium,high,45.85,60.86,54.5,"Turner, Tyler",YAK:TU:TY:9e782613-0d72:0703730,YAK:NKUHOM:9e782613-0d72:0744411,2022-11,FALSE,,FALSE,,,,,,,,,,,,,,,,,,,,,,,,,,,,,,,,,,,,,,,,,,,,,,,,,
44,2026-09-15,16:07:33,2,2,"Madsen, Noah",YAK:MA:NO:9e782613-0d72:0452886,Right,YAK:NKUHOM:9e782613-0d72:0744411,"Shannon, Parker",YAK:MA:BR:9e782613-0d72:0325650,Right,YAK:THOMAS:9e782613-0d72:0936209,Stretch,2,Top,1,0,1,Fastball,Fastball,InPlay,,FlyBall,HomeRun,0,1,,90.37,-3.17,-2.39,1961.44,232.46,1:45,6.31,1.38,6.0,-21.8,13.95,14.38,1.52,0.33,80.93,-7.24,0.32,,,,,,,,,,,,,-8.77,8.81,-1.2,50.0,6.05,5.03,-131.07,-7.93,-14.34,33.61,-17.76,YAK:NKUHOM:9e782613-0d72:0744411,YAK:THOMAS:9e782613-0d72:0936209,,,,b8025265-b0e8-4bba-9e12-d05e1860d054,2af53afa-85bc-fddb-4ddf-a0544faa1a69,90.62,6.32,1.39,-3.17,-2.48,81.14,1.52,0.32,-7.23,0.23,0.43,15.25,12.74,-25.73,7.05,1766.98,-851.48,90.09,-0.55,-0.43,-0.71,,,,,,,,,,,,,,,,,0.98,,,,medium,high,96.35,16.38,54.5,"Turner, Tyler",YAK:TU:TY:9e782613-0d72:0703730,YAK:NKUHOM:9e782613-0d72:0744411,2022-11,FALSE,,FALSE,,,,,,,,,,,,,,,,,,,,,,,,,,,,,,,,,,,,,,,,,,,,,,,,,
45,2026-09-15,16:08:23,3,1,"Madsen, Noah",YAK:MA:NO:9e782613-0d72:0452886,Right,YAK:NKUHOM:9e782613-0d72:0744411,"Tippie, Austin",YAK:MA:BR:9e782613-0d72:0325650,Right,YAK:THOMAS:9e782613-0d72:0936209,,2,Top,1,0,0,,Fastball,,,,,,,,89.66,-2.72,-3.11,2006.38,225.64,1:30,6.33,1.43,6.0,-21.03,15.28,12.16,2.02,-0.48,80.24,-6.65,-0.82,,,,,,,,,,,,,-7.8,9.37,-1.2,50.0,6.11,6.7,-130.03,-6.82,-12.56,32.93,-17.07,YAK:NKUHOM:9e782613-0d72:0744411,YAK:THOMAS:9e782613-0d72:0936209,,,,b8025265-b0e8-4bba-9e12-d05e1860d054,44c3cd6e-60bf-4501-254a-b3adb12d654b,89.92,6.33,1.44,-2.73,-3.19,80.45,2.02,-0.48,-6.65,-0.91,0.43,12.94,14.13,-32.22,5.66,1697.47,-1069.67,84.6,-0.59,-0.53,-0.6,,,,,,,,,,,,,,,,,0.99,,,,medium,high,84.9,-21.45,54.5,"Turner, Tyler",YAK:TU:TY:9e782613-0d72:0703730,YAK:NKUHOM:9e782613-0d72:0744411,2022-11,FALSE,,FALSE,,,,,,,,,,,,,,,,,,,,,,,,,,,,,,,,,,,,,,,,,,,,,,,,,
46,2026-09-15,16:08:37,3,2,"Madsen, Noah",YAK:MA:NO:9e782613-0d72:0452886,Right,YAK:NKUHOM:9e782613-0d72:0744411,"Tippie, Austin",YAK:MA:BR:9e782613-0d72:0325650,Right,YAK:THOMAS:9e782613-0d72:0936209,Windup,2,Top,1,0,1,Fastball,Fastball,InPlay,,GroundBall,Out,1,0,,90.76,-3.26,-2.8,2094.2,228.56,1:30,6.27,1.46,6.0,-19.98,15.47,14.1,1.54,0.01,81.27,-6.99,-0.14,,6.37,49.15,11.43,,,,,4.15,,-13.49,0.71,-8.75,9.67,-1.25,50.0,6.0,5.99,-131.59,-8.11,-14.44,33.69,-16.21,YAK:NKUHOM:9e782613-0d72:0744411,YAK:THOMAS:9e782613-0d72:0936209,,,,b8025265-b0e8-4bba-9e12-d05e1860d054,144f9717-5b8b-526c-91df-85e9705fceb0,91.02,6.27,1.47,-3.27,-2.88,81.47,1.54,0.0,-6.99,-0.23,0.43,14.95,14.39,-24.83,93.22,1900.62,-879.38,90.76,-0.6,-0.42,-0.68,0.83,4.08,4.82,-0.93,-0.2,2.2,-0.97,4.03,,,,,,,,,1.0,,,-15.01,medium,high,6.1,66.55,54.5,"Turner, Tyler",YAK:TU:TY:9e782613-0d72:0703730,YAK:NKUHOM:9e782613-0d72:0744411,2022-11,FALSE,,FALSE,,0.69,5,91.65,4,115.29,3,-0.1,5,-6.56,4,26.57,5,9.46,4,0.51,5,7.63,3,11.94,5,22.15,4,18.87,2,17.8,,-5.6,,22.6,,5.3,,18.7,,23.3,,611.66,,763,,697.35,,29.3,,46,,51.2,
,2026-09-15,16:09:04,,,,,,,,,,,,,,,,,,Fastball,,,,,,,,31.47,32.07,-0.88,724.56,192.37,12:30,3.63,0.9,6.0,-366.99,45.67,5.04,6.75,0.5,27.26,-30.41,0.08,,32.32,37.52,-3.73,805.3,,,,57.74,,-1.51,1.92,-3.12,11.13,-0.84,50,6.26,0.55,-38.74,20.97,-0.44,3.17,-30.6,,,,,,,70440801-9265-20e3-36bb-7e53ceeac78f,31.99,3.6,0.93,32.22,-1.16,27.28,6.82,0.49,-29.51,-0.17,1.46,7.72,19.11,-25.46,59.52,654.19,-311.48,90.29,-0.88,-0.43,-0.19,-1.67,25.58,19.69,0.83,-7.9,1.47,-1.52,57.72,0.47,2.7,-0.13,0.97,0.22,-0.15,,,0.99,,0.99,18.03,medium,high,36.43,-84.87,54.5,,,,2022-11,TRUE,Release height delta >1.5ft pitch-to-pitch; Spin rate outside 800-3500rpm range; Induced vertical break exceeds +/-27in,TRUE,Low velocity,1.46,0,18.16,0,38.32,0,0.05,2,-120.65,0,-9.34,0,11.59,4,0.15,0,-104.46,0,19.66,5,2.93,1,14.51,3,-9.6,,4.6,,-12.1,,8,,10.6,,14.6,,121.06,,96.64,,136.39,,-31.2,,15,,83.6,
47,2026-09-15,16:09:22,4,1,"Madsen, Noah",YAK:MA:NO:9e782613-0d72:0452886,Right,YAK:NKUHOM:9e782613-0d72:0744411,"O'Donnell, Sean",YAK:MA:BR:9e782613-0d72:0325650,Right,YAK:THOMAS:9e782613-0d72:0936209,,2,Top,2,0,0,,Fastball,,,,,,,,89.76,-2.95,-4.97,2142.87,227.33,1:30,6.59,1.8,6.0,-20.38,15.98,13.42,2.11,-1.76,80.34,-6.76,-2.46,,,,,,,,,,,,,-9.13,9.82,-1.42,50.0,6.34,10.89,-129.86,-7.33,-14.7,32.45,-16.36,YAK:NKUHOM:9e782613-0d72:0744411,YAK:THOMAS:9e782613-0d72:0936209,,,,b8025265-b0e8-4bba-9e12-d05e1860d054,3f45d0b4-574a-df30-bb73-9ea09656bc4b,90.02,6.59,1.81,-2.96,-5.06,80.55,2.11,-1.76,-6.76,-2.54,0.43,14.25,14.93,-29.65,65.78,1862.22,-1060.21,86.9,-0.59,-0.49,-0.64,,,,,,,,,,,,,,,,,1.0,,,,medium,high,30.8,-80.93,54.5,"Turner, Tyler",YAK:TU:TY:9e782613-0d72:0703730,YAK:NKUHOM:9e782613-0d72:0744411,2022-11,FALSE,,FALSE,,,,,,,,,,,,,,,,,,,,,,,,,,,,,,,,,,,,,,,,,,,,,,,,,
48,2026-09-15,16:09:37,4,2,"Madsen, Noah",YAK:MA:NO:9e782613-0d72:0452886,Right,YAK:NKUHOM:9e782613-0d72:0744411,"O'Donnell, Sean",YAK:MA:BR:9e782613-0d72:0325650,Right,YAK:THOMAS:9e782613-0d72:0936209,,2,Top,2,1,0,,Fastball,,,,,,,,89.73,-2.14,-2.49,1910.49,228.62,1:30,6.43,1.9,6.0,-21.97,14.25,12.73,2.59,0.63,80.23,-6.25,-0.09,,,,,,,,,,,,,-7.9,8.61,-1.71,50.0,6.25,5.27,-130.25,-5.54,-12.76,33.28,-18.27,YAK:NKUHOM:9e782613-0d72:0744411,YAK:THOMAS:9e782613-0d72:0936209,,,,b8025265-b0e8-4bba-9e12-d05e1860d054,4f6c1deb-4107-2176-b0e1-954400925bad,89.99,6.43,1.91,-2.14,-2.57,80.44,2.59,0.62,-6.25,-0.17,0.43,13.55,13.02,-31.23,11.08,1633.68,-990.48,85.51,-0.57,-0.52,-0.64,,,,,,,,,,,,,,,,,1.0,,,,medium,high,80.03,6.45,54.5,"Turner, Tyler",YAK:TU:TY:9e782613-0d72:0703730,YAK:NKUHOM:9e782613-0d72:0744411,2022-11,FALSE,,FALSE,,,,,,,,,,,,,,,,,,,,,,,,,,,,,,,,,,,,,,,,,,,,,,,,,
49,2026-09-15,16:09:51,4,3,"Madsen, Noah",YAK:MA:NO:9e782613-0d72:0452886,Right,YAK:NKUHOM:9e782613-0d72:0744411,"O'Donnell, Sean",YAK:MA:BR:9e782613-0d72:0325650,Right,YAK:THOMAS:9e782613-0d72:0936209,,2,Top,2,1,1,,Fastball,,,,,,,,85.16,-1.95,-2.34,2303.04,198.04,12:30,6.28,1.81,6.0,-32.63,7.67,-0.52,1.73,-0.43,76.33,-8.05,-2.44,,,,,,,,,,,,,-0.57,4.94,-1.62,50.0,6.11,5.06,-123.62,-5.15,-0.83,30.59,-25.01,YAK:NKUHOM:9e782613-0d72:0744411,YAK:THOMAS:9e782613-0d72:0936209,,,,b8025265-b0e8-4bba-9e12-d05e1860d054,78ca8512-976b-43e2-b6ee-8fa7c6529a41,85.41,6.28,1.81,-1.9,-2.38,76.53,1.74,-0.44,-7.98,-2.48,0.46,-0.1,5.67,-78.63,50.95,453.89,-2257.87,19.71,-0.19,-0.98,-0.06,,,,,,,,,,,,,,,,,0.99,,,,medium,high,44.15,-37.0,54.5,"Turner, Tyler",YAK:TU:TY:9e782613-0d72:0703730,YAK:NKUHOM:9e782613-0d72:0744411,2022-11,FALSE,,FALSE,,,,,,,,,,,,,,,,,,,,,,,,,,,,,,,,,,,,,,,,,,,,,,,,,
50,2026-09-15,16:10:03,4,4,"Madsen, Noah",YAK:MA:NO:9e782613-0d72:0452886,Right,YAK:NKUHOM:9e782613-0d72:0744411,"O'Donnell, Sean",YAK:MA:BR:9e782613-0d72:0325650,Right,YAK:THOMAS:9e782613-0d72:0936209,,2,Top,2,1,2,,Fastball,,,,,,,,86.47,-2.03,-3.59,2402.35,194.73,12:30,6.39,1.57,6.0,-32.23,6.96,-1.17,1.79,-1.91,77.48,-8.05,-3.81,,,,,,,,,,,,,-0.68,4.58,-1.29,50.0,6.21,7.9,-125.37,-5.41,-1.02,31.59,-25.34,YAK:NKUHOM:9e782613-0d72:0744411,YAK:THOMAS:9e782613-0d72:0936209,,,,b8025265-b0e8-4bba-9e12-d05e1860d054,ce07357f-a3c6-ba22-dd5f-d87b54bec598,86.73,6.38,1.57,-1.98,-3.63,77.68,1.79,-1.91,-7.99,-3.85,0.45,-0.78,4.97,-82.02,45.24,333.67,-2379.06,13.89,-0.13,-0.99,-0.04,,,,,,,,,,,,,,,,,1.0,,,,medium,high,49.29,-42.54,54.5,"Turner, Tyler",YAK:TU:TY:9e782613-0d72:0703730,YAK:NKUHOM:9e782613-0d72:0744411,2022-11,FALSE,,FALSE,,,,,,,,,,,,,,,,,,,,,,,,,,,,,,,,,,,,,,,,,,,,,,,,,
51,2026-09-15,16:10:18,4,5,"Madsen, Noah",YAK:MA:NO:9e782613-0d72:0452886,Right,YAK:NKUHOM:9e782613-0d72:0744411,"O'Donnell, Sean",YAK:MA:BR:9e782613-0d72:0325650,Right,YAK:THOMAS:9e782613-0d72:0936209,Windup,2,Top,2,2,2,Slider,Fastball,StrikeSwinging,,,StrikeoutSwinging,1,0,,82.13,-2.96,-4.24,1796.6,244.84,2:15,6.42,2.03,6.0,-31.68,11.71,18.99,1.0,-0.38,73.82,-8.86,-0.67,,,,,,,,,,,,,-11.94,7.49,-1.7,50.0,6.17,8.28,-118.94,-7.04,-16.11,27.43,-22.07,YAK:NKUHOM:9e782613-0d72:0744411,YAK:THOMAS:9e782613-0d72:0936209,,,,b8025265-b0e8-4bba-9e12-d05e1860d054,a5c3b9ac-c0a2-af6c-6a5e-cbfdcbc2db9c,82.35,6.42,2.04,-2.92,-4.34,73.99,1.0,-0.38,-8.82,-0.78,0.47,20.03,9.96,-7.34,13.38,1781.87,-229.58,99.18,-0.42,-0.13,-0.9,,,,,,,,,,,,,,,,,0.99,,,,medium,high,77.96,20.11,54.5,"Turner, Tyler",YAK:TU:TY:9e782613-0d72:0703730,YAK:NKUHOM:9e782613-0d72:0744411,2022-11,FALSE,,FALSE,,,,,,,,,,,,,,,,,,,,,,,,,,,,,,,,,,,,,,,,,,,,,,,,,
,2026-09-15,16:10:55,,,,,,,,,,,,,,,,,,Fastball,,,,,,,,95.64,-3.85,-2.68,2393.05,213.58,1:00,6.44,0.88,6.0,-15.02,16.93,8.39,1.57,-0.93,85.57,-6.65,-1.1,,,,,,,,,,,,,-5.56,10.68,-0.68,50.0,6.13,6.2,-138.6,-9.82,-10.19,37.29,-12.61,,,,,,,14fe5435-e27c-49b1-0f56-4babe15e9a94,95.92,6.44,0.89,-3.88,-2.74,85.8,1.57,-0.94,-6.67,-1.16,0.41,8.96,16.12,-39.63,84.48,1843.07,-1526.36,77.02,-0.64,-0.64,-0.43,,,,,,,,,,,,,,,,,1.0,,,,medium,high,13.97,7.01,54.5,,,,2022-11,FALSE,,FALSE,,,,,,,,,,,,,,,,,,,,,,,,,,,,,,,,,,,,,,,,,,,,,,,,,
,2026-09-15,16:11:03,,,,,,,,,,,,,,,,,,Fastball,,,,,,,,96.94,-3.79,-2.84,2483.13,209.82,1:00,6.48,0.57,6.0,-13.36,17.74,7.58,1.8,-1.47,86.68,-6.28,-1.42,,,,,,,,,,,,,-5.18,11.1,-0.35,50.0,6.17,6.73,-140.47,-9.75,-9.74,38.27,-11.28,,,,,,,9f9f3c72-d75e-d4af-2bb8-030b28319f7d,97.22,6.48,0.57,-3.82,-2.9,86.91,1.8,-1.48,-6.31,-1.47,0.4,8.1,17.02,-39.42,89.05,1918.18,-1576.86,77.25,-0.67,-0.64,-0.38,,,,,,,,,,,,,,,,,1.0,,,,medium,high,9.85,15.84,54.5,,,,2022-11,FALSE,,FALSE,,,,,,,,,,,,,,,,,,,,,,,,,,,,,,,,,,,,,,,,,,,,,,,,,
,2026-09-15,16:11:13,,,,,,,,,,,,,,,,,,Fastball,,,,,,,,94.93,-3.75,-2.81,2537.11,206.49,1:00,6.6,0.45,6.0,-15.22,17.22,5.86,1.8,-1.71,84.93,-6.6,-1.71,,,,,,,,,,,,,-4.22,10.8,-0.23,50,6.3,6.57,-137.56,-9.52,-7.62,36.77,-12.68,,,,,,,556d83c5-f121-4920-d1fd-69d9505fc9d8,95.21,6.6,0.45,-3.78,-2.86,85.16,1.8,-1.71,-6.61,-1.76,0.41,6.32,16.38,-45.45,81.02,1779.77,-1808.13,70.15,-0.63,-0.71,-0.31,,,,,,,,,,,,,,,,,1.0,,,,medium,high,17.09,-6.37,54.5,,,,2022-11,FALSE,,FALSE,,,,,,,,,,,,,,,,,,,,,,,,,,,,,,,,,,,,,,,,,,,,,,,,,
,2026-09-15,16:11:22,,,,,,,,,,,,,,,,,,Fastball,,,,,,,,86.59,-1.07,-1.28,1736.93,235.17,1:45,6.32,0.81,6.0,-27.38,11.48,12.45,3.04,0.64,77.39,-6.21,1.07,,,,,,,,,,,,,-7.32,6.71,-0.71,50,6.23,2.45,-125.83,-3.16,-11.01,31.48,-22.08,,,,,,,950bda7a-0998-4706-ebf9-40d483d39bc4,86.85,6.32,0.82,-1.06,-1.37,77.59,3.04,0.64,-6.18,0.98,0.45,13.31,9.89,-37.87,43.62,1371.07,-1066.34,78.94,-0.45,-0.61,-0.65,,,,,,,,,,,,,,,,,0.99,,,,medium,high,50.74,22.32,54.5,,,,2022-11,FALSE,,FALSE,,,,,,,,,,,,,,,,,,,,,,,,,,,,,,,,,,,,,,,,,,,,,,,,,
,2026-09-15,16:11:33,,,,,,,,,,,,,,,,,,Fastball,,,,,,,,92.9,-3.02,-1.05,2432.35,209.69,1:00,6.88,0.36,6.0,-17.57,16.22,6.74,2.57,-0.06,83.08,-6.31,0.22,,,,,,,,,,,,,-4.08,10.01,-0.28,50.0,6.63,2.25,-134.85,-7.68,-7.07,35.66,-14.84,,,,,,,42e53066-429f-cd7c-bd5d-526c3d99257d,93.18,6.88,0.37,-3.04,-1.1,83.31,2.57,-0.06,-6.32,0.17,0.42,7.27,15.22,-45.18,63.63,1714.62,-1725.22,70.49,-0.61,-0.71,-0.35,,,,,,,,,,,,,,,,,1.0,,,,medium,high,32.74,-70.43,54.5,,,,2022-11,FALSE,,FALSE,,,,,,,,,,,,,,,,,,,,,,,,,,,,,,,,,,,,,,,,,,,,,,,,,
52,2026-09-15,16:12:07,1,1,"Dickhaut, Kaden",YAK:DI:KA:9e782613-0d72:0356234,Right,YAK:THOMAS:9e782613-0d72:0936209,"Fernandez, Mayo",YAK:FE:MA:9e782613-0d72:0091969,Right,YAK:NKUHOM:9e782613-0d72:0744411,Windup,2,Bottom,0,0,0,Fastball,Fastball,BallCalled,,,,0,0,,94.51,-1.57,-1.43,2460.9,197.12,12:30,6.58,0.93,6.0,-16.92,15.7,3.18,3.69,-0.14,84.29,-4.75,-0.83,,,,,,,,,,,,,-2.27,9.21,-0.82,50.0,6.44,3.32,-137.3,-4.31,-4.06,37.28,-15.67,YAK:NKUHOM:9e782613-0d72:0744411,YAK:THOMAS:9e782613-0d72:0936209,,,,b8025265-b0e8-4bba-9e12-d05e1860d054,fc876b58-a1b3-9d46-e295-19b6080d04a3,94.8,6.58,0.94,-1.59,-1.47,84.53,3.69,-0.15,-4.76,-0.87,0.41,3.53,14.67,-52.16,79.58,1509.66,-1943.44,61.35,-0.59,-0.79,-0.18,,,,,,,,,,,,,,,,,1.0,,,,medium,high,18.38,-13.79,54.5,"Marushi, Brady",YAK:MA:BR:9e782613-0d72:0325650,YAK:THOMAS:9e782613-0d72:0936209,2022-11,FALSE,,FALSE,,,,,,,,,,,,,,,,,,,,,,,,,,,,,,,,,,,,,,,,,,,,,,,,,
53,2026-09-15,16:12:22,1,2,"Dickhaut, Kaden",YAK:DI:KA:9e782613-0d72:0356234,Right,YAK:THOMAS:9e782613-0d72:0936209,"Fernandez, Mayo",YAK:FE:MA:9e782613-0d72:0091969,Right,YAK:NKUHOM:9e782613-0d72:0744411,Windup,2,Bottom,0,1,0,Fastball,Fastball,BallCalled,,,,0,0,,95.56,-1.15,-2.3,2391.35,209.24,1:00,6.69,0.92,6.0,-16.74,15.19,6.41,4.21,-0.7,85.15,-4.3,-1.09,,,,,,,,,,,,,-4.36,8.77,-0.74,50.0,6.59,5.37,-138.78,-3.33,-7.99,38.09,-16.11,YAK:NKUHOM:9e782613-0d72:0744411,YAK:THOMAS:9e782613-0d72:0936209,,,,b8025265-b0e8-4bba-9e12-d05e1860d054,b0f16257-c28c-63b1-feed-3193383c7528,95.85,6.69,0.93,-1.17,-2.35,85.39,4.21,-0.71,-4.31,-1.15,0.41,6.92,14.21,-49.34,58.91,1558.11,-1814.07,65.16,-0.57,-0.76,-0.32,,,,,,,,,,,,,,,,,0.98,,,,medium,high,36.98,-65.7,54.5,"Marushi, Brady",YAK:MA:BR:9e782613-0d72:0325650,YAK:THOMAS:9e782613-0d72:0936209,2022-11,FALSE,,FALSE,,,,,,,,,,,,,,,,,,,,,,,,,,,,,,,,,,,,,,,,,,,,,,,,,
54,2026-09-15,16:12:34,1,3,"Dickhaut, Kaden",YAK:DI:KA:9e782613-0d72:0356234,Right,YAK:THOMAS:9e782613-0d72:0936209,"Fernandez, Mayo",YAK:FE:MA:9e782613-0d72:0091969,Right,YAK:NKUHOM:9e782613-0d72:0744411,Windup,2,Bottom,0,2,0,Fastball,Fastball,BallCalled,,,,0,0,,95.1,-3.86,-4.33,2536.62,206.87,1:00,6.29,1.03,6.0,-17.24,15.21,4.34,1.21,-2.68,85.11,-7.08,-3.52,,,,,,,,,,,,,-3.94,9.75,-0.69,50.0,5.98,10.28,-137.57,-9.87,-7.1,36.9,-14.6,YAK:NKUHOM:9e782613-0d72:0744411,YAK:THOMAS:9e782613-0d72:0936209,,,,b8025265-b0e8-4bba-9e12-d05e1860d054,7832a796-88eb-cf8d-5d84-2b6b71bb8911,95.39,6.29,1.03,-3.88,-4.37,85.34,1.21,-2.68,-7.08,-3.56,0.41,4.77,14.24,-54.94,79.29,1456.98,-2076.45,57.44,-0.51,-0.82,-0.26,,,,,,,,,,,,,,,,,0.99,,,,medium,high,18.64,5.34,54.5,"Marushi, Brady",YAK:MA:BR:9e782613-0d72:0325650,YAK:THOMAS:9e782613-0d72:0936209,2022-11,FALSE,,FALSE,,,,,,,,,,,,,,,,,,,,,,,,,,,,,,,,,,,,,,,,,,,,,,,,,
,2026-09-15,16:12:49,,,,,,,,,,,,,,,,,,Fastball,,,,,,,,93.74,-2.78,-1.67,2557.19,202.78,12:45,6.46,0.64,6.0,-19.01,14.19,3.43,2.27,-0.64,83.81,-6.34,-1.02,,,,,,,,,,,,,-2.49,8.81,-0.51,50.0,6.23,3.85,-136.07,-7.21,-4.38,36.46,-16.66,,,,,,,18457813-55b9-4610-690a-af8e681f433c,94.03,6.46,0.65,-2.79,-1.71,84.04,2.27,-0.64,-6.33,-1.06,0.41,3.83,13.07,-56.96,48.83,1394.26,-2143.66,54.52,-0.5,-0.84,-0.21,,,,,,,,,,,,,,,,,1.0,,,,medium,high,46.05,61.49,54.5,,,,2022-11,FALSE,,FALSE,,,,,,,,,,,,,,,,,,,,,,,,,,,,,,,,,,,,,,,,,,,,,,,,,
55,2026-09-15,16:13:01,1,4,"Dickhaut, Kaden",YAK:DI:KA:9e782613-0d72:0356234,Right,YAK:THOMAS:9e782613-0d72:0936209,"Fernandez, Mayo",YAK:FE:MA:9e782613-0d72:0091969,Right,YAK:NKUHOM:9e782613-0d72:0744411,Windup,2,Bottom,0,3,0,Fastball,Fastball,BallCalled,,,Walk,0,0,,92.75,-0.14,-0.79,2350.26,200.95,12:45,6.5,0.6,6.0,-18.32,15.55,4.62,4.84,0.24,82.56,-3.59,0.08,,,,,,,,,,,,,-2.83,8.6,-0.54,50.0,6.48,1.71,-134.81,-0.91,-4.89,36.22,-17.32,YAK:NKUHOM:9e782613-0d72:0744411,YAK:THOMAS:9e782613-0d72:0936209,,,,b8025265-b0e8-4bba-9e12-d05e1860d054,eaefdebe-b929-bb79-757a-aeb74f847dd3,93.04,6.5,0.6,-0.16,-0.84,82.79,4.84,0.24,-3.59,0.04,0.42,5.06,14.42,-50.4,21.45,1498.23,-1810.81,63.75,-0.6,-0.77,-0.23,,,,,,,,,,,,,,,,,1.0,,,,medium,high,109.3,-1.62,54.5,"Marushi, Brady",YAK:MA:BR:9e782613-0d72:0325650,YAK:THOMAS:9e782613-0d72:0936209,2022-11,FALSE,,FALSE,,,,,,,,,,,,,,,,,,,,,,,,,,,,,,,,,,,,,,,,,,,,,,,,,
56,2026-09-15,16:13:32,2,1,"Dickhaut, Kaden",YAK:DI:KA:9e782613-0d72:0356234,Right,YAK:THOMAS:9e782613-0d72:0936209,"Turner, Tyler",YAK:TU:TY:9e782613-0d72:0703730,Right,YAK:NKUHOM:9e782613-0d72:0744411,Stretch,2,Bottom,0,0,0,Fastball,Fastball,BallCalled,,,,0,0,,91.79,-3.33,-5.5,2428.3,209.83,1:00,6.25,1.4,6.0,-18.47,16.43,5.9,1.57,-3.29,82.12,-6.77,-4.4,,,,,,,,,,,,,-5.21,10.22,-0.97,50.0,5.98,12.59,-132.62,-8.32,-8.73,34.15,-15.03,YAK:NKUHOM:9e782613-0d72:0744411,YAK:THOMAS:9e782613-0d72:0936209,,,,b8025265-b0e8-4bba-9e12-d05e1860d054,5d163992-3b0e-f48f-6de6-b26cc40cc613,92.06,6.25,1.41,-3.35,-5.55,82.35,1.57,-3.29,-6.78,-4.45,0.42,6.4,15.42,-50.7,89.77,1538.05,-1879.1,63.34,-0.55,-0.77,-0.32,,,,,,,,,,,,,,,,,0.99,,,,medium,high,9.21,-13.07,54.5,"Marushi, Brady",YAK:MA:BR:9e782613-0d72:0325650,YAK:THOMAS:9e782613-0d72:0936209,2022-11,FALSE,,FALSE,,,,,,,,,,,,,,,,,,,,,,,,,,,,,,,,,,,,,,,,,,,,,,,,,
57,2026-09-15,16:14:25,2,2,"Dickhaut, Kaden",YAK:DI:KA:9e782613-0d72:0356234,Right,YAK:THOMAS:9e782613-0d72:0936209,"Turner, Tyler",YAK:TU:TY:9e782613-0d72:0703730,Right,YAK:NKUHOM:9e782613-0d72:0744411,Stretch,2,Bottom,0,1,0,Fastball,Fastball,BallCalled,,,,0,0,,90.3,-2.43,-4.21,2472.43,208.64,1:00,6.34,1.33,6.0,-20.71,15.19,5.1,2.33,-2.21,80.73,-6.3,-3.26,,,,,,,,,,,,,-4.32,9.23,-1.0,50.0,6.14,9.48,-130.81,-6.19,-7.04,33.53,-17.14,YAK:NKUHOM:9e782613-0d72:0744411,YAK:THOMAS:9e782613-0d72:0936209,,,,b8025265-b0e8-4bba-9e12-d05e1860d054,bed0eaa7-f85c-aaaa-8e50-456b45ee91da,90.57,6.34,1.33,-2.44,-4.26,80.96,2.33,-2.21,-6.3,-3.31,0.43,5.6,14.02,-55.04,85.26,1416.59,-2026.37,57.3,-0.5,-0.82,-0.27,,,,,,,,,,,,,,,,,0.99,,,,medium,high,13.27,19.73,54.5,"Marushi, Brady",YAK:MA:BR:9e782613-0d72:0325650,YAK:THOMAS:9e782613-0d72:0936209,2022-11,FALSE,,FALSE,,,,,,,,,,,,,,,,,,,,,,,,,,,,,,,,,,,,,,,,,,,,,,,,,
58,2026-09-15,16:14:41,2,3,"Dickhaut, Kaden",YAK:DI:KA:9e782613-0d72:0356234,Right,YAK:THOMAS:9e782613-0d72:0936209,"Turner, Tyler",YAK:TU:TY:9e782613-0d72:0703730,Right,YAK:NKUHOM:9e782613-0d72:0744411,Stretch,2,Bottom,0,2,0,Fastball,Fastball,StrikeCalled,,,,0,0,,91.08,-2.41,-0.03,2410.28,206.06,12:45,6.59,0.48,6.0,-19.24,15.89,5.59,2.72,0.93,81.42,-6.02,1.03,,,,,,,,,,,,,-3.08,9.61,-0.49,50.0,6.4,-0.11,-132.29,-6.18,-5.14,34.51,-16.17,YAK:NKUHOM:9e782613-0d72:0744411,YAK:THOMAS:9e782613-0d72:0936209,,,,b8025265-b0e8-4bba-9e12-d05e1860d054,41a0c97e-ee59-31e4-d966-6ed9035e4593,91.35,6.6,0.49,-2.43,-0.08,81.64,2.72,0.92,-6.02,0.98,0.43,6.09,14.76,-47.68,21.54,1622.87,-1782.06,67.33,-0.6,-0.74,-0.3,,,,,,,,,,,,,,,,,1.0,,,,medium,high,109.39,-2.38,54.5,"Marushi, Brady",YAK:MA:BR:9e782613-0d72:0325650,YAK:THOMAS:9e782613-0d72:0936209,2022-11,FALSE,,FALSE,,,,,,,,,,,,,,,,,,,,,,,,,,,,,,,,,,,,,,,,,,,,,,,,,
59,2026-09-15,16:15:00,2,4,"Dickhaut, Kaden",YAK:DI:KA:9e782613-0d72:0356234,Right,YAK:THOMAS:9e782613-0d72:0936209,"Turner, Tyler",YAK:TU:TY:9e782613-0d72:0703730,Right,YAK:NKUHOM:9e782613-0d72:0744411,Stretch,2,Bottom,0,2,1,Fastball,Fastball,StrikeSwinging,,,,0,0,,92.53,-2.97,-2.57,2459.29,214.26,1:15,6.62,0.79,6.0,-19.17,14.93,6.98,2.23,-1.05,82.77,-6.56,-1.26,,,,,,,,,,,,,-4.76,9.28,-0.59,50.0,6.38,5.81,-134.22,-7.58,-8.17,35.26,-16.25,YAK:NKUHOM:9e782613-0d72:0744411,YAK:THOMAS:9e782613-0d72:0936209,,,,b8025265-b0e8-4bba-9e12-d05e1860d054,cccb978f-d1b8-48b7-6282-d6bc6b445ab8,92.81,6.62,0.79,-2.99,-2.63,83.0,2.23,-1.05,-6.56,-1.32,0.42,7.56,13.86,-49.84,,1586.16,-1879.42,64.5,-0.53,-0.76,-0.36,,,,,,,,,,,,,,,,,1,,,,medium,high,,,54.5,"Marushi, Brady",YAK:MA:BR:9e782613-0d72:0325650,YAK:THOMAS:9e782613-0d72:0936209,2022-11,FALSE,,FALSE,,,,,,,,,,,,,,,,,,,,,,,,,,,,,,,,,,,,,,,,,,,,,,,,,
60,2026-09-15,16:15:21,3,1,"Dickhaut, Kaden",YAK:DI:KA:9e782613-0d72:0356234,Right,YAK:THOMAS:9e782613-0d72:0936209,"Turner, Tyler",YAK:TU:TY:9e782613-0d72:0703730,Right,YAK:NKUHOM:9e782613-0d72:0744411,Stretch,2,Bottom,0,0,0,Sweeper,Slider,BallCalled,,,,0,0,,81.03,1.57,3.09,2272.8,57.63,8:00,5.85,0.69,6.0,-51.09,-6.49,-14.37,3.06,2.4,72.44,-8.02,0.38,,,,,,,,,,,,,9.06,-4.16,-0.93,50.0,5.94,-5.96,-117.56,1.82,11.87,27.94,-37.62,YAK:NKUHOM:9e782613-0d72:0744411,YAK:THOMAS:9e782613-0d72:0936209,,,,b8025265-b0e8-4bba-9e12-d05e1860d054,2918ce47-79b5-0fa7-7ba5-361cbe034368,81.22,5.83,0.69,1.72,3.12,72.55,3.07,2.4,-7.86,0.41,0.48,-14.62,-9.67,-47.8,82.29,1526.62,-1683.75,67.17,0.36,-0.74,0.57,,,,,,,,,,,,,,,,,0.99,,,,medium,high,15.94,-42.43,54.5,"Marushi, Brady",YAK:MA:BR:9e782613-0d72:0325650,YAK:THOMAS:9e782613-0d72:0936209,2022-11,FALSE,,FALSE,,,,,,,,,,,,,,,,,,,,,,,,,,,,,,,,,,,,,,,,,,,,,,,,,
61,2026-09-15,16:15:51,3,2,"Dickhaut, Kaden",YAK:DI:KA:9e782613-0d72:0356234,Right,YAK:THOMAS:9e782613-0d72:0936209,"Turner, Tyler",YAK:TU:TY:9e782613-0d72:0703730,Right,YAK:NKUHOM:9e782613-0d72:0744411,Stretch,2,Bottom,0,1,0,Fastball,Fastball,InPlay,,GroundBall,Out,1,0,,91.42,-1.57,-1.33,2384.4,199.63,12:45,6.53,0.64,6.0,-19.21,15.64,3.71,3.45,-0.3,81.61,-5.18,-0.63,,,,,,,,,,,,,-2.53,9.17,-0.53,50.0,6.39,2.97,-132.82,-4.25,-4.24,34.85,-16.78,YAK:NKUHOM:9e782613-0d72:0744411,YAK:THOMAS:9e782613-0d72:0936209,,,,b8025265-b0e8-4bba-9e12-d05e1860d054,b8113666-5b92-7f2c-fe66-d8a3db986729,91.71,6.53,0.64,-1.59,-1.37,81.84,3.45,-0.31,-5.18,-0.67,0.42,4.12,14.49,-52.02,20.97,1467.3,-1879.47,61.54,-0.58,-0.79,-0.21,,,,,,,,,,,,,,,,,0.95,,,,medium,high,108.87,-3.15,54.5,"Marushi, Brady",YAK:MA:BR:9e782613-0d72:0325650,YAK:THOMAS:9e782613-0d72:0936209,2022-11,FALSE,,FALSE,,,,,,,,,,,,,,,,,,,,,,,,,,,,,,,,,,,,,,,,,,,,,,,,,
62,2026-09-15,16:16:24,4,1,"Dickhaut, Kaden",YAK:DI:KA:9e782613-0d72:0356234,Right,YAK:THOMAS:9e782613-0d72:0936209,"Pomatto, Zach",YAK:PO:ZA:9e782613-0d72:0565973,Left,YAK:NKUHOM:9e782613-0d72:0744411,Stretch,2,Bottom,1,0,0,Fastball,Fastball,BallCalled,,,,0,0,,93.51,-3.94,-2.33,2451.12,205.63,12:45,6.29,0.75,6.0,-17.35,16.08,4.83,1.14,-1.04,83.74,-7.18,-1.42,,,,,,,,,,,,,-3.49,10.25,-0.57,50.0,5.97,5.36,-135.53,-9.89,-6.1,35.81,-14.23,YAK:NKUHOM:9e782613-0d72:0744411,YAK:THOMAS:9e782613-0d72:0936209,,,,b8025265-b0e8-4bba-9e12-d05e1860d054,9a4b3199-e3b9-548b-d25a-19a318aa851d,93.79,6.29,0.75,-3.96,-2.38,83.97,1.14,-1.04,-7.18,-1.47,0.42,5.26,15.09,-49.63,94.77,1587.55,-1867.53,64.77,-0.58,-0.76,-0.28,,,,,,,,,,,,,,,,,1.0,,,,medium,high,4.71,17.56,54.5,"Marushi, Brady",YAK:MA:BR:9e782613-0d72:0325650,YAK:THOMAS:9e782613-0d72:0936209,2022-11,FALSE,,FALSE,,,,,,,,,,,,,,,,,,,,,,,,,,,,,,,,,,,,,,,,,,,,,,,,,
63,2026-09-15,16:16:38,4,2,"Dickhaut, Kaden",YAK:DI:KA:9e782613-0d72:0356234,Right,YAK:THOMAS:9e782613-0d72:0936209,"Pomatto, Zach",YAK:PO:ZA:9e782613-0d72:0565973,Left,YAK:NKUHOM:9e782613-0d72:0744411,Stretch,2,Bottom,1,1,0,Fastball,Fastball,BallCalled,,,,0,0,,91.52,-3.36,-2.81,2447.88,204.77,12:45,6.52,0.5,6.0,-19.91,14.99,3.92,1.71,-1.81,81.94,-7.08,-2.07,,,,,,,,,,,,,-3.16,9.45,-0.28,50,6.25,6.39,-132.67,-8.41,-5.3,34.46,-16.33,YAK:NKUHOM:9e782613-0d72:0744411,YAK:THOMAS:9e782613-0d72:0936209,,,,b8025265-b0e8-4bba-9e12-d05e1860d054,81457903-ba50-ee1e-30d9-2483a76a836d,91.79,6.53,0.51,-3.37,-2.85,82.16,1.71,-1.81,-7.07,-2.11,0.43,4.35,13.84,-55.08,31.67,1401.16,-2007.2,57.24,-0.52,-0.82,-0.24,,,,,,,,,,,,,,,,,0.96,,,,medium,high,61.5,-48.84,54.5,"Marushi, Brady",YAK:MA:BR:9e782613-0d72:0325650,YAK:THOMAS:9e782613-0d72:0936209,2022-11,FALSE,,FALSE,,,,,,,,,,,,,,,,,,,,,,,,,,,,,,,,,,,,,,,,,,,,,,,,,
64,2026-09-15,16:16:55,4,3,"Dickhaut, Kaden",YAK:DI:KA:9e782613-0d72:0356234,Right,YAK:THOMAS:9e782613-0d72:0936209,"Pomatto, Zach",YAK:PO:ZA:9e782613-0d72:0565973,Left,YAK:NKUHOM:9e782613-0d72:0744411,Stretch,2,Bottom,1,2,0,Fastball,Fastball,BallCalled,,,,0,0,,92.29,-2.9,0.08,2473.41,210.67,1:00,6.63,0.67,6.0,-18.43,15.8,6.97,2.37,1.32,82.54,-6.35,1.39,,,,,,,,,,,,,-3.81,9.74,-0.68,50.0,6.39,-0.4,-134.01,-7.36,-6.5,35.4,-15.53,YAK:NKUHOM:9e782613-0d72:0744411,YAK:THOMAS:9e782613-0d72:0936209,,,,b8025265-b0e8-4bba-9e12-d05e1860d054,6aef7045-bf8d-c927-5ebd-4cf3a761c4f1,92.57,6.63,0.68,-2.91,0.02,82.77,2.37,1.32,-6.35,1.33,0.42,7.52,14.73,-45.58,29.65,1731.05,-1766.7,69.99,-0.6,-0.71,-0.36,,,,,,,,,,,,,,,,,0.99,,,,medium,high,63.32,-44.47,54.5,"Marushi, Brady",YAK:MA:BR:9e782613-0d72:0325650,YAK:THOMAS:9e782613-0d72:0936209,2022-11,FALSE,,FALSE,,,,,,,,,,,,,,,,,,,,,,,,,,,,,,,,,,,,,,,,,,,,,,,,,
65,2026-09-15,16:17:13,4,4,"Dickhaut, Kaden",YAK:DI:KA:9e782613-0d72:0356234,Right,YAK:THOMAS:9e782613-0d72:0936209,"Pomatto, Zach",YAK:PO:ZA:9e782613-0d72:0565973,Left,YAK:NKUHOM:9e782613-0d72:0744411,Stretch,2,Bottom,1,3,0,Changeup,Fastball,Foul,,,,0,0,,88.27,-2.27,-2.27,1594.38,225.31,1:30,6.17,0.8,6.0,-23.53,13.9,10.84,2.07,-0.42,78.99,-6.68,-0.22,,,,,,,,,,,,,-6.78,8.46,-0.63,50.0,5.98,4.74,-128.13,-5.8,-10.59,32.24,-18.95,YAK:NKUHOM:9e782613-0d72:0744411,YAK:THOMAS:9e782613-0d72:0936209,,,,b8025265-b0e8-4bba-9e12-d05e1860d054,b6cdc82d-8250-1f32-df0e-2b76d1df4d81,88.53,6.17,0.81,-2.27,-2.34,79.2,2.07,-0.43,-6.67,-0.3,0.44,11.54,12.54,-32.44,,1345.58,-855.26,84.4,-0.59,-0.54,-0.6,,,,,,,,,,,,,,,,,1,,,,medium,high,,,54.5,"Marushi, Brady",YAK:MA:BR:9e782613-0d72:0325650,YAK:THOMAS:9e782613-0d72:0936209,2022-11,FALSE,,FALSE,,,,,,,,,,,,,,,,,,,,,,,,,,,,,,,,,,,,,,,,,,,,,,,,,
66,2026-09-15,16:17:39,4,5,"Dickhaut, Kaden",YAK:DI:KA:9e782613-0d72:0356234,Right,YAK:THOMAS:9e782613-0d72:0936209,"Pomatto, Zach",YAK:PO:ZA:9e782613-0d72:0565973,Left,YAK:NKUHOM:9e782613-0d72:0744411,Stretch,2,Bottom,1,3,1,Fastball,Fastball,BallCalled,,,,0,0,,93.35,-1.77,0.02,2447.86,206.22,12:45,6.39,1.09,6.0,-17.57,15.85,5.94,3.27,1.61,83.31,-5.07,1.14,,,,,,,,,,,,,-3.26,9.36,-1.1,50.0,6.25,-0.24,-135.65,-4.75,-5.71,36.44,-15.79,YAK:NKUHOM:9e782613-0d72:0744411,YAK:THOMAS:9e782613-0d72:0936209,,,,b8025265-b0e8-4bba-9e12-d05e1860d054,792eeeb7-dab5-fd34-45c1-34ef9b5d4eba,93.63,6.4,1.1,-1.79,-0.03,83.54,3.27,1.61,-5.08,1.09,0.42,6.44,14.81,-46.99,83.05,1669.9,-1789.82,68.22,-0.61,-0.73,-0.3,,,,,,,,,,,,,,,,,1.0,,,,medium,high,15.26,9.94,54.5,"Marushi, Brady",YAK:MA:BR:9e782613-0d72:0325650,YAK:THOMAS:9e782613-0d72:0936209,2022-11,FALSE,,FALSE,,,,,,,,,,,,,,,,,,,,,,,,,,,,,,,,,,,,,,,,,,,,,,,,,
67,2026-09-15,16:17:55,5,1,"Dickhaut, Kaden",YAK:DI:KA:9e782613-0d72:0356234,Right,YAK:THOMAS:9e782613-0d72:0936209,"Ross, Jamir",YAK:RO:JA:9e782613-0d72:0618014,Right,YAK:NKUHOM:9e782613-0d72:0744411,Stretch,2,Bottom,1,0,0,Fastball,Fastball,Foul,,,,0,0,,92.74,-2.77,0.02,2381.98,205.46,12:45,6.48,0.31,6.0,-18.42,15.48,5.16,2.35,0.76,82.92,-6.21,0.99,,,,,,,,,,,,,-2.83,9.51,-0.32,50.0,6.25,-0.21,-134.67,-7.09,-4.89,35.75,-15.76,YAK:NKUHOM:9e782613-0d72:0744411,YAK:THOMAS:9e782613-0d72:0936209,,,,b8025265-b0e8-4bba-9e12-d05e1860d054,dcd72259-cd91-8e58-f5fc-796cb9e4fe35,93.02,6.48,0.32,-2.78,-0.03,83.15,2.35,0.76,-6.22,0.94,0.42,5.62,14.39,-48.6,0.28,1575.12,-1786.84,66.13,-0.6,-0.75,-0.28,,,,,,,,,,,,,,,,,0.91,,,,medium,high,90.25,-43.89,54.5,"Marushi, Brady",YAK:MA:BR:9e782613-0d72:0325650,YAK:THOMAS:9e782613-0d72:0936209,2022-11,FALSE,,FALSE,,,,,,,,,,,,,,,,,,,,,,,,,,,,,,,,,,,,,,,,,,,,,,,,,
68,2026-09-15,16:18:15,5,2,"Dickhaut, Kaden",YAK:DI:KA:9e782613-0d72:0356234,Right,YAK:THOMAS:9e782613-0d72:0936209,"Pomatto, Zach",YAK:PO:ZA:9e782613-0d72:0565973,Left,YAK:NKUHOM:9e782613-0d72:0744411,Stretch,2,Bottom,1,0,1,Fastball,Fastball,InPlay,,LineDrive,Double,0,0,,91.98,-1.84,-0.87,2519.51,200.78,12:45,6.56,0.25,6.0,-20.22,14.21,3.31,3.14,-0.29,82.15,-5.64,-0.25,,103.21,10.08,32.84,2093.72,9.46,,,168.3,,38.69,1.4,-2.14,8.48,-0.19,50.0,6.4,1.92,-133.64,-4.93,-3.63,35.33,-17.76,YAK:NKUHOM:9e782613-0d72:0744411,YAK:THOMAS:9e782613-0d72:0936209,,,,b8025265-b0e8-4bba-9e12-d05e1860d054,8ee07171-29bb-c938-7bf6-48ca758e4330,92.27,6.56,0.26,-1.85,-0.91,82.38,3.14,-0.29,-5.63,-0.29,0.42,3.73,13.0,-56.73,43.53,1382.22,-2106.51,54.86,-0.51,-0.84,-0.19,55.1,85.38,18.07,-0.86,-1.45,2.73,105.21,131.36,2.78,-29.42,-0.29,-0.1,0.31,-0.95,,,0.99,,0.99,58.9,medium,high,129.18,-1.15,54.5,"Marushi, Brady",YAK:MA:BR:9e782613-0d72:0325650,YAK:THOMAS:9e782613-0d72:0936209,2022-11,FALSE,,FALSE,,1.08,2,96.9,5,137.05,2,-0.04,5,-13.66,5,31.38,5,15.61,5,0.56,5,10.52,2,5.27,4,18.71,5,23.01,1,17.7,,-18.6,,15.1,,-10.3,,26.1,,18.4,,519.87,,881.8,,1239.57,,13,,36.8,,60.1,
69,2026-09-15,16:19:07,6,1,"Dickhaut, Kaden",YAK:DI:KA:9e782613-0d72:0356234,Right,YAK:THOMAS:9e782613-0d72:0936209,"Ross, Jamir",YAK:RO:JA:9e782613-0d72:0618014,Right,YAK:NKUHOM:9e782613-0d72:0744411,Stretch,2,Bottom,1,0,0,Sweeper,Curveball,BallCalled,,,,0,0,,78.67,0.33,1.93,2342.39,47.81,7:30,5.77,0.15,6.0,-55.72,-8.41,-13.5,1.44,0.84,70.64,-10.1,-0.63,,,,,,,,,,,,,8.17,-4.76,-0.3,50.0,5.77,-3.48,-114.27,-0.83,10.09,26.91,-38.05,YAK:NKUHOM:9e782613-0d72:0744411,YAK:THOMAS:9e782613-0d72:0936209,,,,b8025265-b0e8-4bba-9e12-d05e1860d054,b9f01384-3185-4e4f-de2d-9c72ecfa0660,78.84,5.76,0.15,0.5,1.94,70.74,1.45,0.84,-9.93,-0.61,0.49,-13.64,-11.94,-47.91,79.96,1569.95,-1738.4,67.02,0.45,-0.74,0.5,,,,,,,,,,,,,,,,,0.98,,,,medium,high,18.03,-53.86,54.5,"Marushi, Brady",YAK:MA:BR:9e782613-0d72:0325650,YAK:THOMAS:9e782613-0d72:0936209,2022-11,FALSE,,FALSE,,,,,,,,,,,,,,,,,,,,,,,,,,,,,,,,,,,,,,,,,,,,,,,,,
70,2026-09-15,16:19:24,6,2,"Dickhaut, Kaden",YAK:DI:KA:9e782613-0d72:0356234,Right,YAK:THOMAS:9e782613-0d72:0936209,"Ross, Jamir",YAK:RO:JA:9e782613-0d72:0618014,Right,YAK:NKUHOM:9e782613-0d72:0744411,Stretch,2,Bottom,1,1,0,Fastball,Fastball,InPlay,,GroundBall,Single,0,0,,89.1,-2.38,-0.42,2380.9,207.72,1:00,6.59,0.17,6.0,-20.39,16.31,6.23,2.65,0.3,79.69,-6.2,0.76,,69.19,3.87,-3.5,3420.01,,,,56.26,,-1.68,0.56,-3.58,9.83,-0.14,50.0,6.39,0.75,-129.42,-5.99,-5.7,32.98,-16.51,YAK:NKUHOM:9e782613-0d72:0744411,YAK:THOMAS:9e782613-0d72:0936209,,,,b8025265-b0e8-4bba-9e12-d05e1860d054,9587e1b5-e344-aab4-9b85-ca05725fecc1,89.37,6.59,0.18,-2.39,-0.47,79.91,2.65,0.3,-6.2,0.7,0.44,6.77,15.12,-46.24,50.32,1646.6,-1719.71,69.16,-0.61,-0.72,-0.32,-4.21,68.9,4.66,-0.26,2.65,2.87,-1.65,56.24,2.54,-11.03,-0.17,-0.64,-0.22,-0.74,,,0.77,,0.99,34.67,medium,high,44.71,-3.53,54.5,"Marushi, Brady",YAK:MA:BR:9e782613-0d72:0325650,YAK:THOMAS:9e782613-0d72:0936209,2022-11,FALSE,,FALSE,,0.94,5,92.42,4,146.28,1,-0.16,5,-4.24,4,28.26,5,4.31,3,0.59,5,26.47,0,7.4,5,26.6,3,28.85,0,16.6,,-0.3,,11.6,,-14.3,,16.6,,18.6,,679.52,,963.67,,959.27,,30.8,,38,,49.7,
71,2026-09-15,16:20:05,7,1,"Dickhaut, Kaden",YAK:DI:KA:9e782613-0d72:0356234,Right,YAK:THOMAS:9e782613-0d72:0936209,"Cornelli, Edoardo",YAK:CO:ED:9e782613-0d72:0063112,Left,YAK:NKUHOM:9e782613-0d72:0744411,Stretch,2,Bottom,1,0,0,Fastball,Fastball,StrikeCalled,,,,0,0,,89.68,-2.11,-0.98,2339.31,209.26,1:00,6.36,0.53,6.0,-19.54,16.68,7.05,2.75,0.2,80.15,-5.77,0.35,,,,,,,,,,,,,-4.23,9.94,-0.45,50,6.18,2.0,-130.27,-5.39,-6.83,33.4,-16.12,YAK:NKUHOM:9e782613-0d72:0744411,YAK:THOMAS:9e782613-0d72:0936209,,,,b8025265-b0e8-4bba-9e12-d05e1860d054,bf0c2815-e436-9d1b-28c4-5db8cb616d44,89.95,6.36,0.53,-2.13,-1.03,80.37,2.75,0.19,-5.78,0.29,0.43,7.61,15.55,-43.74,61.1,1690.17,-1617.31,72.25,-0.63,-0.69,-0.35,,,,,,,,,,,,,,,,,0.83,,,,medium,high,35.01,12.89,54.5,"Marushi, Brady",YAK:MA:BR:9e782613-0d72:0325650,YAK:THOMAS:9e782613-0d72:0936209,2022-11,FALSE,,FALSE,,,,,,,,,,,,,,,,,,,,,,,,,,,,,,,,,,,,,,,,,,,,,,,,,
72,2026-09-15,16:20:28,7,2,"Dickhaut, Kaden",YAK:DI:KA:9e782613-0d72:0356234,Right,YAK:THOMAS:9e782613-0d72:0936209,"Cornelli, Edoardo",YAK:CO:ED:9e782613-0d72:0063112,Left,YAK:NKUHOM:9e782613-0d72:0744411,Stretch,2,Bottom,1,0,1,Fastball,Fastball,BallCalled,,,,0,0,,90.31,-2.64,1.26,2460.72,207.76,1:00,6.75,0.69,6.0,-18.9,16.87,6.83,2.7,2.45,80.76,-6.17,2.55,,,,,,,,,,,,,-3.3,10.24,-0.8,50.0,6.54,-3.1,-131.12,-6.62,-5.39,33.99,-15.43,YAK:NKUHOM:9e782613-0d72:0744411,YAK:THOMAS:9e782613-0d72:0936209,,,,b8025265-b0e8-4bba-9e12-d05e1860d054,71af3284-29f9-21cb-4eb8-ab86de8e8126,90.58,6.76,0.7,-2.66,1.21,80.99,2.7,2.44,-6.18,2.49,0.43,7.37,15.75,-42.39,40.13,1817.44,-1658.92,73.86,-0.65,-0.67,-0.34,,,,,,,,,,,,,,,,,0.99,,,,medium,high,53.89,-35.06,54.5,"Marushi, Brady",YAK:MA:BR:9e782613-0d72:0325650,YAK:THOMAS:9e782613-0d72:0936209,2022-11,FALSE,,FALSE,,,,,,,,,,,,,,,,,,,,,,,,,,,,,,,,,,,,,,,,,,,,,,,,,
73,2026-09-15,16:20:44,7,3,"Dickhaut, Kaden",YAK:DI:KA:9e782613-0d72:0356234,Right,YAK:THOMAS:9e782613-0d72:0936209,"Cornelli, Edoardo",YAK:CO:ED:9e782613-0d72:0063112,Left,YAK:NKUHOM:9e782613-0d72:0744411,Stretch,2,Bottom,1,1,1,Fastball,Fastball,BallCalled,,,,0,0,,87.66,-1.63,-2.4,2373.97,205.19,12:45,6.15,0.65,6.0,-22.79,15.16,4.59,2.72,-1.22,78.34,-5.91,-1.53,,,,,,,,,,,,,-3.39,8.93,-0.46,50,6.01,5.19,-127.28,-4.31,-5.23,31.91,-18.41,YAK:NKUHOM:9e782613-0d72:0744411,YAK:THOMAS:9e782613-0d72:0936209,,,,b8025265-b0e8-4bba-9e12-d05e1860d054,6415a37e-9cef-6229-a8ce-15b8027f8a4b,87.93,6.16,0.65,-1.64,-2.45,78.56,2.72,-1.22,-5.9,-1.58,0.44,5.1,13.83,-54.38,23.35,1382.74,-1929.71,58.25,-0.53,-0.81,-0.25,,,,,,,,,,,,,,,,,0.99,,,,medium,high,68.98,20.31,54.5,"Marushi, Brady",YAK:MA:BR:9e782613-0d72:0325650,YAK:THOMAS:9e782613-0d72:0936209,2022-11,FALSE,,FALSE,,,,,,,,,,,,,,,,,,,,,,,,,,,,,,,,,,,,,,,,,,,,,,,,,
74,2026-09-15,16:21:09,7,4,"Dickhaut, Kaden",YAK:DI:KA:9e782613-0d72:0356234,Right,YAK:THOMAS:9e782613-0d72:0936209,"Cornelli, Edoardo",YAK:CO:ED:9e782613-0d72:0063112,Left,YAK:NKUHOM:9e782613-0d72:0744411,Stretch,2,Bottom,1,2,1,Fastball,Fastball,FoulTip,,,,0,0,,87.33,-3.12,-1.91,2270.31,207.37,1:00,6.47,0.62,6.0,-24.26,14.01,4.06,1.51,-0.83,78.3,-7.66,-1.14,,,,,,,,,,,,,-2.92,8.83,-0.47,50.0,6.21,4.09,-126.71,-7.64,-4.46,31.52,-18.68,YAK:NKUHOM:9e782613-0d72:0744411,YAK:THOMAS:9e782613-0d72:0936209,,,,b8025265-b0e8-4bba-9e12-d05e1860d054,853cc0af-8b45-81b4-76ae-57c307186b4a,87.6,6.47,0.62,-3.12,-1.96,78.51,1.51,-0.84,-7.64,-1.19,0.45,4.56,12.6,-56.62,2.86,1249.25,-1895.69,55.03,-0.49,-0.83,-0.25,,,,,,,,,,,,,,,,,0.92,,,,medium,high,92.58,-31.47,54.5,"Marushi, Brady",YAK:MA:BR:9e782613-0d72:0325650,YAK:THOMAS:9e782613-0d72:0936209,2022-11,FALSE,,FALSE,,,,,,,,,,,,,,,,,,,,,,,,,,,,,,,,,,,,,,,,,,,,,,,,,
75,2026-09-15,16:21:30,7,5,"Dickhaut, Kaden",YAK:DI:KA:9e782613-0d72:0356234,Right,YAK:THOMAS:9e782613-0d72:0936209,"Cornelli, Edoardo",YAK:CO:ED:9e782613-0d72:0063112,Left,YAK:NKUHOM:9e782613-0d72:0744411,Stretch,2,Bottom,1,2,2,Changeup,Fastball,BallCalled,,,,0,0,,85.87,-3.46,-1.33,1556.63,223.39,1:30,6.26,1.11,6.0,-24.43,15.15,11.24,0.97,0.8,77.07,-8.01,0.79,,,,,,,,,,,,,-6.66,9.57,-1.02,50.0,5.97,2.56,-124.59,-8.25,-9.84,30.39,-18.02,YAK:NKUHOM:9e782613-0d72:0744411,YAK:THOMAS:9e782613-0d72:0936209,,,,b8025265-b0e8-4bba-9e12-d05e1860d054,8c99f893-ff24-7442-b0e3-87e689055df8,86.12,6.26,1.12,-3.46,-1.4,77.27,0.97,0.8,-8.0,0.72,0.45,11.94,13.73,-25.61,28.81,1403.71,-672.83,90.18,-0.66,-0.43,-0.62,,,,,,,,,,,,,,,,,0.99,,,,medium,high,64.07,-23.59,54.5,"Marushi, Brady",YAK:MA:BR:9e782613-0d72:0325650,YAK:THOMAS:9e782613-0d72:0936209,2022-11,FALSE,,FALSE,,,,,,,,,,,,,,,,,,,,,,,,,,,,,,,,,,,,,,,,,,,,,,,,,
76,2026-09-15,16:21:47,8,1,"Dickhaut, Kaden",YAK:DI:KA:9e782613-0d72:0356234,Right,YAK:THOMAS:9e782613-0d72:0936209,"Cornelli, Edoardo",YAK:WA:JA:9e782613-0d72:0732082,Right,YAK:NKUHOM:9e782613-0d72:0744411,Stretch,2,Bottom,1,0,0,Fastball,Fastball,InPlay,,GroundBall,Single,0,1,,89.93,-2.94,-0.99,2299.41,203.06,12:45,6.72,0.35,6.0,-19.64,16.4,4.63,2.32,-0.19,80.5,-6.62,-0.11,,,,,,,,,,,,,-2.9,10.08,-0.28,50.0,6.48,2.11,-130.56,-7.32,-4.71,33.41,-15.81,YAK:NKUHOM:9e782613-0d72:0744411,YAK:THOMAS:9e782613-0d72:0936209,,,,b8025265-b0e8-4bba-9e12-d05e1860d054,96bac267-e817-bf23-21eb-3ff4883758a7,90.21,6.72,0.35,-2.96,-1.03,80.72,2.32,-0.19,-6.62,-0.16,0.43,5.07,15.25,-47.73,24.89,1546.71,-1701.46,67.27,-0.62,-0.74,-0.26,,,,,,,,,,,,,,,,,0.98,,,,medium,high,67.6,-67.06,54.5,"Marushi, Brady",YAK:MA:BR:9e782613-0d72:0325650,YAK:THOMAS:9e782613-0d72:0936209,2022-11,FALSE,,FALSE,,,,,,,,,,,,,,,,,,,,,,,,,,,,,,,,,,,,,,,,,,,,,,,,,
77,2026-09-15,16:22:30,9,2,"Dickhaut, Kaden",YAK:DI:KA:9e782613-0d72:0356234,Right,YAK:THOMAS:9e782613-0d72:0936209,"Bauerle, Pierce",YAK:BA:PI:9e782613-0d72:0971625,Right,YAK:NKUHOM:9e782613-0d72:0744411,Stretch,2,Bottom,1,0,1,Fastball,Fastball,StrikeCalled,,,,0,0,,91.11,-3.8,-0.5,2225.17,209.81,1:00,6.73,0.24,6.0,-18.5,16.66,6.95,1.62,0.35,81.63,-7.25,0.81,,,,,,,,,,,,,-4.0,10.52,-0.21,50.0,6.42,0.94,-132.17,-9.36,-6.66,34.15,-14.66,YAK:NKUHOM:9e782613-0d72:0744411,YAK:THOMAS:9e782613-0d72:0936209,,,,b8025265-b0e8-4bba-9e12-d05e1860d054,8dfd2f01-7da0-ef8f-1ef7-d9743a07ed80,91.38,6.73,0.25,-3.82,-0.56,81.86,1.62,0.35,-7.26,0.75,0.43,7.48,15.6,-41.3,7.35,1671.61,-1468.7,75.12,-0.65,-0.66,-0.37,,,,,,,,,,,,,,,,,1.0,,,,medium,high,96.62,-15.6,54.5,"Marushi, Brady",YAK:MA:BR:9e782613-0d72:0325650,YAK:THOMAS:9e782613-0d72:0936209,2022-11,FALSE,,FALSE,,,,,,,,,,,,,,,,,,,,,,,,,,,,,,,,,,,,,,,,,,,,,,,,,
78,2026-09-15,16:22:53,9,3,"Dickhaut, Kaden",YAK:DI:KA:9e782613-0d72:0356234,Right,YAK:THOMAS:9e782613-0d72:0936209,"Bauerle, Pierce",YAK:BA:PI:9e782613-0d72:0971625,Right,YAK:NKUHOM:9e782613-0d72:0744411,Stretch,2,Bottom,1,0,2,Fastball,Fastball,StrikeCalled,,,,1,0,,92.4,-2.78,-0.2,2371.27,196.95,12:30,6.82,0.6,6.0,-18.21,15.94,2.9,2.69,0.66,82.62,-6.19,0.35,,,,,,,,,,,,,-1.66,9.77,-0.59,50.0,6.59,0.37,-134.17,-7.08,-2.85,35.42,-15.44,YAK:NKUHOM:9e782613-0d72:0744411,YAK:THOMAS:9e782613-0d72:0936209,,,,b8025265-b0e8-4bba-9e12-d05e1860d054,a5d9ee3f-3c4f-d01e-54bb-df7a6d87491e,92.68,6.82,0.6,-2.79,-0.23,82.85,2.69,0.65,-6.19,0.31,0.42,3.24,14.84,-50.3,92.52,1514.74,-1824.42,63.88,-0.61,-0.77,-0.19,,,,,,,,,,,,,,,,,0.99,,,,medium,high,6.73,69.95,54.5,"Marushi, Brady",YAK:MA:BR:9e782613-0d72:0325650,YAK:THOMAS:9e782613-0d72:0936209,2022-11,FALSE,,FALSE,,,,,,,,,,,,,,,,,,,,,,,,,,,,,,,,,,,,,,,,,,,,,,,,,
79,2026-09-15,16:23:10,10,1,"Dickhaut, Kaden",YAK:DI:KA:9e782613-0d72:0356234,Right,YAK:THOMAS:9e782613-0d72:0936209,"Bauerle, Pierce",YAK:BA:PI:9e782613-0d72:0971625,Right,YAK:NKUHOM:9e782613-0d72:0744411,Stretch,2,Bottom,2,0,0,Sweeper,Curveball,BallCalled,,,,0,0,,82.51,-1.35,0.68,2414.0,44.14,7:30,5.67,0.47,6.0,-50.35,-7.31,-11.64,0.21,0.14,74.19,-10.75,-1.52,,,,,,,,,,,,,6.68,-3.51,-0.51,50.0,5.54,-1.11,-119.86,-4.24,9.06,29.88,-36.93,YAK:NKUHOM:9e782613-0d72:0744411,YAK:THOMAS:9e782613-0d72:0936209,,,,b8025265-b0e8-4bba-9e12-d05e1860d054,9fcf2958-0793-9896-760d-ac5a3f8f68a5,82.69,5.66,0.46,-1.2,0.69,74.31,0.22,0.14,-10.59,-1.51,0.47,-11.67,-10.56,-55.1,62.19,1381.12,-1979.88,57.21,0.41,-0.82,0.4,,,,,,,,,,,,,,,,,0.92,,,,medium,high,34.03,-89.12,54.5,"Marushi, Brady",YAK:MA:BR:9e782613-0d72:0325650,YAK:THOMAS:9e782613-0d72:0936209,2022-11,FALSE,,FALSE,,,,,,,,,,,,,,,,,,,,,,,,,,,,,,,,,,,,,,,,,,,,,,,,,
80,2026-09-15,16:23:30,10,2,"Dickhaut, Kaden",YAK:DI:KA:9e782613-0d72:0356234,Right,YAK:THOMAS:9e782613-0d72:0936209,"Bauerle, Pierce",YAK:BA:PI:9e782613-0d72:0971625,Right,YAK:NKUHOM:9e782613-0d72:0744411,Stretch,2,Bottom,2,1,0,Fastball,Fastball,InPlay,,GroundBall,Single,1,0,,93.1,-4.17,-0.67,2303.53,204.51,12:45,6.63,0.34,6.0,-18.29,15.41,4.32,1.19,0.06,83.43,-7.58,0.14,,,,,,,,,,,,,-2.62,9.97,-0.29,50,6.3,1.45,-135.0,-10.43,-4.55,35.63,-14.86,YAK:NKUHOM:9e782613-0d72:0744411,YAK:THOMAS:9e782613-0d72:0936209,,,,b8025265-b0e8-4bba-9e12-d05e1860d054,b29bcdd5-a7b4-21de-71d9-a3ddfce269a9,93.38,6.64,0.34,-4.19,-0.72,83.66,1.19,0.06,-7.58,0.1,0.42,4.74,14.35,-49.54,71.59,1494.75,-1752.7,64.89,-0.59,-0.76,-0.27,,,,,,,,,,,,,,,,,0.99,,,,medium,high,25.57,86.65,54.5,"Marushi, Brady",YAK:MA:BR:9e782613-0d72:0325650,YAK:THOMAS:9e782613-0d72:0936209,2022-11,FALSE,,FALSE,,,,,,,,,,,,,,,,,,,,,,,,,,,,,,,,,,,,,,,,,,,,,,,,,
,2026-09-15,16:24:45,,,,,,,,,,,,,,,,,,Fastball,,,,,,,,86.96,-2.26,4.94,2074.05,136.33,10:30,6.59,-3.09,6.0,-21.0,17.69,-13.74,2.71,0.41,77.78,-6.19,2.36,,,,,,,,,,,,,9.29,10.52,2.71,50,6.4,-10.47,-125.89,-5.6,14.06,30.49,-16.25,,,,,,,122e6165-7f63-653a-8bf9-614ad0540196,87.22,6.59,-3.1,-2.27,5.02,77.99,2.71,0.42,-6.19,2.45,0.45,-14.56,16.59,22.05,64.81,1922.35,778.61,92.69,-0.67,0.38,0.64,,,,,,,,,,,,,,,,,0.97,,,,medium,high,31.67,-86.47,54.5,,,,2022-11,FALSE,,FALSE,,,,,,,,,,,,,,,,,,,,,,,,,,,,,,,,,,,,,,,,,,,,,,,,,
,2026-09-15,16:25:00,,,,,,,,,,,,,,,,,,Fastball,,,,,,,,86.83,-2.19,4.25,2197.2,137.18,10:30,6.64,-2.99,6.0,-20.23,18.51,-14.34,2.9,-0.19,77.66,-5.98,1.56,,,,,,,,,,,,,9.38,10.95,2.66,50.0,6.46,-8.93,-125.83,-5.42,14.18,30.53,-15.63,,,,,,,9f136b3f-28fa-d6d9-18f1-5c81ddba7f0d,87.09,6.65,-3.0,-2.21,4.34,77.86,2.9,-0.18,-5.99,1.65,0.45,-15.17,17.42,17.83,79.52,2091.71,672.64,95.2,-0.7,0.31,0.65,,,,,,,,,,,,,,,,,0.99,,,,medium,high,18.43,44.99,54.5,,,,2022-11,FALSE,,FALSE,,,,,,,,,,,,,,,,,,,,,,,,,,,,,,,,,,,,,,,,,,,,,,,,,
,2026-09-15,16:25:14,,,,,,,,,,,,,,,,,,Fastball,,,,,,,,87.51,-0.73,4.24,2237.11,136.74,10:30,6.71,-2.66,6.0,-19.93,18.22,-14.46,4.35,0.12,78.02,-4.48,1.52,,,,,,,,,,,,,9.46,10.28,2.34,50.0,6.64,-8.97,-126.87,-2.22,14.52,31.35,-16.4,,,,,,,9c4c3249-55fb-7f01-c4ef-be22a6c30d7d,87.77,6.71,-2.67,-0.76,4.33,78.24,4.35,0.12,-4.49,1.61,0.44,-15.31,17.12,19.75,67.86,2105.58,755.78,94.12,-0.69,0.34,0.65,,,,,,,,,,,,,,,,,0.99,,,,medium,high,28.93,-75.16,54.5,,,,2022-11,FALSE,,FALSE,,,,,,,,,,,,,,,,,,,,,,,,,,,,,,,,,,,,,,,,,,,,,,,,,
,2026-09-15,16:25:27,,,,,,,,,,,,,,,,,,Slider,,,,,,,,74.64,3.3,-0.17,2303.25,298.95,4:00,6.4,-2.72,6.0,-55.73,-3.12,12.42,4.85,-1.84,66.58,-7.18,2.18,,,,,,,,,,,,,-6.9,-2.96,2.72,50.0,6.63,0.0,-108.3,4.84,-7.67,23.89,-35.46,,,,,,,c5de998a-fd8e-5ece-1b8e-0d25e38066ef,74.83,6.38,-2.72,3.46,-0.17,66.7,4.87,-1.84,-7.02,2.17,0.52,12.4,-6.69,56.71,65.3,1264.26,1925.25,54.89,0.27,0.84,-0.48,,,,,,,,,,,,,,,,,0.99,,,,medium,high,31.23,-83.83,54.5,,,,2022-11,FALSE,,FALSE,,,,,,,,,,,,,,,,,,,,,,,,,,,,,,,,,,,,,,,,,,,,,,,,,
,2026-09-15,16:25:38,,,,,,,,,,,,,,,,,,Curveball,,,,,,,,75.35,1.22,2.68,2297.62,308.31,4:15,6.11,-2.38,6.0,-54.83,-3.12,10.94,2.69,1.05,67.55,-9.05,4.74,,,,,,,,,,,,,-5.0,-2.19,2.16,50.0,6.18,-5.39,-109.35,0.94,-5.64,24.85,-34.64,,,,,,,33c82c55-e3cd-0737-7352-354ee95df74f,75.53,6.1,-2.38,1.37,2.69,67.66,2.7,1.05,-8.89,4.75,0.52,10.81,-6.73,60.41,59.51,1134.5,1997.99,49.38,0.31,0.87,-0.39,,,,,,,,,,,,,,,,,0.99,,,,medium,high,36.44,39.98,54.5,,,,2022-11,FALSE,,FALSE,,,,,,,,,,,,,,,,,,,,,,,,,,,,,,,,,,,,,,,,,,,,,,,,,
,2026-09-15,16:25:50,,,,,,,,,,,,,,,,,,Fastball,,,,,,,,88.07,-3.25,5.06,2262.78,136.16,10:30,6.47,-3.25,6.0,-19.57,18.2,-14.17,1.77,0.33,78.89,-6.91,2.41,,,,,,,,,,,,,9.55,11.14,2.86,50.0,6.2,-10.85,-127.37,-7.85,14.81,30.98,-14.91,,,,,,,5d93a9ae-804b-0867-bc87-afad175e03f0,88.33,6.47,-3.26,-3.28,5.15,79.09,1.77,0.34,-6.92,2.49,0.44,-15.01,17.21,21.82,67.05,2100.7,840.97,92.84,-0.67,0.37,0.64,,,,,,,,,,,,,,,,,0.99,,,,medium,high,29.66,-85.2,54.5,,,,2022-11,FALSE,,FALSE,,,,,,,,,,,,,,,,,,,,,,,,,,,,,,,,,,,,,,,,,,,,,,,,,
,2026-09-15,16:26:02,,,,,,,,,,,,,,,,,,Changeup,,,,,,,,79.45,-1.53,3.43,1636.65,109.0,9:45,6.21,-4.1,6.0,-37.09,9.18,-19.59,1.69,-2.51,71.34,-8.46,-0.26,,,,,,,,,,,,,12.01,5.6,3.84,50.0,6.07,-6.38,-115.27,-4.08,15.19,26.14,-25.09,,,,,,,8281ebc9-a280-4146-bcf9-8345fcc0d97c,79.66,6.21,-4.11,-1.47,3.53,71.49,1.69,-2.5,-8.39,-0.16,0.49,-20.52,6.98,-11.69,17.22,1602.72,-331.53,97.93,-0.32,-0.2,0.93,,,,,,,,,,,,,,,,,1.0,,,,medium,high,74.51,-55.97,54.5,,,,2022-11,FALSE,,FALSE,,,,,,,,,,,,,,,,,,,,,,,,,,,,,,,,,,,,,,,,,,,,,,,,,
,2026-09-15,16:26:19,,,,,,,,,,,,,,,,,,Fastball,,,,,,,,87.17,-2.05,3.83,2162.51,135.91,10:30,6.64,-3.01,6.0,-20.41,18.01,-14.62,3.01,-0.63,77.94,-5.87,1.08,,83.81,9.26,-1.39,1771.8,6.73,,,145.62,,3.03,1.89,9.4,10.63,2.72,50.0,6.47,-8.03,-126.39,-5.13,14.32,30.92,-15.98,,,,,,,cfb7dd75-aa70-2dd8-b532-37006b9090b2,87.43,6.64,-3.02,-2.07,3.92,78.14,3.01,-0.62,-5.88,1.17,0.45,-15.47,16.89,17.09,61.66,2067.01,635.54,95.58,-0.69,0.29,0.67,-2.0,82.69,13.48,0.92,-38.78,-0.82,7.7,145.42,9.44,57.89,0.3,0.87,0.19,-0.46,,,0.99,,1.0,47.72,medium,high,34.5,-78.89,54.5,,,,2022-11,FALSE,,FALSE,,,,,,,,,,,,,,,,,,,,,,,,,,,,,,,,,,,,,,,,,,,,,,,,,
81,2026-09-15,16:26:57,1,1,"Lange, Tannis",YAK:LA:TA:9e782613-0d72:0411619,Right,YAK:NKUHOM:9e782613-0d72:0744411,"Bosio, Theo",YAK:MA:BR:9e782613-0d72:0325650,Right,YAK:THOMAS:9e782613-0d72:0936209,,3,Top,0,0,0,,Fastball,,,,,,,,89.82,-2.97,4.44,2228.39,141.09,10:45,6.53,-2.79,6.0,-16.91,19.34,-13.18,2.32,0.29,80.35,-6.13,1.97,,,,,,,,,,,,,8.8,11.67,2.45,50.0,6.29,-9.7,-130.05,-7.28,14.22,32.46,-13.32,YAK:NKUHOM:9e782613-0d72:0744411,YAK:THOMAS:9e782613-0d72:0936209,,,,b8025265-b0e8-4bba-9e12-d05e1860d054,b238b5a9-0a58-f191-e415-b609889548eb,90.08,6.53,-2.8,-3.0,4.52,80.56,2.32,0.3,-6.15,2.05,0.43,-13.93,18.44,16.96,77.22,2131.48,650.02,95.65,-0.74,0.29,0.6,,,,,,,,,,,,,,,,,0.99,,,,medium,high,20.51,56.96,54.5,"Turner, Tyler",YAK:TU:TY:9e782613-0d72:0703730,YAK:NKUHOM:9e782613-0d72:0744411,2022-11,FALSE,,FALSE,,,,,,,,,,,,,,,,,,,,,,,,,,,,,,,,,,,,,,,,,,,,,,,,,
82,2026-09-15,16:27:16,1,2,"Lange, Tannis",YAK:LA:TA:9e782613-0d72:0411619,Right,YAK:NKUHOM:9e782613-0d72:0744411,"Bosio, Theo",YAK:MA:BR:9e782613-0d72:0325650,Right,YAK:THOMAS:9e782613-0d72:0936209,,3,Top,0,0,1,,Fastball,,,,,,,,88.56,-3.02,2.92,2283.48,143.01,10:45,6.58,-2.82,6.0,-17.48,19.72,-12.47,2.28,-1.11,79.26,-6.29,0.58,,,,,,,,,,,,,7.89,11.91,2.59,50.0,6.33,-6.18,-128.43,-7.31,12.42,31.87,-13.43,YAK:NKUHOM:9e782613-0d72:0744411,YAK:THOMAS:9e782613-0d72:0936209,,,,b8025265-b0e8-4bba-9e12-d05e1860d054,f8b0ae03-eeb1-3c6c-050d-e57b5e4cac8e,88.82,6.58,-2.82,-3.05,3.0,79.48,2.28,-1.1,-6.31,0.65,0.44,-13.2,18.77,19.26,87.51,2155.7,753.14,94.4,-0.75,0.33,0.57,,,,,,,,,,,,,,,,,1.0,,,,medium,high,11.24,20.93,54.5,"Turner, Tyler",YAK:TU:TY:9e782613-0d72:0703730,YAK:NKUHOM:9e782613-0d72:0744411,2022-11,FALSE,,FALSE,,,,,,,,,,,,,,,,,,,,,,,,,,,,,,,,,,,,,,,,,,,,,,,,,
83,2026-09-15,16:27:37,1,3,"Lange, Tannis",YAK:LA:TA:9e782613-0d72:0411619,Right,YAK:NKUHOM:9e782613-0d72:0744411,"Bosio, Theo",YAK:MA:BR:9e782613-0d72:0325650,Right,YAK:THOMAS:9e782613-0d72:0936209,,3,Top,0,0,2,,Fastball,,,,,,,,89.72,-0.79,3.24,2226.16,139.95,10:45,6.55,-3.09,6.0,-17.46,18.76,-13.6,4.35,-1.18,79.97,-4.08,0.68,,,,,,,,,,,,,8.64,10.6,2.84,50.0,6.48,-6.95,-130.23,-2.33,13.95,33.23,-15.05,YAK:NKUHOM:9e782613-0d72:0744411,YAK:THOMAS:9e782613-0d72:0936209,,,,b8025265-b0e8-4bba-9e12-d05e1860d054,bdc83947-9c24-1d85-8cb7-d3ac301e4e24,89.99,6.56,-3.1,-0.82,3.32,80.18,4.35,-1.18,-4.09,0.76,0.43,-14.39,17.76,17.17,58.53,2126.9,657.34,95.54,-0.73,0.3,0.61,,,,,,,,,,,,,,,,,0.98,,,,medium,high,37.33,-8.63,54.5,"Turner, Tyler",YAK:TU:TY:9e782613-0d72:0703730,YAK:NKUHOM:9e782613-0d72:0744411,2022-11,FALSE,,FALSE,,,,,,,,,,,,,,,,,,,,,,,,,,,,,,,,,,,,,,,,,,,,,,,,,
84,2026-09-15,16:27:56,1,4,"Lange, Tannis",YAK:LA:TA:9e782613-0d72:0411619,Right,YAK:NKUHOM:9e782613-0d72:0744411,"Bosio, Theo",YAK:MA:BR:9e782613-0d72:0325650,Right,YAK:THOMAS:9e782613-0d72:0936209,,3,Top,0,1,2,Slider,Slider,InPlay,,GroundBall,Out,1,0,,77.23,-0.06,2.3,2336.91,305.51,4:15,6.49,-2.36,6.0,-51.22,-2.05,10.46,2.17,0.68,69.35,-9.63,4.28,,,,,,,,,,,,,-4.88,-1.11,2.17,50.0,6.46,-4.78,-112.13,-1.45,-5.8,26.09,-33.49,YAK:NKUHOM:9e782613-0d72:0744411,YAK:THOMAS:9e782613-0d72:0936209,,,,b8025265-b0e8-4bba-9e12-d05e1860d054,e0c62124-8307-b998-25f2-c993eecfead6,77.42,6.48,-2.36,0.08,2.32,69.48,2.18,0.68,-9.48,4.28,0.5,10.33,-5.42,64.33,59.02,1012.16,2106.34,43.31,0.25,0.9,-0.35,,,,,,,,,,,,,,,,,1.0,,,,medium,high,36.88,78.46,54.5,"Turner, Tyler",YAK:TU:TY:9e782613-0d72:0703730,YAK:NKUHOM:9e782613-0d72:0744411,2022-11,FALSE,,FALSE,,,,,,,,,,,,,,,,,,,,,,,,,,,,,,,,,,,,,,,,,,,,,,,,,
85,2026-09-15,16:28:39,2,1,"Lange, Tannis",YAK:LA:TA:9e782613-0d72:0411619,Right,YAK:NKUHOM:9e782613-0d72:0744411,"Mann, Ian",YAK:MA:BR:9e782613-0d72:0325650,Right,YAK:THOMAS:9e782613-0d72:0936209,,3,Top,1,0,0,,Fastball,,,,,,,,89.79,-3.9,4.28,2230.12,139.99,10:45,6.52,-2.77,6.0,-17.07,19.23,-13.59,1.42,0.12,80.46,-7.09,1.73,,,,,,,,,,,,,8.96,11.93,2.44,50.0,6.21,-9.3,-129.91,-9.41,14.45,32.21,-12.92,YAK:NKUHOM:9e782613-0d72:0744411,YAK:THOMAS:9e782613-0d72:0936209,,,,b8025265-b0e8-4bba-9e12-d05e1860d054,cca77ede-33b2-0731-9568-5ca6396dc9ea,90.05,6.53,-2.78,-3.93,4.36,80.67,1.42,0.12,-7.11,1.81,0.43,-14.36,18.35,15.28,86.57,2151.27,587.78,96.46,-0.74,0.26,0.62,,,,,,,,,,,,,,,,,1.0,,,,medium,high,12.09,37.48,54.5,"Turner, Tyler",YAK:TU:TY:9e782613-0d72:0703730,YAK:NKUHOM:9e782613-0d72:0744411,2022-11,FALSE,,FALSE,,,,,,,,,,,,,,,,,,,,,,,,,,,,,,,,,,,,,,,,,,,,,,,,,
86,2026-09-15,16:28:56,2,2,"Lange, Tannis",YAK:LA:TA:9e782613-0d72:0411619,Right,YAK:NKUHOM:9e782613-0d72:0744411,"Mann, Ian",YAK:MA:BR:9e782613-0d72:0325650,Right,YAK:THOMAS:9e782613-0d72:0936209,,3,Top,1,1,0,,Slider,,,,,,,,77.03,2.04,1.3,2303.35,301.72,4:00,6.36,-2.03,6.0,-53.07,-3.69,12.98,3.86,0.27,68.87,-7.92,3.75,,,,,,,,,,,,,-6.65,-2.81,1.92,50.0,6.49,-2.89,-111.85,2.61,-7.87,25.82,-35.5,YAK:NKUHOM:9e782613-0d72:0744411,YAK:THOMAS:9e782613-0d72:0936209,,,,b8025265-b0e8-4bba-9e12-d05e1860d054,e5d29927-d123-ed66-84fa-8cdce683b5e5,77.22,6.35,-2.03,2.19,1.3,68.99,3.87,0.27,-7.76,3.74,0.51,13.04,-7.15,54.46,65.87,1338.88,1874.25,58.13,0.31,0.81,-0.49,,,,,,,,,,,,,,,,,0.99,,,,medium,high,30.71,76.38,54.5,"Turner, Tyler",YAK:TU:TY:9e782613-0d72:0703730,YAK:NKUHOM:9e782613-0d72:0744411,2022-11,FALSE,,FALSE,,,,,,,,,,,,,,,,,,,,,,,,,,,,,,,,,,,,,,,,,,,,,,,,,
87,2026-09-15,16:29:15,2,3,"Lange, Tannis",YAK:LA:TA:9e782613-0d72:0411619,Right,YAK:NKUHOM:9e782613-0d72:0744411,"Mann, Ian",YAK:MA:BR:9e782613-0d72:0325650,Right,YAK:THOMAS:9e782613-0d72:0936209,,3,Top,1,2,0,,Fastball,,,,,,,,89.66,-2.57,5.96,2309.19,138.15,10:30,6.37,-3.04,6.0,-17.81,18.7,-13.71,2.46,1.44,80.15,-5.9,3.4,,,,,,,,,,,,,9.62,11.17,2.58,50.0,6.15,-13.11,-129.55,-6.38,15.43,32.06,-14.25,YAK:NKUHOM:9e782613-0d72:0744411,YAK:THOMAS:9e782613-0d72:0936209,,,,b8025265-b0e8-4bba-9e12-d05e1860d054,2c0d9fc0-a358-3098-0fab-bacccd031f22,89.92,6.37,-3.05,-2.59,6.05,80.36,2.46,1.44,-5.92,3.48,0.43,-14.52,17.81,22.61,86.46,2131.64,887.94,92.31,-0.69,0.38,0.62,,,,,,,,,,,,,,,,,0.99,,,,medium,high,12.18,57.27,54.5,"Turner, Tyler",YAK:TU:TY:9e782613-0d72:0703730,YAK:NKUHOM:9e782613-0d72:0744411,2022-11,FALSE,,FALSE,,,,,,,,,,,,,,,,,,,,,,,,,,,,,,,,,,,,,,,,,,,,,,,,,
88,2026-09-15,16:29:34,2,4,"Lange, Tannis",YAK:LA:TA:9e782613-0d72:0411619,Right,YAK:NKUHOM:9e782613-0d72:0744411,"Mann, Ian",YAK:MA:BR:9e782613-0d72:0325650,Right,YAK:THOMAS:9e782613-0d72:0936209,,3,Top,1,3,0,Fastball,Fastball,BallCalled,,,Walk,0,0,,89.3,-4.93,5.27,2259.97,136.99,10:30,6.72,-3.06,6.0,-17.98,18.89,-14.59,0.56,0.69,80.18,-8.28,2.54,,,,,,,,,,,,,9.83,12.08,2.65,50.0,6.32,-11.45,-128.85,-11.71,15.63,31.32,-12.98,YAK:NKUHOM:9e782613-0d72:0744411,YAK:THOMAS:9e782613-0d72:0936209,,,,b8025265-b0e8-4bba-9e12-d05e1860d054,bc7039ad-6650-f127-6c0d-e613bf605f84,89.55,6.72,-3.06,-4.95,5.36,80.38,0.56,0.7,-8.29,2.63,0.44,-15.42,18.02,15.05,60.96,2182.41,586.97,96.57,-0.71,0.26,0.66,,,,,,,,,,,,,,,,,1.0,,,,medium,high,35.13,3.96,54.5,"Turner, Tyler",YAK:TU:TY:9e782613-0d72:0703730,YAK:NKUHOM:9e782613-0d72:0744411,2022-11,FALSE,,FALSE,,,,,,,,,,,,,,,,,,,,,,,,,,,,,,,,,,,,,,,,,,,,,,,,,
89,2026-09-15,16:30:10,3,1,"Lange, Tannis",YAK:LA:TA:9e782613-0d72:0411619,Right,YAK:NKUHOM:9e782613-0d72:0744411,"Resing, Matt",YAK:MA:BR:9e782613-0d72:0325650,Right,YAK:THOMAS:9e782613-0d72:0936209,,3,Top,1,0,0,,Cutter,,,,,,,,81.72,0.68,2.7,2376.13,187.15,12:15,6.41,-2.42,6.0,-36.23,7.55,1.55,4.03,0.24,72.94,-6.13,3.0,,,,,,,,,,,,,0.15,3.9,2.21,50.0,6.44,-5.64,-118.64,0.41,0.19,28.32,-26.96,YAK:NKUHOM:9e782613-0d72:0744411,YAK:THOMAS:9e782613-0d72:0936209,,,,b8025265-b0e8-4bba-9e12-d05e1860d054,cbd7efd1-dde2-fbb1-04a8-156bc39a884a,81.97,6.4,-2.43,0.74,2.75,73.13,4.03,0.25,-6.05,3.04,0.48,1.12,5.3,80.68,7.77,384.72,2344.78,16.19,-0.16,0.99,-0.02,,,,,,,,,,,,,,,,,1.0,,,,medium,high,96.99,-29.27,54.5,"Turner, Tyler",YAK:TU:TY:9e782613-0d72:0703730,YAK:NKUHOM:9e782613-0d72:0744411,2022-11,FALSE,,FALSE,,,,,,,,,,,,,,,,,,,,,,,,,,,,,,,,,,,,,,,,,,,,,,,,,
90,2026-09-15,16:30:52,3,2,"Lange, Tannis",YAK:LA:TA:9e782613-0d72:0411619,Right,YAK:NKUHOM:9e782613-0d72:0744411,"Resing, Matt",YAK:MA:BR:9e782613-0d72:0325650,Right,YAK:THOMAS:9e782613-0d72:0936209,,3,Top,1,1,0,,Fastball,,,,,,,,89.24,-2.45,4.62,2300.93,136.96,10:30,6.62,-3.26,6.0,-18.39,18.34,-14.21,2.78,-0.1,79.78,-5.89,1.95,,,,,,,,,,,,,9.44,10.94,2.91,50.0,6.41,-10.01,-129.22,-6.1,15.05,32.12,-14.73,YAK:NKUHOM:9e782613-0d72:0744411,YAK:THOMAS:9e782613-0d72:0936209,,,,b8025265-b0e8-4bba-9e12-d05e1860d054,6557fef8-804d-3666-eb9a-98ae72fabb94,89.5,6.62,-3.27,-2.48,4.71,79.99,2.78,-0.1,-5.91,2.04,0.44,-15.05,17.38,20.5,52.64,2155.17,805.91,93.67,-0.68,0.35,0.64,,,,,,,,,,,,,,,,,0.98,,,,medium,high,42.63,-1.66,54.5,"Turner, Tyler",YAK:TU:TY:9e782613-0d72:0703730,YAK:NKUHOM:9e782613-0d72:0744411,2022-11,FALSE,,FALSE,,,,,,,,,,,,,,,,,,,,,,,,,,,,,,,,,,,,,,,,,,,,,,,,,
91,2026-09-15,16:31:15,3,3,"Lange, Tannis",YAK:LA:TA:9e782613-0d72:0411619,Right,YAK:NKUHOM:9e782613-0d72:0744411,"Resing, Matt",YAK:MA:BR:9e782613-0d72:0325650,Right,YAK:THOMAS:9e782613-0d72:0936209,,3,Top,1,1,1,,Fastball,,,,,,,,91.01,-1.43,2.49,2378.25,140.27,10:45,6.77,-3.1,6.0,-16.34,18.84,-13.46,4.07,-1.88,81.18,-4.5,-0.04,,,,,,,,,,,,,8.3,10.88,2.91,50.0,6.65,-5.34,-132.15,-3.81,13.8,34.24,-14.09,YAK:NKUHOM:9e782613-0d72:0744411,YAK:THOMAS:9e782613-0d72:0936209,,,,b8025265-b0e8-4bba-9e12-d05e1860d054,c2f3bacb-0c78-9d7b-1f8b-c5ed544ae739,91.28,6.78,-3.11,-1.47,2.58,81.4,4.07,-1.88,-4.52,0.04,0.43,-14.26,17.91,19.78,54.66,2237.99,804.65,94.1,-0.72,0.34,0.6,,,,,,,,,,,,,,,,,1.0,,,,medium,high,40.8,-4.43,54.5,"Turner, Tyler",YAK:TU:TY:9e782613-0d72:0703730,YAK:NKUHOM:9e782613-0d72:0744411,2022-11,FALSE,,FALSE,,,,,,,,,,,,,,,,,,,,,,,,,,,,,,,,,,,,,,,,,,,,,,,,,
92,2026-09-15,16:31:32,3,4,"Lange, Tannis",YAK:LA:TA:9e782613-0d72:0411619,Right,YAK:NKUHOM:9e782613-0d72:0744411,"Resing, Matt",YAK:MA:BR:9e782613-0d72:0325650,Right,YAK:THOMAS:9e782613-0d72:0936209,,3,Top,1,2,1,,Fastball,,,,,,,,91.29,-4.64,2.49,2289.21,142.27,10:45,6.61,-2.61,6.0,-15.29,19.79,-13.1,0.96,-1.36,81.86,-7.49,0.03,,,,,,,,,,,,,8.07,12.51,2.42,50,6.23,-5.35,-132.2,-11.22,13.47,33.52,-11.3,YAK:NKUHOM:9e782613-0d72:0744411,YAK:THOMAS:9e782613-0d72:0936209,,,,b8025265-b0e8-4bba-9e12-d05e1860d054,d9090696-0f9e-fb38-a0f4-1727a0415a91,91.55,6.61,-2.62,-4.68,2.57,82.08,0.96,-1.36,-7.51,0.11,0.43,-13.83,18.97,12.51,83.19,2234.88,495.82,97.63,-0.77,0.22,0.6,,,,,,,,,,,,,,,,,0.98,,,,medium,high,15.13,62.68,54.5,"Turner, Tyler",YAK:TU:TY:9e782613-0d72:0703730,YAK:NKUHOM:9e782613-0d72:0744411,2022-11,FALSE,,FALSE,,,,,,,,,,,,,,,,,,,,,,,,,,,,,,,,,,,,,,,,,,,,,,,,,
93,2026-09-15,16:31:54,3,5,"Lange, Tannis",YAK:LA:TA:9e782613-0d72:0411619,Right,YAK:NKUHOM:9e782613-0d72:0744411,"Resing, Matt",YAK:MA:BR:9e782613-0d72:0325650,Right,YAK:THOMAS:9e782613-0d72:0936209,Stretch,3,Top,1,3,1,Fastball,Fastball,InPlay,,LineDrive,HomeRun,0,2,,90.97,-3.55,4.11,2309.01,139.85,10:45,6.52,-3.08,6.0,-16.19,19.15,-13.63,1.83,-0.36,81.44,-6.58,1.55,,107.07,18.23,-10.22,2370.34,35.95,,,399.38,,-7.54,4.62,8.93,11.77,2.77,50.0,6.23,-9.04,-131.69,-8.69,14.79,33.23,-12.67,YAK:NKUHOM:9e782613-0d72:0744411,YAK:THOMAS:9e782613-0d72:0936209,,,,b8025265-b0e8-4bba-9e12-d05e1860d054,81d7d99d-6243-8b7f-a691-c3ee13d5d0e3,91.23,6.52,-3.09,-3.58,4.19,81.65,1.82,-0.35,-6.6,1.63,0.43,-14.4,18.31,16.72,52.6,2211.37,664.35,95.77,-0.73,0.29,0.62,-18.05,100.08,33.5,0.47,0.53,1.62,-52.43,395.92,-2.44,114.77,1.89,0.98,0.13,-0.15,,,0.9,,1.0,63.15,medium,high,42.66,-0.96,54.5,"Turner, Tyler",YAK:TU:TY:9e782613-0d72:0703730,YAK:NKUHOM:9e782613-0d72:0744411,2022-11,FALSE,,FALSE,,0.84,5,83.73,3,118.52,3,-0.06,5,-15.31,5,43.54,3,3.62,2,0.54,5,-6.61,5,15.92,5,34.85,2,12.58,3,26.3,,-9.3,,18.4,,-4.9,,28.1,,19,,555.23,,902.67,,797.16,,20.3,,38.8,,48.2,
94,2026-09-15,16:32:41,4,1,"Lange, Tannis",YAK:LA:TA:9e782613-0d72:0411619,Right,YAK:NKUHOM:9e782613-0d72:0744411,"Geers, Jack",YAK:MA:BR:9e782613-0d72:0325650,Right,YAK:THOMAS:9e782613-0d72:0936209,,3,Top,1,0,0,,Fastball,,,,,,,,90.67,-3.07,5.0,2263.38,141.96,10:45,6.75,-3.11,6.0,-16.16,19.47,-12.73,2.51,0.54,81.09,-6.09,2.62,,48.58,40.65,72.22,5004.1,7.6,,,117.73,,76.27,2.49,8.75,11.77,2.72,50.0,6.5,-11.09,-131.16,-7.55,14.38,32.93,-12.82,YAK:NKUHOM:9e782613-0d72:0744411,YAK:THOMAS:9e782613-0d72:0936209,,,,b8025265-b0e8-4bba-9e12-d05e1860d054,3dd6e3af-150d-4a82-2f1f-5631c2550b42,90.93,6.76,-3.12,-3.1,5.08,81.31,2.51,0.54,-6.11,2.69,0.43,-13.47,18.63,19.39,65.51,2135.03,751.37,94.33,-0.74,0.33,0.58,35.1,11.26,31.65,-0.68,4.19,2.59,114.37,27.94,-4.23,-14.85,-0.39,0.33,0.71,-0.62,,,1.0,,0.91,9.08,medium,high,31.04,23.23,54.5,"Turner, Tyler",YAK:TU:TY:9e782613-0d72:0703730,YAK:NKUHOM:9e782613-0d72:0744411,2022-11,FALSE,,FALSE,,0.91,5,91.48,4,103.35,5,-0.04,5,-9.41,4,29.22,5,18.09,5,0.61,4,-11.68,4,23.59,4,25.97,3,-1.65,5,18.9,,-4.7,,19.2,,-5.9,,19.5,,20.2,,693.8,,899.53,,813.41,,17.4,,39.3,,53.1,
95,2026-09-15,16:33:08,4,2,"Lange, Tannis",YAK:LA:TA:9e782613-0d72:0411619,Right,YAK:NKUHOM:9e782613-0d72:0744411,"Geers, Jack",YAK:MA:BR:9e782613-0d72:0325650,Right,YAK:THOMAS:9e782613-0d72:0936209,,3,Top,1,0,1,,Changeup,,,,,,,,84.21,-1.29,6.41,1853.76,116.51,10:00,6.32,-3.86,6.0,-29.89,11.53,-19.34,2.61,0.58,75.34,-6.88,2.8,,102.77,31.99,-38.55,3380.92,62.93,,,366.44,,-54.7,4.96,12.88,6.79,3.36,50,6.2,-13.12,-121.66,-3.62,18.21,28.35,-22.58,YAK:NKUHOM:9e782613-0d72:0744411,YAK:THOMAS:9e782613-0d72:0936209,,,,b8025265-b0e8-4bba-9e12-d05e1860d054,86979765-86ea-9ded-39d8-795c45770b79,84.44,6.32,-3.86,-1.26,6.51,75.52,2.61,0.58,-6.84,2.89,0.46,-20.29,9.86,-10.37,52.37,1823.49,-333.62,98.37,-0.44,-0.18,0.88,-54.32,68.16,54.45,-0.29,2.71,2.7,-299.05,211.76,-86.35,-57.86,0.77,0.73,-0.03,0.68,,,0.99,,0.99,58.94,medium,high,42.87,-38.8,54.5,"Turner, Tyler",YAK:TU:TY:9e782613-0d72:0703730,YAK:NKUHOM:9e782613-0d72:0744411,2022-11,FALSE,,FALSE,,0.85,5,88.0,3,99.47,5,-0.01,3,-11.1,5,31.4,5,19.83,5,0.56,5,-16.24,4,22.81,4,30.04,2,-5.81,4,20.3,,-4.8,,17.1,,-7.3,,20.9,,18.7,,724.31,,940.62,,960.34,,17.4,,36.9,,46.7,
96,2026-09-15,16:33:38,4,3,"Lange, Tannis",YAK:LA:TA:9e782613-0d72:0411619,Right,YAK:NKUHOM:9e782613-0d72:0744411,"Geers, Jack",YAK:MA:BR:9e782613-0d72:0325650,Right,YAK:THOMAS:9e782613-0d72:0936209,,3,Top,1,0,2,,Fastball,,,,,,,,89.52,-0.97,3.54,2273.09,137.78,10:30,6.37,-3.44,6.0,-17.74,18.66,-14.67,3.98,-1.34,79.81,-4.3,0.78,,,,,,,,,,,,,9.33,10.61,3.17,50.0,6.29,-7.58,-129.89,-2.74,15.0,32.95,-15.12,YAK:NKUHOM:9e782613-0d72:0744411,YAK:THOMAS:9e782613-0d72:0936209,,,,b8025265-b0e8-4bba-9e12-d05e1860d054,f0f5dd26-bd1d-e2c6-4c39-d5caee66258f,89.78,6.37,-3.45,-1.0,3.62,80.02,3.98,-1.33,-4.32,0.86,0.43,-15.51,17.65,13.51,49.69,2210.2,530.99,97.23,-0.72,0.23,0.65,,,,,,,,,,,,,,,,,0.99,,,,medium,high,45.28,-13.18,54.5,"Turner, Tyler",YAK:TU:TY:9e782613-0d72:0703730,YAK:NKUHOM:9e782613-0d72:0744411,2022-11,FALSE,,FALSE,,,,,,,,,,,,,,,,,,,,,,,,,,,,,,,,,,,,,,,,,,,,,,,,,
97,2026-09-15,16:33:55,4,4,"Lange, Tannis",YAK:LA:TA:9e782613-0d72:0411619,Right,YAK:NKUHOM:9e782613-0d72:0744411,"Geers, Jack",YAK:MA:BR:9e782613-0d72:0325650,Right,YAK:THOMAS:9e782613-0d72:0936209,,3,Top,1,1,2,,Slider,,,,,,,,77.27,2.97,0.51,2386.38,299.59,4:00,5.87,-2.6,6.0,-51.76,-2.69,11.4,4.35,-1.18,68.89,-6.77,2.66,,,,,,,,,,,,,-6.09,-2.6,2.56,50.0,6.08,-1.29,-112.14,4.46,-7.25,25.67,-35.27,YAK:NKUHOM:9e782613-0d72:0744411,YAK:THOMAS:9e782613-0d72:0936209,,,,b8025265-b0e8-4bba-9e12-d05e1860d054,0e2bae88-3730-8cb3-0db3-30a934d8b94c,77.47,5.86,-2.6,3.11,0.51,69.02,4.36,-1.18,-6.62,2.66,0.5,11.35,-6.01,59.75,7.48,1202.1,2061.5,50.37,0.25,0.86,-0.44,,,,,,,,,,,,,,,,,1.0,,,,medium,high,83.27,34.86,54.5,"Turner, Tyler",YAK:TU:TY:9e782613-0d72:0703730,YAK:NKUHOM:9e782613-0d72:0744411,2022-11,FALSE,,FALSE,,,,,,,,,,,,,,,,,,,,,,,,,,,,,,,,,,,,,,,,,,,,,,,,,
98,2026-09-15,16:34:15,4,5,"Lange, Tannis",YAK:LA:TA:9e782613-0d72:0411619,Right,YAK:NKUHOM:9e782613-0d72:0744411,"Geers, Jack",YAK:MA:BR:9e782613-0d72:0325650,Right,YAK:THOMAS:9e782613-0d72:0936209,Stretch,3,Top,1,2,2,Slider,Slider,StrikeCalled,,,StrikeoutLooking,1,0,,77.1,1.02,1.03,2360.81,301.82,4:00,6.1,-2.34,6.0,-52.59,-3.34,12.63,2.68,-0.32,69.09,-8.84,3.42,,,,,,,,,,,,,-6.56,-2.23,2.25,50.0,6.15,-2.35,-112.01,0.62,-7.78,25.91,-34.82,YAK:NKUHOM:9e782613-0d72:0744411,YAK:THOMAS:9e782613-0d72:0936209,,,,b8025265-b0e8-4bba-9e12-d05e1860d054,31e1f0c5-a8a1-c399-a867-c818a260660f,77.29,6.09,-2.34,1.17,1.03,69.21,2.69,-0.32,-8.68,3.41,0.5,12.65,-6.78,57.26,47.59,1276.65,1985.85,54.08,0.29,0.84,-0.46,,,,,,,,,,,,,,,,,0.99,,,,medium,high,47.17,-13.89,54.5,"Turner, Tyler",YAK:TU:TY:9e782613-0d72:0703730,YAK:NKUHOM:9e782613-0d72:0744411,2022-11,FALSE,,FALSE,,,,,,,,,,,,,,,,,,,,,,,,,,,,,,,,,,,,,,,,,,,,,,,,,
99,2026-09-15,16:34:41,5,1,"Lange, Tannis",YAK:LA:TA:9e782613-0d72:0411619,Right,YAK:NKUHOM:9e782613-0d72:0744411,"Marushi, Brady",YAK:MA:BR:9e782613-0d72:0325650,Right,YAK:THOMAS:9e782613-0d72:0936209,Stretch,3,Top,2,0,0,Slider,Curveball,StrikeCalled,,,,0,0,,76.65,0.21,1.68,2343.35,308.37,4:15,5.88,-2.76,6.0,-53.17,-3.31,10.87,1.65,-0.28,68.85,-9.73,3.73,,,,,,,,,,,,,-5.34,-1.91,2.62,50.0,5.87,-3.54,-111.34,-0.96,-6.26,25.71,-34.41,YAK:NKUHOM:9e782613-0d72:0744411,YAK:THOMAS:9e782613-0d72:0936209,,,,b8025265-b0e8-4bba-9e12-d05e1860d054,986d536b-aaa2-ebe7-7baa-27d9b2227d3c,76.84,5.87,-2.76,0.36,1.69,68.97,1.66,-0.28,-9.58,3.73,0.51,10.75,-6.8,61.74,8.24,1109.48,2064.06,47.35,0.29,0.88,-0.37,,,,,,,,,,,,,,,,,0.98,,,,medium,high,82.59,33.9,54.5,"Turner, Tyler",YAK:TU:TY:9e782613-0d72:0703730,YAK:NKUHOM:9e782613-0d72:0744411,2022-11,FALSE,,FALSE,,,,,,,,,,,,,,,,,,,,,,,,,,,,,,,,,,,,,,,,,,,,,,,,,
100,2026-09-15,16:34:58,5,2,"Lange, Tannis",YAK:LA:TA:9e782613-0d72:0411619,Right,YAK:NKUHOM:9e782613-0d72:0744411,"Marushi, Brady",YAK:MA:BR:9e782613-0d72:0325650,Right,YAK:THOMAS:9e782613-0d72:0936209,Stretch,3,Top,2,0,1,Fastball,Fastball,StrikeCalled,,,,0,0,,89.16,-3.5,4.35,2338.92,140.63,10:45,6.47,-2.91,6.0,-17.3,19.49,-13.28,1.74,0.08,79.86,-6.73,1.86,,,,,,,,,,,,,8.82,11.94,2.57,50.0,6.19,-9.41,-129.05,-8.43,14.03,31.84,-13.18,YAK:NKUHOM:9e782613-0d72:0744411,YAK:THOMAS:9e782613-0d72:0936209,,,,b8025265-b0e8-4bba-9e12-d05e1860d054,8bcf9638-7eaa-096c-2f08-948babc0fc58,89.42,6.48,-2.91,-3.53,4.43,80.06,1.73,0.08,-6.75,1.94,0.44,-14.05,18.61,19.5,98.23,2204.82,780.6,94.27,-0.73,0.33,0.6,,,,,,,,,,,,,,,,,0.99,,,,medium,high,1.59,-47.53,54.5,"Turner, Tyler",YAK:TU:TY:9e782613-0d72:0703730,YAK:NKUHOM:9e782613-0d72:0744411,2022-11,FALSE,,FALSE,,,,,,,,,,,,,,,,,,,,,,,,,,,,,,,,,,,,,,,,,,,,,,,,,
101,2026-09-15,16:35:15,5,3,"Lange, Tannis",YAK:LA:TA:9e782613-0d72:0411619,Right,YAK:NKUHOM:9e782613-0d72:0744411,"Marushi, Brady",YAK:MA:BR:9e782613-0d72:0325650,Right,YAK:THOMAS:9e782613-0d72:0936209,Stretch,3,Top,2,0,2,Slider,Slider,BallCalled,,,,0,0,,79.68,-1.41,1.63,2418.86,292.71,3:45,6.34,-2.41,6.0,-45.34,0.77,9.16,1.24,-0.11,71.64,-9.87,3.36,,,,,,,,,,,,,-4.43,0.96,2.27,50.0,6.21,-3.55,-115.72,-4.07,-5.61,27.51,-30.96,YAK:NKUHOM:9e782613-0d72:0744411,YAK:THOMAS:9e782613-0d72:0936209,,,,b8025265-b0e8-4bba-9e12-d05e1860d054,f8052491-0a49-0edf-d151-7ba2cb85bed6,79.89,6.33,-2.41,-1.3,1.65,71.79,1.25,-0.11,-9.74,3.37,0.49,9.01,-2.19,72.2,49.44,739.41,2303.08,30.57,0.12,0.95,-0.28,,,,,,,,,,,,,,,,,1.0,,,,medium,high,45.5,3.06,54.5,"Turner, Tyler",YAK:TU:TY:9e782613-0d72:0703730,YAK:NKUHOM:9e782613-0d72:0744411,2022-11,FALSE,,FALSE,,,,,,,,,,,,,,,,,,,,,,,,,,,,,,,,,,,,,,,,,,,,,,,,,
102,2026-09-15,16:35:36,5,4,"Lange, Tannis",YAK:LA:TA:9e782613-0d72:0411619,Right,YAK:NKUHOM:9e782613-0d72:0744411,"Marushi, Brady",YAK:MA:BR:9e782613-0d72:0325650,Right,YAK:THOMAS:9e782613-0d72:0936209,Stretch,3,Top,2,1,2,Slider,Curveball,Foul,,,,0,0,,79.25,-0.73,2.0,2367.92,313.58,4:30,5.88,-2.47,6.0,-50.01,-3.33,9.54,1.03,0.2,71.22,-10.06,3.8,,,,,,,,,,,,,-4.49,-1.56,2.31,50.0,5.8,-4.27,-115.09,-2.8,-5.61,27.52,-34.12,YAK:NKUHOM:9e782613-0d72:0744411,YAK:THOMAS:9e782613-0d72:0936209,,,,b8025265-b0e8-4bba-9e12-d05e1860d054,f55933e1-18b6-fc06-2c6a-4ef1523b5a46,79.45,5.87,-2.47,-0.59,2.02,71.35,1.04,0.2,-9.92,3.81,0.49,9.37,-6.6,64.88,58.92,1005.05,2144.05,42.44,0.29,0.91,-0.31,,,,,,,,,,,,,,,,,0.99,,,,medium,high,36.97,32.57,54.5,"Turner, Tyler",YAK:TU:TY:9e782613-0d72:0703730,YAK:NKUHOM:9e782613-0d72:0744411,2022-11,FALSE,,FALSE,,0.98,5,78.7,2,102.03,5,-0.05,5,-21.39,5,48.77,2,15.37,5,0.62,4,-26.33,3,23.6,4,42.46,0,17.4,2,30.6,,-3.8,,34.5,,14.5,,30.9,,38.3,,351.47,,708.32,,852.32,,21.9,,45.6,,61.8,
103,2026-09-15,16:36:00,5,5,"Lange, Tannis",YAK:LA:TA:9e782613-0d72:0411619,Right,YAK:NKUHOM:9e782613-0d72:0744411,"Marushi, Brady",YAK:MA:BR:9e782613-0d72:0325650,Right,YAK:THOMAS:9e782613-0d72:0936209,Stretch,3,Top,2,1,2,Changeup,Fastball,Foul,,,,0,0,,84.63,-2.74,4.33,1855.37,118.1,10:00,6.42,-3.36,6.0,-28.82,12.03,-18.93,1.44,-0.86,75.93,-8.12,0.77,,,,,,,,,,,,,11.94,7.59,3.03,50.0,6.19,-8.73,-122.57,-6.71,17.11,29.1,-21.3,YAK:NKUHOM:9e782613-0d72:0744411,YAK:THOMAS:9e782613-0d72:0936209,,,,b8025265-b0e8-4bba-9e12-d05e1860d054,0ec4ffc7-76ed-dabb-ee59-25ebf9d45176,84.86,6.42,-3.36,-2.71,4.42,76.11,1.44,-0.86,-8.08,0.87,0.46,-19.83,10.36,-12.69,30.37,1810.03,-407.63,97.56,-0.46,-0.22,0.86,,,,,,,,,,,,,,,,,0.97,,,,medium,high,117.33,-17.14,54.5,"Turner, Tyler",YAK:TU:TY:9e782613-0d72:0703730,YAK:NKUHOM:9e782613-0d72:0744411,2022-11,FALSE,,FALSE,,,,,,,,,,,,,,,,,,,,,,,,,,,,,,,,,,,,,,,,,,,,,,,,,
104,2026-09-15,16:36:29,5,6,"Lange, Tannis",YAK:LA:TA:9e782613-0d72:0411619,Right,YAK:NKUHOM:9e782613-0d72:0744411,"Marushi, Brady",YAK:MA:BR:9e782613-0d72:0325650,Right,YAK:THOMAS:9e782613-0d72:0936209,Stretch,3,Top,2,1,2,Fastball,Fastball,BallCalled,,,,0,0,,90.08,-2.19,2.62,2326.57,143.01,10:45,6.44,-2.8,6.0,-16.22,19.69,-12.72,3.02,-1.41,80.47,-5.24,0.22,,,,,,,,,,,,,7.93,11.61,2.61,50.0,6.26,-5.58,-130.74,-5.51,12.92,33.28,-13.26,YAK:NKUHOM:9e782613-0d72:0744411,YAK:THOMAS:9e782613-0d72:0936209,,,,b8025265-b0e8-4bba-9e12-d05e1860d054,7918fd15-c838-18cf-861b-6fa7d2660e7e,90.34,6.44,-2.81,-2.23,2.69,80.68,3.02,-1.4,-5.26,0.3,0.43,-13.47,18.78,17.7,76.17,2216.47,707.24,95.27,-0.76,0.3,0.57,,,,,,,,,,,,,,,,,0.99,,,,medium,high,21.45,-6.63,54.5,"Turner, Tyler",YAK:TU:TY:9e782613-0d72:0703730,YAK:NKUHOM:9e782613-0d72:0744411,2022-11,FALSE,,FALSE,,,,,,,,,,,,,,,,,,,,,,,,,,,,,,,,,,,,,,,,,,,,,,,,,
105,2026-09-15,16:36:48,5,7,"Lange, Tannis",YAK:LA:TA:9e782613-0d72:0411619,Right,YAK:NKUHOM:9e782613-0d72:0744411,"Marushi, Brady",YAK:MA:BR:9e782613-0d72:0325650,Right,YAK:THOMAS:9e782613-0d72:0936209,Stretch,3,Top,2,2,2,Slider,Slider,BallCalled,,,,0,0,,77.56,2.35,1.26,2368.61,303.41,4:00,6.0,-2.22,6.0,-51.66,-2.97,10.95,3.9,-0.12,69.26,-7.37,3.33,,,,,,,,,,,,,-5.55,-2.52,2.11,50.0,6.16,-2.77,-112.6,3.26,-6.66,26.02,-35.2,YAK:NKUHOM:9e782613-0d72:0744411,YAK:THOMAS:9e782613-0d72:0936209,,,,b8025265-b0e8-4bba-9e12-d05e1860d054,c147de1a-84ed-7d0a-0a5c-bd208af51f4b,77.76,5.99,-2.22,2.49,1.27,69.39,3.91,-0.12,-7.21,3.33,0.5,10.88,-6.31,60.46,58.02,1167.78,2060.73,49.3,0.27,0.87,-0.41,,,,,,,,,,,,,,,,,0.99,,,,medium,high,37.78,4.71,54.5,"Turner, Tyler",YAK:TU:TY:9e782613-0d72:0703730,YAK:NKUHOM:9e782613-0d72:0744411,2022-11,FALSE,,FALSE,,,,,,,,,,,,,,,,,,,,,,,,,,,,,,,,,,,,,,,,,,,,,,,,,
106,2026-09-15,16:37:22,5,8,"Lange, Tannis",YAK:LA:TA:9e782613-0d72:0411619,Right,YAK:NKUHOM:9e782613-0d72:0744411,"Marushi, Brady",YAK:MA:BR:9e782613-0d72:0325650,Right,YAK:THOMAS:9e782613-0d72:0936209,Stretch,3,Top,2,3,2,Slider,Slider,StrikeCalled,,,StrikeoutLooking,1,0,,77.33,-0.2,1.57,2307.37,305.79,4:15,6.34,-2.16,6.0,-50.85,-1.89,9.75,1.91,0.13,69.47,-9.71,3.41,,,,,,,,,,,,,-4.77,-0.96,2.03,50.0,6.29,-3.33,-112.34,-1.73,-5.69,26.06,-33.32,YAK:NKUHOM:9e782613-0d72:0744411,YAK:THOMAS:9e782613-0d72:0936209,,,,b8025265-b0e8-4bba-9e12-d05e1860d054,cd89ff3a-0b0d-6e0a-7038-4bcf13e1f742,77.52,6.33,-2.16,-0.07,1.59,69.6,1.92,0.13,-9.56,3.42,0.5,9.58,-5.19,66.5,86.12,920.14,2115.97,39.88,0.23,0.92,-0.32,,,,,,,,,,,,,,,,,0.99,,,,medium,high,12.49,-16.05,54.5,"Turner, Tyler",YAK:TU:TY:9e782613-0d72:0703730,YAK:NKUHOM:9e782613-0d72:0744411,2022-11,FALSE,,FALSE,,,,,,,,,,,,,,,,,,,,,,,,,,,,,,,,,,,,,,,,,,,,,,,,,
,2026-09-15,16:38:00,,,,,,,,,,,,,,,,,,Fastball,,,,,,,,86.27,-2.87,-2.05,2290.02,203.34,12:45,6.87,1.09,6.0,-18.37,20.78,6.94,2.64,-0.25,77.24,-6.31,-0.74,,,,,,,,,,,,,-4.54,12.45,-0.94,50.0,6.63,4.27,-125.19,-6.83,-6.79,30.4,-13.57,,,,,,,99be4b04-b455-f0c0-8385-68b16f9f8bdc,86.53,6.87,1.1,-2.91,-2.1,77.46,2.63,-0.25,-6.33,-0.79,0.45,7.43,19.74,-31.31,67.53,1956.61,-1189.9,85.44,-0.78,-0.52,-0.34,,,,,,,,,,,,,,,,,0.99,,,,medium,high,29.22,-17.55,54.5,,,,2022-11,FALSE,,FALSE,,,,,,,,,,,,,,,,,,,,,,,,,,,,,,,,,,,,,,,,,,,,,,,,,
,2026-09-15,16:38:10,,,,,,,,,,,,,,,,,,Fastball,,,,,,,,88.83,-3.63,-2.74,2353.71,202.62,12:45,6.74,1.21,6.0,-16.81,20.19,6.14,1.93,-0.85,79.58,-6.77,-1.58,,,,,,,,,,,,,-4.34,12.38,-1.0,50.0,6.45,5.97,-128.77,-8.68,-6.87,32.02,-12.59,,,,,,,4380230e-b345-f82b-18f5-2b09213cee2f,89.1,6.75,1.22,-3.66,-2.78,79.8,1.93,-0.85,-6.79,-1.63,0.44,6.59,19.25,-35.35,91.38,1919.73,-1361.83,81.56,-0.75,-0.58,-0.31,,,,,,,,,,,,,,,,,0.99,,,,medium,high,7.75,33.3,54.5,,,,2022-11,FALSE,,FALSE,,,,,,,,,,,,,,,,,,,,,,,,,,,,,,,,,,,,,,,,,,,,,,,,,
,2026-09-15,16:38:21,,,,,,,,,,,,,,,,,,Fastball,,,,,,,,84.39,-3.01,-4.15,2291.66,196.59,12:30,6.36,1.89,6.0,-29.86,11.34,0.02,1.04,-2.01,75.76,-8.56,-4.15,,,,,,,,,,,,,-1.53,7.34,-1.56,50.0,6.11,8.87,-122.19,-7.29,-2.17,29.63,-21.76,,,,,,,86d1721f-459c-fcc9-c61d-c3f0979dbb0d,84.65,6.36,1.89,-2.98,-4.19,75.96,1.05,-2.02,-8.52,-4.18,0.46,0.42,9.53,-71.04,46.71,744.71,-2167.28,32.5,-0.31,-0.95,-0.09,,,,,,,,,,,,,,,,,0.99,,,,medium,high,47.96,28.42,54.5,,,,2022-11,FALSE,,FALSE,,,,,,,,,,,,,,,,,,,,,,,,,,,,,,,,,,,,,,,,,,,,,,,,,
,2026-09-15,16:38:36,,,,,,,,,,,,,,,,,,Cutter,,,,,,,,83.44,-2.24,-1.64,2303.64,172.33,11:45,6.8,1.39,6.0,-33.49,8.45,-2.81,1.9,-0.39,74.88,-8.49,-2.17,,,,,,,,,,,,,0.94,5.48,-1.25,50.0,6.6,3.55,-121.15,-5.69,1.32,29.37,-24.54,,,,,,,d657e31e-f3cc-dd71-5e3f-d87f4f8620b5,83.69,6.79,1.39,-2.19,-1.67,75.08,1.91,-0.39,-8.43,-2.2,0.47,-2.49,6.36,-76.98,89.52,519.02,-2244.41,22.53,-0.22,-0.97,0.03,,,,,,,,,,,,,,,,,0.99,,,,medium,high,9.43,34.02,54.5,,,,2022-11,FALSE,,FALSE,,,,,,,,,,,,,,,,,,,,,,,,,,,,,,,,,,,,,,,,,,,,,,,,,
,2026-09-15,16:38:47,,,,,,,,,,,,,,,,,,Fastball,,,,,,,,89.42,-2.76,-2.2,2388.64,205.09,12:45,6.7,1.51,6.0,-17.01,19.45,6.94,2.69,0.02,79.97,-5.94,-0.9,,,,,,,,,,,,,-4.6,11.68,-1.34,50,6.47,4.78,-129.77,-6.77,-7.39,32.82,-13.43,,,,,,,8b95f37e-f41d-8762-28a3-368a83549c3d,89.69,6.7,1.51,-2.79,-2.25,80.2,2.69,0.02,-5.96,-0.95,0.43,7.44,18.48,-36.45,80.03,1921.33,-1419.2,80.44,-0.73,-0.59,-0.34,,,,,,,,,,,,,,,,,0.99,,,,medium,high,17.98,-88.73,54.5,,,,2022-11,FALSE,,FALSE,,,,,,,,,,,,,,,,,,,,,,,,,,,,,,,,,,,,,,,,,,,,,,,,,
,2026-09-15,16:39:00,,,,,,,,,,,,,,,,,,Curveball,,,,,,,,79.91,0.88,0.7,2306.73,32.85,7:00,6.2,0.59,6.0,-52.73,-6.93,-7.59,2.63,0.62,71.59,-9.01,-0.74,,,,,,,,,,,,,4.45,-4.15,-0.64,50.0,6.24,-1.21,-116.11,0.36,5.67,27.69,-37.47,,,,,,,7e5fef1f-c750-d0ed-3cda-442f68a9e97a,80.09,6.18,0.6,1.03,0.67,71.71,2.64,0.62,-8.85,-0.76,0.49,-7.33,-10.22,-61.64,75.74,1095.57,-2029.95,47.49,0.4,-0.88,0.26,,,,,,,,,,,,,,,,,0.99,,,,medium,high,21.84,29.67,54.5,,,,2022-11,FALSE,,FALSE,,,,,,,,,,,,,,,,,,,,,,,,,,,,,,,,,,,,,,,,,,,,,,,,,
,2026-09-15,16:39:11,,,,,,,,,,,,,,,,,,Curveball,,,,,,,,77.16,1.5,0.48,2315.27,24.95,6:45,6.44,0.7,6.0,-60.22,-11.03,-7.8,2.83,0.5,69.2,-9.79,-1.0,,,,,,,,,,,,,4.48,-6.65,-0.73,50.0,6.52,-0.73,-112.09,1.36,5.32,26.01,-40.07,,,,,,,dd427d67-3503-e647-e319-44b8fa74eff8,77.32,6.42,0.7,1.69,0.45,69.28,2.84,0.5,-9.61,-1.02,0.5,-7.53,-14.81,-50.67,45.62,1467.52,-1790.77,63.38,0.57,-0.77,0.27,,,,,,,,,,,,,,,,,0.99,,,,medium,high,48.94,23.21,54.5,,,,2022-11,FALSE,,FALSE,,,,,,,,,,,,,,,,,,,,,,,,,,,,,,,,,,,,,,,,,,,,,,,,,
,2026-09-15,16:39:23,,,,,,,,,,,,,,,,,,Curveball,,,,,,,,78.13,1.92,0.5,2221.59,27.53,7:00,6.23,0.86,6.0,-57.97,-10.0,-7.79,3.21,0.69,69.94,-8.96,-0.97,,,,,,,,,,,,,4.48,-6.24,-0.9,50.0,6.35,-0.79,-113.48,2.28,5.46,26.51,-39.78,,,,,,,d9aece0b-3d02-4892-ed14-131b41e9c32f,78.3,6.22,0.87,2.1,0.48,70.04,3.22,0.69,-8.78,-0.99,0.5,-7.54,-13.6,-52.52,75.26,1351.73,-1763.04,60.84,0.54,-0.79,0.28,,,,,,,,,,,,,,,,,0.99,,,,medium,high,22.27,0.34,54.5,,,,2022-11,FALSE,,FALSE,,,,,,,,,,,,,,,,,,,,,,,,,,,,,,,,,,,,,,,,,,,,,,,,,
,2026-09-15,16:39:34,,,,,,,,,,,,,,,,,,Fastball,,,,,,,,87.69,-0.59,-0.77,2286.09,199.42,12:45,6.75,1.73,6.0,-17.49,20.38,5.93,4.74,1.51,78.14,-3.88,0.35,,81.01,9.1,-5.33,1970.99,2.01,,,119.2,,-1.85,1.72,-3.54,11.42,-1.67,50.0,6.7,1.53,-127.46,-1.84,-5.47,32.18,-14.53,,,,,,,65782c99-bd02-7b61-4b17-9e8786a3cf42,87.96,6.75,1.74,-0.63,-0.81,78.37,4.74,1.5,-3.9,0.3,0.44,6.38,19.29,-32.95,89.53,1918.38,-1243.4,83.92,-0.79,-0.54,-0.28,-7.43,79.64,12.81,0.94,-46.34,0.28,-3.85,119.14,3.08,48.12,0.09,0.73,0.58,-0.36,,,1.0,,1.0,45.77,medium,high,9.42,48.23,54.5,,,,2022-11,FALSE,,FALSE,,0.94,5,63.01,1,72.39,3,0.17,1,-102.43,0,13.59,2,17.21,5,0.34,1,-94.51,0,13.23,5,-4.44,0,6.09,4,7.8,,7.1,,6.4,,7.6,,10.5,,10,,204.68,,257.82,,285.54,,-16.3,,52.3,,52.3,
107,2026-09-15,16:40:03,1,1,"Whitesell, Miles",YAK:WH:MI:9e782613-0d72:0975555,Right,YAK:THOMAS:9e782613-0d72:0936209,"Wang, Jackson",YAK:WA:JA:9e782613-0d72:0732082,Right,YAK:NKUHOM:9e782613-0d72:0744411,Stretch,3,Bottom,0,0,0,Fastball,Fastball,StrikeCalled,,,,0,0,,89.71,-2.63,-3.25,2308.07,202.54,12:45,6.65,1.14,6.0,-15.69,20.58,6.63,2.86,-1.36,80.19,-5.57,-2.0,,,,,,,,,,,,,-4.8,12.25,-0.89,50.0,6.43,7.18,-130.09,-6.47,-7.75,32.85,-12.41,YAK:NKUHOM:9e782613-0d72:0744411,YAK:THOMAS:9e782613-0d72:0936209,,,,b8025265-b0e8-4bba-9e12-d05e1860d054,4de78b04-f1b8-cd0c-72af-578efb814a7d,89.98,6.65,1.15,-2.67,-3.3,80.41,2.86,-1.36,-5.6,-2.05,0.43,7.09,19.69,-32.21,92.76,1952.77,-1230.4,84.61,-0.78,-0.53,-0.32,,,,,,,,,,,,,,,,,0.99,,,,medium,high,6.52,-9.85,54.5,"Marushi, Brady",YAK:MA:BR:9e782613-0d72:0325650,YAK:THOMAS:9e782613-0d72:0936209,2022-11,FALSE,,FALSE,,,,,,,,,,,,,,,,,,,,,,,,,,,,,,,,,,,,,,,,,,,,,,,,,
108,2026-09-15,16:40:21,1,2,"Whitesell, Miles",YAK:WH:MI:9e782613-0d72:0975555,Right,YAK:THOMAS:9e782613-0d72:0936209,"Wang, Jackson",YAK:WA:JA:9e782613-0d72:0732082,Right,YAK:NKUHOM:9e782613-0d72:0744411,Stretch,3,Bottom,0,0,1,Cutter,Cutter,StrikeSwinging,,,,0,0,,84.13,-1.7,-2.03,2132.3,177.13,12:00,6.72,1.42,6.0,-33.37,7.9,-2.05,2.34,-0.66,75.4,-7.94,-2.42,,,,,,,,,,,,,0.38,4.97,-1.26,50.0,6.57,4.38,-122.17,-4.57,0.54,29.92,-25.13,YAK:NKUHOM:9e782613-0d72:0744411,YAK:THOMAS:9e782613-0d72:0936209,,,,b8025265-b0e8-4bba-9e12-d05e1860d054,24d7b9fb-0c90-5532-ded7-dedfea8c62e4,84.38,6.71,1.42,-1.65,-2.06,75.6,2.35,-0.66,-7.87,-2.45,0.46,-1.72,5.82,-78.17,70.36,437.01,-2087.04,20.49,-0.2,-0.98,0.01,,,,,,,,,,,,,,,,,0.98,,,,medium,high,26.68,-0.75,54.5,"Marushi, Brady",YAK:MA:BR:9e782613-0d72:0325650,YAK:THOMAS:9e782613-0d72:0936209,2022-11,FALSE,,FALSE,,,,,,,,,,,,,,,,,,,,,,,,,,,,,,,,,,,,,,,,,,,,,,,,,
109,2026-09-15,16:40:38,1,3,"Whitesell, Miles",YAK:WH:MI:9e782613-0d72:0975555,Right,YAK:THOMAS:9e782613-0d72:0936209,"Wang, Jackson",YAK:WA:JA:9e782613-0d72:0732082,Right,YAK:NKUHOM:9e782613-0d72:0744411,Stretch,3,Bottom,0,0,2,Curveball,Curveball,InPlay,,FlyBall,Out,1,0,,79.73,0.37,1.31,2414.76,23.7,6:45,6.29,0.13,6.0,-56.19,-10.13,-7.17,1.96,0.76,71.57,-10.15,-0.05,,75.61,28.58,-35.5,2181.51,44.34,,,258.66,,-32.81,3.73,4.45,-5.72,-0.23,50.0,6.29,-2.45,-115.83,-0.77,5.64,27.79,-39.43,YAK:NKUHOM:9e782613-0d72:0744411,YAK:THOMAS:9e782613-0d72:0936209,,,,b8025265-b0e8-4bba-9e12-d05e1860d054,60140665-e851-fc15-c758-9b61a0b1339b,79.9,6.28,0.13,0.54,1.28,71.67,1.97,0.76,-9.98,-0.07,0.49,-6.87,-13.66,-55.79,74.11,1357.56,-1997.02,56.22,0.51,-0.83,0.23,-38.56,54.06,36.17,-0.72,3.32,2.39,-140.15,217.4,-10.03,32.56,0.68,0.94,-0.1,-0.33,,,1.0,,0.99,39.45,medium,high,23.3,44.39,54.5,"Marushi, Brady",YAK:MA:BR:9e782613-0d72:0325650,YAK:THOMAS:9e782613-0d72:0936209,2022-11,FALSE,,FALSE,,,,,,,,,,,,,,,,,,,,,,,,,,,,,,,,,,,,,,,,,,,,,,,,,
110,2026-09-15,16:41:09,2,1,"Whitesell, Miles",YAK:WH:MI:9e782613-0d72:0975555,Right,YAK:THOMAS:9e782613-0d72:0936209,"Nowak, Mark",YAK:NO:MA:9e782613-0d72:0541523,Right,YAK:NKUHOM:9e782613-0d72:0744411,Stretch,3,Bottom,1,0,0,Cutter,Fastball,InPlay,,FlyBall,Out,1,0,,84.8,-1.05,-0.99,2266.59,180.82,12:00,6.63,1.48,6.0,-31.02,9.52,-1.39,3.06,0.43,75.86,-6.87,-1.26,,83.59,30.77,-22.11,2307.9,58.69,,,311.8,,-22.27,4.72,0.4,5.62,-1.4,50.0,6.54,2.18,-123.24,-3.16,0.58,30.34,-24.06,YAK:NKUHOM:9e782613-0d72:0744411,YAK:THOMAS:9e782613-0d72:0936209,,,,b8025265-b0e8-4bba-9e12-d05e1860d054,3d32a99f-d586-5ec8-8d86-36613064de5b,85.06,6.63,1.48,-1.01,-1.03,76.07,3.06,0.43,-6.82,-1.29,0.46,-1.05,7.6,-73.09,70.23,659.38,-2168.56,29.09,-0.29,-0.96,0.0,-27.03,66.54,42.77,-0.61,1.46,3.35,-118.17,288.54,-18.25,43.14,1.2,0.96,0.27,-0.02,,,0.99,,0.99,45.29,medium,high,26.79,-43.94,54.5,"Marushi, Brady",YAK:MA:BR:9e782613-0d72:0325650,YAK:THOMAS:9e782613-0d72:0936209,2022-11,FALSE,,FALSE,,1.0,3,1.31,0,5.15,0,-0.31,5,-84.26,0,-22.07,0,0.0,2,0.36,2,-62.33,0,0,0,-27.89,0,29.15,0,18.9,,-1.4,,19.8,,-1.6,,18.9,,19.9,,23.52,,78.55,,25.43,,71.3,,73.3,,73.6,
111,2026-09-15,16:41:40,3,1,"Whitesell, Miles",YAK:WH:MI:9e782613-0d72:0975555,Right,YAK:THOMAS:9e782613-0d72:0936209,"Lundholm, Blake",YAK:LU:BL:9e782613-0d72:0431922,Right,YAK:NKUHOM:9e782613-0d72:0744411,Stretch,3,Bottom,2,0,0,Curveball,Curveball,StrikeCalled,,,,0,0,,78.98,2.21,-0.67,2414.86,21.2,6:45,5.99,0.86,6.0,-59.25,-12.26,-6.99,3.13,-0.35,70.65,-8.92,-1.99,,,,,,,,,,,,,3.6,-7.6,-0.8,50,6.14,1.52,-114.67,2.83,4.47,27.21,-41.62,YAK:NKUHOM:9e782613-0d72:0744411,YAK:THOMAS:9e782613-0d72:0936209,,,,b8025265-b0e8-4bba-9e12-d05e1860d054,afe4897b-9c31-4cd6-a571-d555cbad5b19,79.14,5.98,0.86,2.39,-0.69,70.74,3.14,-0.35,-8.73,-2.01,0.49,-6.71,-15.96,-47.51,50.21,1631.08,-1780.76,67.54,0.63,-0.74,0.24,,,,,,,,,,,,,,,,,1.0,,,,medium,high,44.81,-85.75,54.5,"Marushi, Brady",YAK:MA:BR:9e782613-0d72:0325650,YAK:THOMAS:9e782613-0d72:0936209,2022-11,FALSE,,FALSE,,,,,,,,,,,,,,,,,,,,,,,,,,,,,,,,,,,,,,,,,,,,,,,,,
112,2026-09-15,16:41:56,3,2,"Whitesell, Miles",YAK:WH:MI:9e782613-0d72:0975555,Right,YAK:THOMAS:9e782613-0d72:0936209,"Lundholm, Blake",YAK:LU:BL:9e782613-0d72:0431922,Right,YAK:NKUHOM:9e782613-0d72:0744411,Stretch,3,Bottom,2,0,1,Cutter,Cutter,BallCalled,,,,0,0,,84.43,-0.23,-1.15,2270.61,110.93,9:45,6.59,1.5,6.0,-37.12,3.83,-3.73,3.29,0.1,75.49,-7.19,-1.85,,,,,,,,,,,,,1.63,2.19,-1.4,50.0,6.55,2.57,-122.69,-1.55,2.32,30.41,-29.05,YAK:NKUHOM:9e782613-0d72:0744411,YAK:THOMAS:9e782613-0d72:0936209,,,,b8025265-b0e8-4bba-9e12-d05e1860d054,cc5472dc-d2e1-3844-6247-5cc129afc264,84.67,6.59,1.5,-0.15,-1.18,75.68,3.29,0.1,-7.1,-1.88,0.46,-3.41,1.5,-83.98,51.95,238.24,-2258.07,10.49,-0.04,-0.99,0.1,,,,,,,,,,,,,,,,,1.0,,,,medium,high,43.24,1.44,54.5,"Marushi, Brady",YAK:MA:BR:9e782613-0d72:0325650,YAK:THOMAS:9e782613-0d72:0936209,2022-11,FALSE,,FALSE,,,,,,,,,,,,,,,,,,,,,,,,,,,,,,,,,,,,,,,,,,,,,,,,,
113,2026-09-15,16:42:12,3,3,"Whitesell, Miles",YAK:WH:MI:9e782613-0d72:0975555,Right,YAK:THOMAS:9e782613-0d72:0936209,"Lundholm, Blake",YAK:LU:BL:9e782613-0d72:0431922,Right,YAK:NKUHOM:9e782613-0d72:0744411,Stretch,3,Bottom,2,1,1,Curveball,Curveball,StrikeCalled,,,,0,0,,79.12,1.65,0.91,2382.71,23.22,6:45,6.12,0.57,6.0,-59.21,-12.42,-7.63,2.73,0.79,70.88,-9.46,-0.53,,,,,,,,,,,,,4.55,-7.47,-0.64,50.0,6.21,-1.62,-114.92,1.72,5.68,27.31,-41.5,YAK:NKUHOM:9e782613-0d72:0744411,YAK:THOMAS:9e782613-0d72:0936209,,,,b8025265-b0e8-4bba-9e12-d05e1860d054,d2df3d44-5d0c-096c-a72a-37254e43cdde,79.28,6.1,0.57,1.84,0.89,70.97,2.74,0.79,-9.28,-0.55,0.49,-7.4,-16.12,-47.59,47.26,1606.89,-1759.32,67.44,0.62,-0.74,0.27,,,,,,,,,,,,,,,,,0.99,,,,medium,high,47.47,-80.85,54.5,"Marushi, Brady",YAK:MA:BR:9e782613-0d72:0325650,YAK:THOMAS:9e782613-0d72:0936209,2022-11,FALSE,,FALSE,,,,,,,,,,,,,,,,,,,,,,,,,,,,,,,,,,,,,,,,,,,,,,,,,
114,2026-09-15,16:42:29,3,4,"Whitesell, Miles",YAK:WH:MI:9e782613-0d72:0975555,Right,YAK:THOMAS:9e782613-0d72:0936209,"Lundholm, Blake",YAK:LU:BL:9e782613-0d72:0431922,Right,YAK:NKUHOM:9e782613-0d72:0744411,Stretch,3,Bottom,2,1,2,Fastball,Fastball,BallCalled,,,,0,0,,91.82,-1.17,-3.68,2376.17,201.09,12:45,6.61,0.81,6.0,-15.65,19.0,5.62,4.21,-2.18,81.83,-4.11,-2.62,,,,,,,,,,,,,-4.42,10.87,-0.53,50,6.51,8.38,-133.19,-3.21,-7.46,34.87,-13.82,YAK:NKUHOM:9e782613-0d72:0744411,YAK:THOMAS:9e782613-0d72:0936209,,,,b8025265-b0e8-4bba-9e12-d05e1860d054,d46d1d8e-330a-d116-e553-2193aa444bc4,92.1,6.61,0.82,-1.2,-3.72,82.07,4.21,-2.18,-4.13,-2.66,0.42,6.06,18.08,-40.85,73.95,1797.34,-1554.26,75.64,-0.71,-0.65,-0.27,,,,,,,,,,,,,,,,,0.99,,,,medium,high,23.45,-11.1,54.5,"Marushi, Brady",YAK:MA:BR:9e782613-0d72:0325650,YAK:THOMAS:9e782613-0d72:0936209,2022-11,FALSE,,FALSE,,,,,,,,,,,,,,,,,,,,,,,,,,,,,,,,,,,,,,,,,,,,,,,,,
115,2026-09-15,16:42:49,3,5,"Whitesell, Miles",YAK:WH:MI:9e782613-0d72:0975555,Right,YAK:THOMAS:9e782613-0d72:0936209,"Lundholm, Blake",YAK:LU:BL:9e782613-0d72:0431922,Right,YAK:NKUHOM:9e782613-0d72:0744411,Stretch,3,Bottom,2,2,2,Fastball,Fastball,BallCalled,,,,0,0,,92.49,-4.2,-2.65,2404.75,200.68,12:45,6.74,0.79,6.0,-13.77,20.4,5.58,1.64,-1.23,82.83,-6.77,-1.6,,,,,,,,,,,,,-4.0,12.7,-0.59,50.0,6.4,6.02,-133.98,-10.29,-6.86,34.59,-10.42,YAK:NKUHOM:9e782613-0d72:0744411,YAK:THOMAS:9e782613-0d72:0936209,,,,b8025265-b0e8-4bba-9e12-d05e1860d054,44feb68c-bd9e-8173-8f44-d3b72c6ee1ae,92.76,6.74,0.79,-4.24,-2.69,83.05,1.63,-1.23,-6.8,-1.64,0.42,5.98,19.64,-34.08,76.68,1991.87,-1347.34,82.83,-0.77,-0.56,-0.29,,,,,,,,,,,,,,,,,1.0,,,,medium,high,20.99,27.57,54.5,"Marushi, Brady",YAK:MA:BR:9e782613-0d72:0325650,YAK:THOMAS:9e782613-0d72:0936209,2022-11,FALSE,,FALSE,,,,,,,,,,,,,,,,,,,,,,,,,,,,,,,,,,,,,,,,,,,,,,,,,
116,2026-09-15,16:43:08,3,6,"Whitesell, Miles",YAK:WH:MI:9e782613-0d72:0975555,Right,YAK:THOMAS:9e782613-0d72:0936209,"Lundholm, Blake",YAK:LU:BL:9e782613-0d72:0431922,Right,YAK:NKUHOM:9e782613-0d72:0744411,Stretch,3,Bottom,2,3,2,Fastball,Fastball,Foul,,,,0,0,,91.34,-3.01,-1.51,2451.07,200.92,12:45,6.82,0.82,6.0,-13.88,21.05,6.34,2.83,-0.06,81.66,-5.61,-0.31,,,,,,,,,,,,,-4.02,12.64,-0.71,50.0,6.57,3.29,-132.58,-7.41,-6.74,34.18,-10.99,YAK:NKUHOM:9e782613-0d72:0744411,YAK:THOMAS:9e782613-0d72:0936209,,,,b8025265-b0e8-4bba-9e12-d05e1860d054,92b36700-8a76-d136-210d-67bd2f797a67,91.61,6.82,0.83,-3.06,-1.55,81.89,2.83,-0.07,-5.64,-0.36,0.43,6.77,20.25,-30.14,78.91,2119.67,-1230.75,86.48,-0.81,-0.5,-0.31,,,,,,,,,,,,,,,,,1.0,,,,medium,high,18.98,21.48,54.5,"Marushi, Brady",YAK:MA:BR:9e782613-0d72:0325650,YAK:THOMAS:9e782613-0d72:0936209,2022-11,FALSE,,FALSE,,,,,,,,,,,,,,,,,,,,,,,,,,,,,,,,,,,,,,,,,,,,,,,,,
117,2026-09-15,16:43:30,3,7,"Whitesell, Miles",YAK:WH:MI:9e782613-0d72:0975555,Right,YAK:THOMAS:9e782613-0d72:0936209,"Lundholm, Blake",YAK:LU:BL:9e782613-0d72:0431922,Right,YAK:NKUHOM:9e782613-0d72:0744411,Stretch,3,Bottom,2,3,2,Cutter,Fastball,BallCalled,,,Walk,0,0,,84.25,0.37,-0.88,2295.41,183.25,12:00,6.37,1.51,6.0,-30.77,10.29,-0.5,4.16,0.64,75.15,-5.42,-0.98,,,,,,,,,,,,,-0.05,5.53,-1.44,50.0,6.38,1.9,-122.45,-0.08,-0.07,30.0,-24.31,YAK:NKUHOM:9e782613-0d72:0744411,YAK:THOMAS:9e782613-0d72:0936209,,,,b8025265-b0e8-4bba-9e12-d05e1860d054,2322e843-191d-35fe-52ea-f20950a22d5f,84.51,6.37,1.51,0.41,-0.92,75.36,4.16,0.63,-5.37,-1.01,0.46,-0.11,8.39,-71.03,18.68,746.09,-2170.77,32.5,-0.32,-0.95,-0.02,,,,,,,,,,,,,,,,,0.98,,,,medium,high,73.19,-23.95,54.5,"Marushi, Brady",YAK:MA:BR:9e782613-0d72:0325650,YAK:THOMAS:9e782613-0d72:0936209,2022-11,FALSE,,FALSE,,,,,,,,,,,,,,,,,,,,,,,,,,,,,,,,,,,,,,,,,,,,,,,,,
118,2026-09-15,16:44:00,4,2,"Whitesell, Miles",YAK:WH:MI:9e782613-0d72:0975555,Right,YAK:THOMAS:9e782613-0d72:0936209,"Fernandez, Mayo",YAK:FE:MA:9e782613-0d72:0091969,Right,YAK:NKUHOM:9e782613-0d72:0744411,Stretch,3,Bottom,2,1,0,Fastball,Fastball,StrikeCalled,,,,0,0,,88.37,-2.07,-2.78,2391.15,198.27,12:30,6.69,1.29,6.0,-14.97,22.37,5.96,3.5,-0.83,78.92,-4.88,-1.66,,,,,,,,,,,,,-4.27,13.04,-1.07,50.0,6.52,6.06,-128.25,-5.09,-6.7,32.04,-11.74,YAK:NKUHOM:9e782613-0d72:0744411,YAK:THOMAS:9e782613-0d72:0936209,,,,b8025265-b0e8-4bba-9e12-d05e1860d054,8eba9fd3-77e6-28ba-db32-8f8f875b59e3,88.64,6.69,1.29,-2.11,-2.83,79.14,3.5,-0.83,-4.91,-1.7,0.44,6.36,21.49,-26.82,74.2,2133.96,-1078.79,89.24,-0.85,-0.45,-0.28,,,,,,,,,,,,,,,,,0.99,,,,medium,high,23.22,81.31,54.5,"Marushi, Brady",YAK:MA:BR:9e782613-0d72:0325650,YAK:THOMAS:9e782613-0d72:0936209,2022-11,FALSE,,FALSE,,,,,,,,,,,,,,,,,,,,,,,,,,,,,,,,,,,,,,,,,,,,,,,,,
119,2026-09-15,16:44:20,4,2,"Whitesell, Miles",YAK:WH:MI:9e782613-0d72:0975555,Right,YAK:THOMAS:9e782613-0d72:0936209,"Fernandez, Mayo",YAK:FE:MA:9e782613-0d72:0091969,Right,YAK:NKUHOM:9e782613-0d72:0744411,Stretch,3,Bottom,2,1,0,Cutter,Fastball,Foul,,,,0,0,,85.22,-2.23,-2.3,2370.31,200.23,12:45,6.43,1.33,6.0,-27.83,12.36,1.64,2.01,-0.7,76.36,-7.44,-1.99,,21.87,77.45,58.19,,,,,5.93,,6.73,1.52,-1.74,7.61,-1.15,50.0,6.24,4.92,-123.7,-5.63,-2.53,30.27,-21.1,YAK:NKUHOM:9e782613-0d72:0744411,YAK:THOMAS:9e782613-0d72:0936209,,,,b8025265-b0e8-4bba-9e12-d05e1860d054,2d539798-7262-2918-2f26-034e8d408771,85.48,6.43,1.33,-2.21,-2.35,76.57,2.02,-0.7,-7.4,-2.03,0.46,2.09,10.7,-65.44,58.39,985.25,-2155.84,41.57,-0.39,-0.91,-0.14,4.04,2.5,21.35,-2.95,0.48,-0.58,0.69,5.89,,,,,,,,,0.93,,,-9.11,medium,high,37.45,-51.85,54.5,"Marushi, Brady",YAK:MA:BR:9e782613-0d72:0325650,YAK:THOMAS:9e782613-0d72:0936209,2022-11,FALSE,,FALSE,,0.91,5,82.78,3,102.99,5,-0.1,5,-19.43,5,25.43,5,8.21,4,0.59,5,-15.45,4,11.14,5,23.83,4,-0.96,5,19.9,,-8.1,,11.7,,-9.3,,21.6,,15,,635.17,,959,,921.76,,22.1,,42.5,,52,
120,2026-09-15,16:44:48,4,3,"Whitesell, Miles",YAK:WH:MI:9e782613-0d72:0975555,Right,YAK:THOMAS:9e782613-0d72:0936209,"Fernandez, Mayo",YAK:FE:MA:9e782613-0d72:0091969,Right,YAK:NKUHOM:9e782613-0d72:0744411,Stretch,3,Bottom,2,1,1,Fastball,Fastball,StrikeSwinging,,,StrikeoutSwinging,1,0,,89.51,-3.0,-2.54,2342.45,204.93,12:45,6.37,1.46,6.0,-15.03,21.37,8.1,2.3,-0.25,80.06,-5.81,-1.01,,,,,,,,,,,,,-5.35,12.81,-1.26,50.0,6.13,5.51,-129.84,-7.27,-8.6,32.63,-11.57,YAK:NKUHOM:9e782613-0d72:0744411,YAK:THOMAS:9e782613-0d72:0936209,,,,b8025265-b0e8-4bba-9e12-d05e1860d054,2756dbbb-0e95-807b-c79a-c74d26ff71a2,89.78,6.38,1.46,-3.04,-2.59,80.28,2.3,-0.26,-5.84,-1.07,0.43,8.61,20.52,-25.21,82.06,2119.37,-997.67,90.48,-0.82,-0.43,-0.38,,,,,,,,,,,,,,,,,0.99,,,,medium,high,16.14,-14.19,54.5,"Marushi, Brady",YAK:MA:BR:9e782613-0d72:0325650,YAK:THOMAS:9e782613-0d72:0936209,2022-11,FALSE,,FALSE,,,,,,,,,,,,,,,,,,,,,,,,,,,,,,,,,,,,,,,,,,,,,,,,,
,2026-09-15,16:45:29,,,,,,,,,,,,,,,,,,Fastball,,,,,,,,82.3,-0.21,3.83,2122.85,132.5,10:30,6.31,-3.71,6.0,-26.41,16.68,-14.6,3.92,-1.33,73.45,-5.17,1.08,,,,,,,,,,,,,9.4,9.24,3.42,50.0,6.28,-7.58,-119.4,-1.17,12.77,27.87,-19.62,,,,,,,4d2107cd-785f-05dc-b604-28dc4c743fb7,82.55,6.31,-3.72,-0.21,3.92,73.65,3.92,-1.32,-5.16,1.18,0.47,-15.54,15.22,27.15,80.86,1888.9,968.8,88.98,-0.6,0.46,0.66,,,,,,,,,,,,,,,,,1.0,,,,medium,high,17.22,-86.95,54.5,,,,2022-11,FALSE,,FALSE,,,,,,,,,,,,,,,,,,,,,,,,,,,,,,,,,,,,,,,,,,,,,,,,,
,2026-09-15,16:45:42,,,,,,,,,,,,,,,,,,Fastball,,,,,,,,83.18,1.05,3.58,2155.8,132.57,10:30,6.45,-3.15,6.0,-25.95,16.28,-14.41,5.27,-0.98,74.01,-3.83,0.87,,,,,,,,,,,,,9.22,8.57,2.88,50,6.51,-7.15,-120.66,1.49,12.77,28.74,-20.3,,,,,,,9352486c-7c99-0754-2c61-f7033eaa7058,83.43,6.45,-3.16,1.04,3.68,74.21,5.27,-0.98,-3.82,0.97,0.47,-15.35,14.82,29.99,77.32,1867.15,1077.6,86.61,-0.59,0.5,0.64,,,,,,,,,,,,,,,,,0.99,,,,medium,high,20.41,-79.7,54.5,,,,2022-11,FALSE,,FALSE,,,,,,,,,,,,,,,,,,,,,,,,,,,,,,,,,,,,,,,,,,,,,,,,,
,2026-09-15,16:45:55,,,,,,,,,,,,,,,,,,Fastball,,,,,,,,85.61,-2.92,4.06,2240.13,138.47,10:30,6.67,-3.09,6.0,-21.1,18.76,-13.5,2.16,-0.4,76.71,-6.87,1.52,,,,,,,,,,,,,8.84,11.34,2.78,50.0,6.43,-8.4,-124.02,-6.96,12.99,29.55,-15.52,,,,,,,9b1928ed-99dc-72f6-4d0d-c415ce0fcdf7,85.86,6.67,-3.1,-2.94,4.14,76.91,2.16,-0.39,-6.87,1.61,0.45,-14.32,17.65,22.57,79.87,2068.57,859.78,92.34,-0.69,0.38,0.61,,,,,,,,,,,,,,,,,0.98,,,,medium,high,18.11,-84.9,54.5,,,,2022-11,FALSE,,FALSE,,,,,,,,,,,,,,,,,,,,,,,,,,,,,,,,,,,,,,,,,,,,,,,,,
,2026-09-15,16:46:07,,,,,,,,,,,,,,,,,,Fastball,,,,,,,,84.52,-2.08,3.61,2223.96,134.35,10:30,6.57,-3.2,6.0,-22.59,18.24,-15.66,2.73,-1.11,75.65,-6.31,0.66,,,,,,,,,,,,,9.89,10.76,2.92,50.0,6.39,-7.28,-122.58,-5.1,14.17,29.07,-16.75,,,,,,,3b16a1ee-8cbe-3683-48e0-120e2b7baedd,84.77,6.57,-3.21,-2.09,3.7,75.84,2.73,-1.11,-6.31,0.76,0.46,-16.56,17.01,14.45,63.57,2153.59,555.03,96.84,-0.68,0.25,0.69,,,,,,,,,,,,,,,,,1.0,,,,medium,high,32.79,-33.57,54.5,,,,2022-11,FALSE,,FALSE,,,,,,,,,,,,,,,,,,,,,,,,,,,,,,,,,,,,,,,,,,,,,,,,,
,2026-09-15,16:46:22,,,,,,,,,,,,,,,,,,Fastball,,,,,,,,84.95,-0.44,3.27,2228.35,135.31,10:30,6.39,-3.29,6.0,-22.73,17.68,-14.55,4.08,-1.43,75.77,-4.72,0.53,,,,,,,,,,,,,9.18,9.88,3.04,50,6.34,-6.63,-123.3,-1.61,13.29,29.8,-17.87,,,,,,,9e1a33fe-80cb-4c7a-9610-760c605b8436,85.2,6.39,-3.3,-0.46,3.37,75.97,4.08,-1.42,-4.72,0.63,0.46,-15.45,16.41,23.09,83.11,2049.85,873.89,91.99,-0.65,0.39,0.65,,,,,,,,,,,,,,,,,0.97,,,,medium,high,15.2,-88.56,54.5,,,,2022-11,FALSE,,FALSE,,,,,,,,,,,,,,,,,,,,,,,,,,,,,,,,,,,,,,,,,,,,,,,,,
,2026-09-15,16:46:36,,,,,,,,,,,,,,,,,,Fastball,,,,,,,,85.95,-1.8,4.64,2245.04,134.97,10:30,6.34,-3.39,6.0,-21.82,17.75,-14.42,2.82,-0.22,76.84,-5.89,1.94,,,,,,,,,,,,,9.57,10.39,3.03,50.0,6.18,-9.69,-124.5,-4.57,14.15,29.91,-16.8,,,,,,,64ce050a-5980-64da-d141-2cb4ec7cd9f3,86.2,6.34,-3.4,-1.82,4.74,77.04,2.82,-0.22,-5.9,2.03,0.45,-15.3,16.6,23.88,86.87,2052.81,908.94,91.44,-0.65,0.4,0.65,,,,,,,,,,,,,,,,,0.99,,,,medium,high,11.82,43.9,54.5,,,,2022-11,FALSE,,FALSE,,,,,,,,,,,,,,,,,,,,,,,,,,,,,,,,,,,,,,,,,,,,,,,,,
,2026-09-15,16:46:50,,,,,,,,,,,,,,,,,,Fastball,,,,,,,,88.53,-2.04,2.31,2304.53,138.55,10:30,6.85,-3.03,6.0,-18.17,19.0,-14.49,3.42,-2.07,79.11,-5.45,-0.42,,,,,,,,,,,,,8.79,11.18,2.85,50.0,6.68,-4.74,-128.54,-5.12,13.84,32.27,-14.58,,,,,,,a4080d03-7eac-81b3-bc62-3a9ca5c4266f,88.79,6.85,-3.03,-2.06,2.39,79.32,3.42,-2.06,-5.46,-0.34,0.44,-15.31,17.96,13.37,62.11,2242.1,532.79,97.29,-0.73,0.23,0.64,,,,,,,,,,,,,,,,,1.0,,,,medium,high,34.1,-31.5,54.5,,,,2022-11,FALSE,,FALSE,,,,,,,,,,,,,,,,,,,,,,,,,,,,,,,,,,,,,,,,,,,,,,,,,
121,2026-09-15,16:47:25,1,1,"Lange, Tannis",YAK:LA:TA:9e782613-0d72:0411619,Right,YAK:NKUHOM:9e782613-0d72:0744411,"McCarty, Noah",YAK:MC:NO:9e782613-0d72:0596191,Left,YAK:THOMAS:9e782613-0d72:0936209,Stretch,4,Top,0,0,0,Fastball,Fastball,InPlay,,GroundBall,Out,1,0,,89.28,-2.55,3.79,2282.19,137.57,10:30,6.57,-3.36,6.0,-18.19,18.44,-14.14,2.65,-0.98,79.84,-5.96,1.13,,,,,,,,,,,,,9.11,11.04,3.07,50.0,6.36,-8.14,-129.41,-6.34,14.56,32.34,-14.53,YAK:NKUHOM:9e782613-0d72:0744411,YAK:THOMAS:9e782613-0d72:0936209,,,,b8025265-b0e8-4bba-9e12-d05e1860d054,53ca38c4-ca51-7533-1900-c7925546640d,89.54,6.57,-3.37,-2.58,3.87,80.05,2.65,-0.97,-5.98,1.22,0.44,-14.97,17.47,18.75,66.57,2161.1,733.53,94.69,-0.7,0.32,0.64,,,,,,,,,,,,,,,,,0.99,,,,medium,high,30.09,-77.09,54.5,"Turner, Tyler",YAK:TU:TY:9e782613-0d72:0703730,YAK:NKUHOM:9e782613-0d72:0744411,2022-11,FALSE,,FALSE,,,,,,,,,,,,,,,,,,,,,,,,,,,,,,,,,,,,,,,,,,,,,,,,,
122,2026-09-15,16:48:00,2,1,"Lange, Tannis",YAK:LA:TA:9e782613-0d72:0411619,Right,YAK:NKUHOM:9e782613-0d72:0744411,"Shannon, Parker",YAK:SH:PA:9e782613-0d72:0095366,Right,YAK:THOMAS:9e782613-0d72:0936209,Stretch,4,Top,1,0,0,Slider,Slider,BallCalled,,,,0,0,,78.14,-0.07,3.83,2342.52,307.2,4:15,6.33,-2.81,6.0,-48.92,-0.75,8.94,2.18,1.54,70.11,-9.21,5.51,,,,,,,,,,,,,-3.45,-0.39,2.5,50.0,6.3,-7.82,-113.3,-1.44,-4.18,26.67,-32.64,YAK:NKUHOM:9e782613-0d72:0744411,YAK:THOMAS:9e782613-0d72:0936209,,,,b8025265-b0e8-4bba-9e12-d05e1860d054,05f06779-907d-1b04-7b49-ee7a9ba25f7b,78.34,6.32,-2.81,0.05,3.85,70.25,2.19,1.54,-9.07,5.53,0.5,8.73,-3.98,68.61,72.09,854.5,2181.11,36.48,0.22,0.93,-0.29,,,,,,,,,,,,,,,,,1.0,,,,medium,high,25.12,-65.32,54.5,"Turner, Tyler",YAK:TU:TY:9e782613-0d72:0703730,YAK:NKUHOM:9e782613-0d72:0744411,2022-11,FALSE,,FALSE,,,,,,,,,,,,,,,,,,,,,,,,,,,,,,,,,,,,,,,,,,,,,,,,,
123,2026-09-15,16:48:16,2,2,"Lange, Tannis",YAK:LA:TA:9e782613-0d72:0411619,Right,YAK:NKUHOM:9e782613-0d72:0744411,"Shannon, Parker",YAK:SH:PA:9e782613-0d72:0095366,Right,YAK:THOMAS:9e782613-0d72:0936209,Stretch,4,Top,1,1,0,Fastball,Fastball,StrikeSwinging,,,,0,0,,88.89,-3.55,4.37,2326.24,135.25,10:30,6.4,-3.15,6.0,-18.59,18.44,-15.39,1.5,-0.32,79.64,-7.03,1.48,,,,,,,,,,,,,9.98,11.38,2.81,50.0,6.11,-9.36,-128.64,-8.57,15.78,31.62,-14.18,YAK:NKUHOM:9e782613-0d72:0744411,YAK:THOMAS:9e782613-0d72:0936209,,,,b8025265-b0e8-4bba-9e12-d05e1860d054,e12e556c-e679-273c-fbfc-168694d88872,89.14,6.4,-3.15,-3.57,4.46,79.84,1.5,-0.32,-7.04,1.57,0.44,-16.26,17.49,14.12,74.74,2256.0,567.34,96.98,-0.69,0.24,0.68,,,,,,,,,,,,,,,,,0.98,,,,medium,high,22.74,-72.1,54.5,"Turner, Tyler",YAK:TU:TY:9e782613-0d72:0703730,YAK:NKUHOM:9e782613-0d72:0744411,2022-11,FALSE,,FALSE,,,,,,,,,,,,,,,,,,,,,,,,,,,,,,,,,,,,,,,,,,,,,,,,,
124,2026-09-15,16:48:34,2,3,"Lange, Tannis",YAK:LA:TA:9e782613-0d72:0411619,Right,YAK:NKUHOM:9e782613-0d72:0744411,"Shannon, Parker",YAK:SH:PA:9e782613-0d72:0095366,Right,YAK:THOMAS:9e782613-0d72:0936209,Stretch,4,Top,1,1,1,Cutter,Fastball,StrikeSwinging,,,,0,0,,81.55,-2.77,3.17,2421.4,171.5,11:45,6.71,-2.68,6.0,-35.22,8.83,1.72,1.17,0.44,73.32,-9.32,3.49,,,,,,,,,,,,,0.22,5.88,2.43,50,6.47,-6.59,-118.22,-6.71,0.29,27.97,-24.37,YAK:NKUHOM:9e782613-0d72:0744411,YAK:THOMAS:9e782613-0d72:0936209,,,,b8025265-b0e8-4bba-9e12-d05e1860d054,7734e74a-f503-04a6-3ba8-3ed6183ee73f,81.79,6.71,-2.68,-2.72,3.21,73.51,1.17,0.44,-9.26,3.53,0.48,1.31,6.66,78.27,17.44,492.39,2370.81,20.34,-0.2,0.98,0.03,,,,,,,,,,,,,,,,,1.0,,,,medium,high,74.3,-18.48,54.5,"Turner, Tyler",YAK:TU:TY:9e782613-0d72:0703730,YAK:NKUHOM:9e782613-0d72:0744411,2022-11,FALSE,,FALSE,,,,,,,,,,,,,,,,,,,,,,,,,,,,,,,,,,,,,,,,,,,,,,,,,
125,2026-09-15,16:48:54,2,4,"Lange, Tannis",YAK:LA:TA:9e782613-0d72:0411619,Right,YAK:NKUHOM:9e782613-0d72:0744411,"Shannon, Parker",YAK:SH:PA:9e782613-0d72:0095366,Right,YAK:THOMAS:9e782613-0d72:0936209,Stretch,4,Top,1,1,2,Changeup,Fastball,Foul,,,,0,0,,83.86,-2.11,4.93,1853.22,117.88,10:00,6.02,-3.75,6.0,-29.58,12.04,-19.06,1.57,-0.7,75.17,-7.64,1.35,,,,,,,,,,,,,12.22,7.37,3.37,50.0,5.83,-9.93,-121.41,-5.32,17.19,28.47,-21.81,YAK:NKUHOM:9e782613-0d72:0744411,YAK:THOMAS:9e782613-0d72:0936209,,,,b8025265-b0e8-4bba-9e12-d05e1860d054,63c1bc5e-934c-e081-8e79-d60393aa6de9,84.09,6.01,-3.76,-2.07,5.03,75.34,1.57,-0.69,-7.59,1.45,0.46,-19.98,10.35,-11.5,0.71,1816.0,-369.55,97.99,-0.46,-0.2,0.87,,,,,,,,,,,,,,,,,1.0,,,,medium,high,89.36,-9.78,54.5,"Turner, Tyler",YAK:TU:TY:9e782613-0d72:0703730,YAK:NKUHOM:9e782613-0d72:0744411,2022-11,FALSE,,FALSE,,,,,,,,,,,,,,,,,,,,,,,,,,,,,,,,,,,,,,,,,,,,,,,,,
126,2026-09-15,16:49:21,2,5,"Lange, Tannis",YAK:LA:TA:9e782613-0d72:0411619,Right,YAK:NKUHOM:9e782613-0d72:0744411,"Shannon, Parker",YAK:SH:PA:9e782613-0d72:0095366,Right,YAK:THOMAS:9e782613-0d72:0936209,Stretch,4,Top,1,1,2,Fastball,Fastball,InPlay,,LineDrive,Double,0,0,,91.23,-2.85,3.37,2294.26,141.48,10:45,6.7,-2.95,6.0,-15.99,19.08,-12.81,2.69,-0.85,81.57,-5.85,0.96,,103.27,21.57,6.66,2459.88,41.17,,,370.25,,18.08,4.32,8.23,11.5,2.69,50.0,6.47,-7.38,-132.27,-7.1,13.74,33.82,-12.98,YAK:NKUHOM:9e782613-0d72:0744411,YAK:THOMAS:9e782613-0d72:0936209,,,,b8025265-b0e8-4bba-9e12-d05e1860d054,e40c8cf8-2686-2150-a84b-07e32fb75173,91.5,6.71,-2.96,-2.89,3.44,81.79,2.69,-0.85,-5.87,1.04,0.43,-13.56,18.21,19.58,37.58,2161.6,768.85,94.22,-0.74,0.34,0.59,11.14,95.39,37.97,0.96,3.0,3.08,114.93,351.96,79.19,51.81,1.24,0.76,0.06,-0.65,,,1.0,,1.0,60.07,medium,high,56.18,-1.24,54.5,"Turner, Tyler",YAK:TU:TY:9e782613-0d72:0703730,YAK:NKUHOM:9e782613-0d72:0744411,2022-11,FALSE,,FALSE,,1.01,3,85.67,3,111.78,4,-0.13,5,-24.36,5,34.39,5,17.01,5,0.5,4,-20.03,3,16.89,5,32.59,2,0.91,5,14.4,,-7.6,,14.6,,-13.5,,16.4,,20.1,,645.1,,931.04,,1001.03,,31.8,,44,,57.9,
127,2026-09-15,16:50:10,3,1,"Lange, Tannis",YAK:LA:TA:9e782613-0d72:0411619,Right,YAK:NKUHOM:9e782613-0d72:0744411,"Tippie, Austin",YAK:TI:AU:9e782613-0d72:0506154,Right,YAK:THOMAS:9e782613-0d72:0936209,Stretch,4,Top,1,0,0,Fastball,Fastball,BallCalled,,,,0,0,,91.1,-2.35,2.59,2297.06,142.86,10:45,6.65,-3.04,6.0,-15.46,19.66,-12.89,3.15,-1.68,81.38,-5.25,0.16,,,,,,,,,,,,,8.01,11.65,2.84,50.0,6.45,-5.58,-132.21,-5.9,13.35,34.02,-12.77,YAK:NKUHOM:9e782613-0d72:0744411,YAK:THOMAS:9e782613-0d72:0936209,,,,b8025265-b0e8-4bba-9e12-d05e1860d054,d537d51a-cedf-e468-924c-8e26535b5954,91.36,6.65,-3.04,-2.38,2.67,81.59,3.15,-1.68,-5.27,0.24,0.43,-13.63,18.78,14.87,19.85,2220.16,589.39,96.65,-0.77,0.26,0.58,,,,,,,,,,,,,,,,,1.0,,,,medium,high,72.13,-9.16,54.5,"Turner, Tyler",YAK:TU:TY:9e782613-0d72:0703730,YAK:NKUHOM:9e782613-0d72:0744411,2022-11,FALSE,,FALSE,,,,,,,,,,,,,,,,,,,,,,,,,,,,,,,,,,,,,,,,,,,,,,,,,
128,2026-09-15,16:50:27,3,2,"Lange, Tannis",YAK:LA:TA:9e782613-0d72:0411619,Right,YAK:NKUHOM:9e782613-0d72:0744411,"Tippie, Austin",YAK:TI:AU:9e782613-0d72:0506154,Right,YAK:THOMAS:9e782613-0d72:0936209,Stretch,4,Top,1,1,0,Fastball,Fastball,StrikeCalled,,,,0,0,,90.67,-2.09,3.81,2287.86,142.39,10:45,6.59,-2.81,6.0,-16.02,19.49,-12.81,3.29,-0.29,80.97,-5.1,1.41,,,,,,,,,,,,,8.39,11.45,2.52,50,6.42,-8.37,-131.46,-5.3,13.84,33.47,-13.29,YAK:NKUHOM:9e782613-0d72:0744411,YAK:THOMAS:9e782613-0d72:0936209,,,,b8025265-b0e8-4bba-9e12-d05e1860d054,b5fa92a9-c25a-2e58-e21e-0e5452b37b0c,90.94,6.6,-2.82,-2.12,3.89,81.18,3.29,-0.29,-5.12,1.49,0.43,-13.56,18.61,18.12,33.03,2174.41,711.5,95.04,-0.75,0.31,0.58,,,,,,,,,,,,,,,,,0.99,,,,medium,high,60.27,-4.26,54.5,"Turner, Tyler",YAK:TU:TY:9e782613-0d72:0703730,YAK:NKUHOM:9e782613-0d72:0744411,2022-11,FALSE,,FALSE,,,,,,,,,,,,,,,,,,,,,,,,,,,,,,,,,,,,,,,,,,,,,,,,,
129,2026-09-15,16:50:44,3,3,"Lange, Tannis",YAK:LA:TA:9e782613-0d72:0411619,Right,YAK:NKUHOM:9e782613-0d72:0744411,"Tippie, Austin",YAK:TI:AU:9e782613-0d72:0506154,Right,YAK:THOMAS:9e782613-0d72:0936209,Stretch,4,Top,1,1,1,Slider,Slider,StrikeCalled,,,,0,0,,79.06,1.01,0.94,2356.26,303.53,4:00,6.19,-2.2,6.0,-49.84,-3.04,11.09,2.99,-0.39,70.78,-8.34,3.04,,,,,,,,,,,,,-5.75,-2.06,2.12,50.0,6.25,-2.19,-114.87,0.7,-7.17,27.14,-34.74,YAK:NKUHOM:9e782613-0d72:0744411,YAK:THOMAS:9e782613-0d72:0936209,,,,b8025265-b0e8-4bba-9e12-d05e1860d054,14f9ce8d-a8b8-77dc-f172-22bf46668287,79.26,6.18,-2.2,1.15,0.95,70.91,3.0,-0.39,-8.19,3.03,0.49,11.04,-6.28,61.08,40.41,1139.48,2062.41,48.36,0.27,0.88,-0.4,,,,,,,,,,,,,,,,,1.0,,,,medium,high,53.63,5.96,54.5,"Turner, Tyler",YAK:TU:TY:9e782613-0d72:0703730,YAK:NKUHOM:9e782613-0d72:0744411,2022-11,FALSE,,FALSE,,,,,,,,,,,,,,,,,,,,,,,,,,,,,,,,,,,,,,,,,,,,,,,,,
130,2026-09-15,16:51:00,3,4,"Lange, Tannis",YAK:LA:TA:9e782613-0d72:0411619,Right,YAK:NKUHOM:9e782613-0d72:0744411,"Tippie, Austin",YAK:TI:AU:9e782613-0d72:0506154,Right,YAK:THOMAS:9e782613-0d72:0936209,Stretch,4,Top,1,1,2,Changeup,Slider,InPlay,,GroundBall,Out,1,0,,79.96,-0.47,1.6,2353.97,305.27,4:15,6.03,-2.74,6.0,-49.13,-3.31,11.63,1.5,-0.26,71.8,-9.65,3.8,,76.47,38.56,7.89,3732.75,70.01,,,267.28,,17.51,4.71,-5.79,-1.64,2.6,50.0,5.97,-3.57,-116.15,-2.28,-7.38,28.02,-34.27,YAK:NKUHOM:9e782613-0d72:0744411,YAK:THOMAS:9e782613-0d72:0936209,,,,b8025265-b0e8-4bba-9e12-d05e1860d054,94189270-78e7-6a8f-d8fa-4f4127eb4cb6,80.16,6.02,-2.74,-0.33,1.6,71.92,1.51,-0.26,-9.51,3.79,0.49,11.63,-6.55,60.23,8.76,1168.83,2043.28,49.65,0.29,0.87,-0.41,8.21,59.23,47.66,0.43,3.22,2.06,80.42,254.89,46.4,9.38,0.82,0.86,0.23,-0.46,,,0.98,,1.0,40.88,medium,high,82.11,11.64,54.5,"Turner, Tyler",YAK:TU:TY:9e782613-0d72:0703730,YAK:NKUHOM:9e782613-0d72:0744411,2022-11,FALSE,,FALSE,,0.93,5,71.92,1,83.9,4,-0.17,5,-29.37,5,25.59,5,6.71,3,0.55,5,-27.81,3,11.62,5,21.39,4,15.16,2,18,,-5.6,,28.9,,9.9,,18.9,,30.9,,290.88,,462.4,,641.62,,34,,44.5,,59.1,
131,2026-09-15,16:51:41,4,1,"Lange, Tannis",YAK:LA:TA:9e782613-0d72:0411619,Right,YAK:NKUHOM:9e782613-0d72:0744411,"O'Donnell, Sean",YAK:OD:SE:9e782613-0d72:0007075,Right,YAK:THOMAS:9e782613-0d72:0936209,Stretch,4,Top,2,0,0,Cutter,Fastball,StrikeCalled,,,,0,0,,85.45,-0.89,2.23,2208.14,161.69,11:30,6.29,-2.61,6.0,-28.52,11.43,-1.5,3.08,-0.64,76.37,-6.24,1.95,,,,,,,,,,,,,1.64,6.62,2.44,50.0,6.21,-4.8,-124.11,-2.76,2.41,30.64,-22.49,YAK:NKUHOM:9e782613-0d72:0744411,YAK:THOMAS:9e782613-0d72:0936209,,,,b8025265-b0e8-4bba-9e12-d05e1860d054,75221455-d123-c194-ab46-364a962caba5,85.71,6.29,-2.62,-0.87,2.28,76.58,3.08,-0.64,-6.21,1.99,0.45,-1.95,9.71,67.38,11.57,849.34,2038.26,38.46,-0.37,0.92,0.12,,,,,,,,,,,,,,,,,0.99,,,,medium,high,79.58,-46.88,54.5,"Turner, Tyler",YAK:TU:TY:9e782613-0d72:0703730,YAK:NKUHOM:9e782613-0d72:0744411,2022-11,FALSE,,FALSE,,,,,,,,,,,,,,,,,,,,,,,,,,,,,,,,,,,,,,,,,,,,,,,,,
132,2026-09-15,16:51:57,4,2,"Lange, Tannis",YAK:LA:TA:9e782613-0d72:0411619,Right,YAK:NKUHOM:9e782613-0d72:0744411,"O'Donnell, Sean",YAK:OD:SE:9e782613-0d72:0007075,Right,YAK:THOMAS:9e782613-0d72:0936209,Stretch,4,Top,2,0,1,Fastball,Fastball,BallCalled,,,,0,0,,91.27,-1.92,2.28,2299.65,140.91,10:45,6.41,-2.6,6.0,-15.57,19.41,-13.85,3.31,-1.61,81.47,-4.85,-0.33,,,,,,,,,,,,,8.44,11.36,2.42,50,6.25,-4.84,-132.53,-4.94,14.11,34.35,-13.17,YAK:NKUHOM:9e782613-0d72:0744411,YAK:THOMAS:9e782613-0d72:0936209,,,,b8025265-b0e8-4bba-9e12-d05e1860d054,6d757fc5-4d68-a697-19de-761f71d55653,91.54,6.41,-2.6,-1.96,2.36,81.69,3.3,-1.6,-4.87,-0.25,0.43,-14.63,18.49,10.14,61.91,2263.7,405.02,98.44,-0.76,0.18,0.62,,,,,,,,,,,,,,,,,1.0,,,,medium,high,34.28,11.2,54.5,"Turner, Tyler",YAK:TU:TY:9e782613-0d72:0703730,YAK:NKUHOM:9e782613-0d72:0744411,2022-11,FALSE,,FALSE,,,,,,,,,,,,,,,,,,,,,,,,,,,,,,,,,,,,,,,,,,,,,,,,,
133,2026-09-15,16:52:15,4,3,"Lange, Tannis",YAK:LA:TA:9e782613-0d72:0411619,Right,YAK:NKUHOM:9e782613-0d72:0744411,"O'Donnell, Sean",YAK:OD:SE:9e782613-0d72:0007075,Right,YAK:THOMAS:9e782613-0d72:0936209,Stretch,4,Top,2,1,1,Fastball,Fastball,BallCalled,,,,0,0,,89.86,-1.37,2.82,2303.95,142.57,10:45,6.79,-2.63,6.0,-16.99,19.1,-12.43,4.08,-1.02,80.17,-4.57,0.48,,,,,,,,,,,,,7.85,11.0,2.42,50.0,6.67,-6.05,-130.45,-3.65,12.72,33.29,-14.35,YAK:NKUHOM:9e782613-0d72:0744411,YAK:THOMAS:9e782613-0d72:0936209,,,,b8025265-b0e8-4bba-9e12-d05e1860d054,669b61f5-4173-5155-4648-31009d6f8e0a,90.13,6.79,-2.64,-1.41,2.9,80.38,4.08,-1.01,-4.59,0.56,0.43,-13.18,18.14,22.29,40.54,2131.8,873.85,92.53,-0.73,0.38,0.56,,,,,,,,,,,,,,,,,1.0,,,,medium,high,53.51,1.25,54.5,"Turner, Tyler",YAK:TU:TY:9e782613-0d72:0703730,YAK:NKUHOM:9e782613-0d72:0744411,2022-11,FALSE,,FALSE,,,,,,,,,,,,,,,,,,,,,,,,,,,,,,,,,,,,,,,,,,,,,,,,,
134,2026-09-15,16:52:37,4,4,"Lange, Tannis",YAK:LA:TA:9e782613-0d72:0411619,Right,YAK:NKUHOM:9e782613-0d72:0744411,"O'Donnell, Sean",YAK:OD:SE:9e782613-0d72:0007075,Right,YAK:THOMAS:9e782613-0d72:0936209,Stretch,4,Top,2,2,1,Slider,Slider,BallCalled,,,,0,0,,77.15,2.75,0.04,2278.79,294.76,3:45,6.23,-2.34,6.0,-50.85,-1.67,11.35,4.58,-1.36,68.81,-6.82,2.18,,,,,,,,,,,,,-6.24,-1.95,2.33,50.0,6.42,-0.37,-112.0,4.05,-7.41,25.53,-34.49,YAK:NKUHOM:9e782613-0d72:0744411,YAK:THOMAS:9e782613-0d72:0936209,,,,b8025265-b0e8-4bba-9e12-d05e1860d054,17ef930f-1759-bded-7df7-6ec0b98a0d86,77.35,6.22,-2.34,2.89,0.04,68.95,4.59,-1.36,-6.67,2.18,0.5,11.32,-4.93,60.89,48.02,1108.68,1990.91,48.65,0.2,0.87,-0.44,,,,,,,,,,,,,,,,,1.0,,,,medium,high,46.78,10.13,54.5,"Turner, Tyler",YAK:TU:TY:9e782613-0d72:0703730,YAK:NKUHOM:9e782613-0d72:0744411,2022-11,FALSE,,FALSE,,,,,,,,,,,,,,,,,,,,,,,,,,,,,,,,,,,,,,,,,,,,,,,,,
135,2026-09-15,16:52:56,4,5,"Lange, Tannis",YAK:LA:TA:9e782613-0d72:0411619,Right,YAK:NKUHOM:9e782613-0d72:0744411,"O'Donnell, Sean",YAK:OD:SE:9e782613-0d72:0007075,Right,YAK:THOMAS:9e782613-0d72:0936209,Stretch,4,Top,2,3,1,Fastball,Fastball,StrikeCalled,,,,0,0,,91.49,-3.68,5.57,2362.14,142.58,10:45,6.68,-3.23,6.0,-15.02,20.04,-12.83,1.95,0.94,81.88,-6.49,3.17,,,,,,,,,,,,,8.99,12.29,2.8,50.0,6.38,-12.48,-132.16,-9.01,15.01,33.17,-11.64,YAK:NKUHOM:9e782613-0d72:0744411,YAK:THOMAS:9e782613-0d72:0936209,,,,b8025265-b0e8-4bba-9e12-d05e1860d054,de4f0d75-0674-12b5-2d52-3f998105119c,91.76,6.68,-3.24,-3.72,5.64,82.1,1.95,0.95,-6.51,3.24,0.43,-13.58,19.31,18.37,27.8,2241.71,744.61,94.9,-0.75,0.32,0.58,,,,,,,,,,,,,,,,,0.99,,,,medium,high,64.98,-6.41,54.5,"Turner, Tyler",YAK:TU:TY:9e782613-0d72:0703730,YAK:NKUHOM:9e782613-0d72:0744411,2022-11,FALSE,,FALSE,,,,,,,,,,,,,,,,,,,,,,,,,,,,,,,,,,,,,,,,,,,,,,,,,
136,2026-09-15,16:53:15,4,6,"Lange, Tannis",YAK:LA:TA:9e782613-0d72:0411619,Right,YAK:NKUHOM:9e782613-0d72:0744411,"O'Donnell, Sean",YAK:OD:SE:9e782613-0d72:0007075,Right,YAK:THOMAS:9e782613-0d72:0936209,Stretch,4,Top,2,3,2,Fastball,Fastball,StrikeCalled,,,StrikeoutLooking,1,0,,91.55,-3.5,3.54,2255.6,143.72,10:45,6.67,-2.89,6.0,-14.92,19.94,-12.58,2.13,-0.61,81.93,-6.3,1.18,,,,,,,,,,,,,8.16,12.19,2.62,50.0,6.39,-7.82,-132.63,-8.6,13.7,33.8,-11.7,YAK:NKUHOM:9e782613-0d72:0744411,YAK:THOMAS:9e782613-0d72:0936209,,,,b8025265-b0e8-4bba-9e12-d05e1860d054,9b69390c-42a4-6cf1-9927-9d6d5c23351d,91.82,6.67,-2.9,-3.54,3.62,82.14,2.13,-0.6,-6.32,1.25,0.42,-13.28,19.13,13.68,61.85,2191.64,533.34,97.16,-0.78,0.24,0.57,,,,,,,,,,,,,,,,,0.99,,,,medium,high,34.33,8.48,54.5,"Turner, Tyler",YAK:TU:TY:9e782613-0d72:0703730,YAK:NKUHOM:9e782613-0d72:0744411,2022-11,FALSE,,FALSE,,,,,,,,,,,,,,,,,,,,,,,,,,,,,,,,,,,,,,,,,,,,,,,,,
,2026-09-15,16:54:00,,,,,,,,,,,,,,,,,,Fastball,,,,,,,,83.2,-1.53,-0.69,1717.65,204.05,12:45,6.59,1.03,6.0,-21.97,20.07,7.41,3.32,1.0,74.4,-5.65,0.71,,,,,,,,,,,,,-4.33,11.59,-0.98,50.0,6.46,1.24,-120.91,-3.85,-6.02,28.72,-16.05,,,,,,,2c89983c-9e25-3349-846a-3c35e8997761,83.46,6.59,1.04,-1.55,-0.74,74.61,3.32,1.0,-5.65,0.66,0.47,7.9,18.72,-21.1,95.31,1602.44,-618.47,93.29,-0.85,-0.36,-0.38,,,,,,,,,,,,,,,,,1.0,,,,medium,high,4.22,11.6,54.5,,,,2022-11,FALSE,,FALSE,,,,,,,,,,,,,,,,,,,,,,,,,,,,,,,,,,,,,,,,,,,,,,,,,
,2026-09-15,16:54:11,,,,,,,,,,,,,,,,,,Changeup,,,,,,,,75.28,0.36,-1.57,827.56,242.89,2:00,6.52,0.82,6.0,-42.63,8.82,10.87,3.3,0.25,67.44,-7.64,0.48,,,,,,,,,,,,,-6.56,4.72,-0.7,50.0,6.53,2.71,-109.39,-0.41,-7.45,23.88,-26.81,,,,,,,b71e7e9b-6f2d-49b3-e77c-7e1924ab5847,75.5,6.51,0.82,0.42,-1.64,67.61,3.31,0.25,-7.56,0.41,0.52,11.59,6.26,-29.69,28.29,718.91,-409.91,86.87,-0.4,-0.5,-0.77,,,,,,,,,,,,,,,,,1.0,,,,medium,high,64.54,-1.84,54.5,,,,2022-11,FALSE,,FALSE,,,,,,,,,,,,,,,,,,,,,,,,,,,,,,,,,,,,,,,,,,,,,,,,,
,2026-09-15,16:54:23,,,,,,,,,,,,,,,,,,Curveball,,,,,,,,71.05,1.79,0.12,1581.62,43.7,7:30,5.76,0.1,6.0,-64.72,-6.71,-11.02,2.04,-0.7,63.87,-10.34,-1.96,,,,,,,,,,,,,6.12,-4.38,-0.1,50.0,5.87,0.04,-103.2,1.66,6.16,22.0,-36.58,,,,,,,80ace124-38c4-5f69-60a4-9eb2068dc70e,71.21,5.74,0.1,1.97,0.12,63.94,2.06,-0.7,-10.15,-1.96,0.55,-10.98,-10.81,-48.23,77.38,1053.66,-1179.55,66.62,0.48,-0.75,0.46,,,,,,,,,,,,,,,,,1.0,,,,medium,high,20.36,-78.17,54.5,,,,2022-11,FALSE,,FALSE,,,,,,,,,,,,,,,,,,,,,,,,,,,,,,,,,,,,,,,,,,,,,,,,,
,2026-09-15,16:54:33,,,,,,,,,,,,,,,,,,Curveball,,,,,,,,70.77,2.28,0.31,1744.7,41.06,7:15,5.82,0.24,6.0,-68.06,-9.53,-12.41,2.29,-0.5,63.59,-10.47,-2.04,,,,,,,,,,,,,6.96,-6.13,-0.26,50.0,5.96,-0.26,-102.76,2.47,6.94,21.91,-38.28,,,,,,,d566ebd9-f341-5f74-2f82-294d731f63d1,70.91,5.8,0.24,2.48,0.32,63.65,2.3,-0.5,-10.27,-2.02,0.55,-12.49,-13.82,-39.09,74.27,1354.08,-1100.2,77.61,0.59,-0.63,0.51,,,,,,,,,,,,,,,,,1.0,,,,medium,high,23.15,79.2,54.5,,,,2022-11,FALSE,,FALSE,,,,,,,,,,,,,,,,,,,,,,,,,,,,,,,,,,,,,,,,,,,,,,,,,
,2026-09-15,16:54:45,,,,,,,,,,,,,,,,,,Fastball,,,,,,,,84.79,-3.4,-1.74,1970.58,199.47,12:45,6.66,0.69,6.0,-19.02,21.52,5.95,1.87,-0.45,76.04,-6.95,-0.62,,,,,,,,,,,,,-3.88,13.03,-0.56,50.0,6.38,3.56,-123.02,-7.86,-5.61,29.22,-13.36,,,,,,,aed44eef-bc1a-68aa-5945-819781ebdeab,85.05,6.66,0.7,-3.43,-1.78,76.25,1.87,-0.45,-6.97,-0.66,0.46,6.35,20.42,-23.63,83.46,1805.28,-790.02,91.61,-0.86,-0.4,-0.31,,,,,,,,,,,,,,,,,1.0,,,,medium,high,14.88,-29.12,54.5,,,,2022-11,FALSE,,FALSE,,,,,,,,,,,,,,,,,,,,,,,,,,,,,,,,,,,,,,,,,,,,,,,,,
,2026-09-15,16:55:00,,,,,,,,,,,,,,,,,,Changeup,,,,,,,,78.3,0.4,-2.46,917.33,242.04,2:00,6.0,1.78,6.0,-38.37,9.22,11.53,3.18,0.43,70.02,-6.8,-0.29,,,,,,,,,,,,,-7.24,4.92,-1.59,50.0,6.01,4.58,-113.71,-0.23,-8.9,25.7,-26.12,,,,,,,73d4593e-b4d9-c18d-7a41-12fb666309ac,78.53,5.99,1.79,0.45,-2.54,70.2,3.18,0.43,-6.73,-0.36,0.5,12.26,6.94,-27.77,14.13,811.66,-427.43,88.48,-0.41,-0.47,-0.78,,,,,,,,,,,,,,,,,0.98,,,,medium,high,77.28,4.07,54.5,,,,2022-11,FALSE,,FALSE,,,,,,,,,,,,,,,,,,,,,,,,,,,,,,,,,,,,,,,,,,,,,,,,,
,2026-09-15,16:55:14,,,,,,,,,,,,,,,,,,Curveball,,,,,,,,71.17,1.8,-0.71,1739.15,41.91,7:30,5.89,0.25,6.0,-66.43,-8.53,-12.25,2.05,-1.44,64.0,-10.64,-3.03,,,,,,,,,,,,,6.47,-5.4,-0.19,50.0,6.0,1.58,-103.36,1.65,6.53,22.29,-37.62,,,,,,,43058dac-9ff5-e0ca-c179-3dd696823972,71.31,5.88,0.25,1.99,-0.71,64.06,2.06,-1.44,-10.44,-3.02,0.55,-12.29,-12.79,-41.91,61.59,1294.32,-1161.64,74.42,0.55,-0.67,0.5,,,,,,,,,,,,,,,,,1.0,,,,medium,high,34.57,67.13,54.5,,,,2022-11,FALSE,,FALSE,,,,,,,,,,,,,,,,,,,,,,,,,,,,,,,,,,,,,,,,,,,,,,,,,
,2026-09-15,16:55:25,,,,,,,,,,,,,,,,,,Fastball,,,,,,,,83.35,-2.6,-2.03,1939.25,201.13,12:45,6.79,0.9,6.0,-21.17,20.75,6.2,2.58,-0.48,74.68,-6.56,-0.86,,,,,,,,,,,,,-4.13,12.33,-0.75,50.0,6.57,4.1,-121.0,-6.09,-5.77,28.43,-14.96,,,,,,,fad6a2c1-a6d5-6743-73a1-a30b7f9cd3bd,83.61,6.79,0.91,-2.62,-2.07,74.89,2.58,-0.48,-6.57,-0.91,0.47,6.65,19.52,-28.03,80.7,1711.71,-911.43,88.27,-0.82,-0.47,-0.32,,,,,,,,,,,,,,,,,0.99,,,,medium,high,17.37,-5.74,54.5,,,,2022-11,FALSE,,FALSE,,,,,,,,,,,,,,,,,,,,,,,,,,,,,,,,,,,,,,,,,,,,,,,,,
137,2026-09-15,16:55:59,1,2,"Hanna, Brogan",YAK:HA:WI:9e782613-0d72:0866014,Right,YAK:THOMAS:9e782613-0d72:0936209,"Turner, Tyler",YAK:TU:TY:9e782613-0d72:0703730,Right,YAK:NKUHOM:9e782613-0d72:0744411,Windup,4,Bottom,0,1,0,Curveball,Curveball,StrikeCalled,,,,0,0,,70.72,2.79,-0.76,1637.61,43.02,7:30,5.82,0.57,6.0,-67.24,-8.56,-12.43,2.84,-1.18,63.43,-9.82,-3.11,,,,,,,,,,,,,6.56,-5.79,-0.5,50.0,6.0,1.66,-102.64,3.4,6.53,21.87,-37.94,YAK:NKUHOM:9e782613-0d72:0744411,YAK:THOMAS:9e782613-0d72:0936209,,,,b8025265-b0e8-4bba-9e12-d05e1860d054,6fda11cc-8194-88f2-9b01-878a4a7c581c,70.87,5.8,0.57,2.99,-0.75,63.5,2.85,-1.18,-9.62,-3.1,0.55,-12.53,-12.83,-38.79,71.73,1276.47,-1025.86,77.95,0.57,-0.63,0.53,,,,,,,,,,,,,,,,,0.99,,,,medium,high,25.44,64.9,54.5,"Marushi, Brady",YAK:MA:BR:9e782613-0d72:0325650,YAK:THOMAS:9e782613-0d72:0936209,2022-11,FALSE,,FALSE,,,,,,,,,,,,,,,,,,,,,,,,,,,,,,,,,,,,,,,,,,,,,,,,,
138,2026-09-15,16:56:16,1,3,"Hanna, Brogan",YAK:HA:WI:9e782613-0d72:0866014,Right,YAK:THOMAS:9e782613-0d72:0936209,"Turner, Tyler",YAK:TU:TY:9e782613-0d72:0703730,Right,YAK:NKUHOM:9e782613-0d72:0744411,Windup,4,Bottom,0,1,1,Fastball,Fastball,BallCalled,,,,0,0,,84.87,-5.1,-3.38,1962.75,197.75,12:30,6.76,0.29,6.0,-19.21,21.47,4.78,0.36,-2.48,76.35,-8.66,-2.48,,,,,,,,,,,,,-3.8,13.58,-0.03,50.0,6.35,7.11,-122.72,-11.52,-5.47,28.68,-12.63,YAK:NKUHOM:9e782613-0d72:0744411,YAK:THOMAS:9e782613-0d72:0936209,,,,b8025265-b0e8-4bba-9e12-d05e1860d054,461d77b7-e2c1-7bd5-89f7-29c42f707236,85.12,6.76,0.3,-5.12,-3.42,76.56,0.36,-2.49,-8.67,-2.52,0.46,5.14,20.42,-28.29,76.85,1728.35,-930.15,88.06,-0.84,-0.47,-0.27,,,,,,,,,,,,,,,,,1.0,,,,medium,high,20.84,-10.61,54.5,"Marushi, Brady",YAK:MA:BR:9e782613-0d72:0325650,YAK:THOMAS:9e782613-0d72:0936209,2022-11,FALSE,,FALSE,,,,,,,,,,,,,,,,,,,,,,,,,,,,,,,,,,,,,,,,,,,,,,,,,
139,2026-09-15,16:56:37,1,4,"Hanna, Brogan",YAK:HA:WI:9e782613-0d72:0866014,Right,YAK:THOMAS:9e782613-0d72:0936209,"Turner, Tyler",YAK:TU:TY:9e782613-0d72:0703730,Right,YAK:NKUHOM:9e782613-0d72:0744411,Windup,4,Bottom,0,2,1,Curveball,Curveball,Foul,,,,0,0,,71.37,2.81,-0.22,1573.84,39.21,7:15,5.87,0.93,6.0,-67.41,-9.81,-11.71,2.9,-0.25,64.0,-9.83,-2.43,,86.0,0.35,-49.05,,,,,58.56,,-47.02,0.48,6.37,-6.48,-0.9,50.0,6.06,0.67,-103.59,3.46,6.46,22.23,-38.75,YAK:NKUHOM:9e782613-0d72:0744411,YAK:THOMAS:9e782613-0d72:0936209,,,,b8025265-b0e8-4bba-9e12-d05e1860d054,7ef863df-a991-c66d-56be-70397c0722b8,71.51,5.85,0.92,3.01,-0.2,64.07,2.91,-0.25,-9.63,-2.41,0.55,-11.81,-14.04,-35.63,54.34,1279.16,-916.91,81.28,0.63,-0.58,0.51,-64.95,56.37,0.53,0.21,2.52,3.22,-42.84,39.93,,,,,,,,,0.99,,,48.97,medium,high,41.1,58.56,54.5,"Marushi, Brady",YAK:MA:BR:9e782613-0d72:0325650,YAK:THOMAS:9e782613-0d72:0936209,2022-11,FALSE,,FALSE,,0.92,5,108.83,4,138.68,2,-0.01,3,10.07,1,27.72,5,21.34,4,0.53,5,26.44,0,32.53,3,20.09,4,12.21,3,20.2,,-3.3,,19.8,,-1.9,,20.5,,19.9,,759.62,,1056.92,,1142.44,,21,,38.2,,58.2,
140,2026-09-15,16:57:01,2,1,"Hanna, Brogan",YAK:HA:WI:9e782613-0d72:0866014,Right,YAK:THOMAS:9e782613-0d72:0936209,"Turner, Tyler",YAK:TU:TY:9e782613-0d72:0703730,Right,YAK:NKUHOM:9e782613-0d72:0744411,Windup,4,Bottom,1,0,0,Curveball,Curveball,Foul,,,,0,0,,72.61,0.68,0.56,1833.49,38.62,7:15,6.02,0.47,6.0,-65.61,-10.02,-12.07,1.19,-0.01,65.45,-11.58,-1.73,,,,,,,,,,,,,6.87,-5.79,-0.51,50.0,6.04,-0.73,-105.5,-0.36,7.21,23.27,-38.25,YAK:NKUHOM:9e782613-0d72:0744411,YAK:THOMAS:9e782613-0d72:0936209,,,,b8025265-b0e8-4bba-9e12-d05e1860d054,0c38fd9a-1b16-6914-ef74-54892b6ce4f9,72.75,6.0,0.47,0.87,0.56,65.51,1.2,-0.01,-11.38,-1.72,0.54,-12.12,-14.22,-40.93,20.76,1385.24,-1201.16,75.55,0.59,-0.66,0.47,,,,,,,,,,,,,,,,,1.0,,,,medium,high,108.68,-16.99,54.5,"Marushi, Brady",YAK:MA:BR:9e782613-0d72:0325650,YAK:THOMAS:9e782613-0d72:0936209,2022-11,FALSE,,FALSE,,,,,,,,,,,,,,,,,,,,,,,,,,,,,,,,,,,,,,,,,,,,,,,,,
141,2026-09-15,16:57:23,1,5,"Hanna, Brogan",YAK:HA:WI:9e782613-0d72:0866014,Right,YAK:THOMAS:9e782613-0d72:0936209,"Turner, Tyler",YAK:TU:TY:9e782613-0d72:0703730,Right,YAK:NKUHOM:9e782613-0d72:0744411,Windup,4,Bottom,0,1,2,Fastball,Fastball,StrikeSwinging,,,StrikeoutSwinging,1,0,,83.56,-2.78,-1.86,1960.89,195.45,12:30,6.83,0.33,6.0,-20.32,21.39,4.37,2.52,-1.05,74.88,-6.58,-1.04,,,,,,,,,,,,,-3.06,12.75,-0.19,50.0,6.6,3.82,-121.29,-6.47,-4.29,28.53,-14.29,YAK:NKUHOM:9e782613-0d72:0744411,YAK:THOMAS:9e782613-0d72:0936209,,,,b8025265-b0e8-4bba-9e12-d05e1860d054,176893a2-9f6f-1af8-55fb-f69cf5cda376,83.82,6.83,0.33,-2.81,-1.9,75.1,2.52,-1.06,-6.59,-1.07,0.46,4.72,20.2,-28.19,54.17,1728.38,-926.18,88.14,-0.85,-0.47,-0.23,,,,,,,,,,,,,,,,,0.99,,,,medium,high,41.24,0.07,54.5,"Marushi, Brady",YAK:MA:BR:9e782613-0d72:0325650,YAK:THOMAS:9e782613-0d72:0936209,2022-11,FALSE,,FALSE,,,,,,,,,,,,,,,,,,,,,,,,,,,,,,,,,,,,,,,,,,,,,,,,,
142,2026-09-15,16:57:51,2,3,"Hanna, Brogan",YAK:HA:WI:9e782613-0d72:0866014,Right,YAK:THOMAS:9e782613-0d72:0936209,"Pomatto, Zach",YAK:PO:ZA:9e782613-0d72:0565973,Left,YAK:NKUHOM:9e782613-0d72:0744411,Windup,4,Bottom,1,1,1,Fastball,Fastball,BallCalled,,,,0,0,,84.41,-4.92,-2.21,1954.65,196.65,12:30,6.83,1.17,6.0,-19.33,21.69,4.59,0.58,-0.53,75.93,-8.51,-1.35,,,,,,,,,,,,,-3.29,13.64,-1.0,50.0,6.43,4.59,-122.21,-11.09,-4.7,28.51,-12.7,YAK:NKUHOM:9e782613-0d72:0744411,YAK:THOMAS:9e782613-0d72:0936209,,,,b8025265-b0e8-4bba-9e12-d05e1860d054,0326fc2d-780b-743e-b37b-71df704c4c79,84.67,6.83,1.17,-4.95,-2.25,76.14,0.58,-0.53,-8.52,-1.39,0.46,4.93,20.62,-26.16,74.67,1754.47,-861.7,89.76,-0.86,-0.44,-0.26,,,,,,,,,,,,,,,,,0.99,,,,medium,high,22.79,-68.74,54.5,"Marushi, Brady",YAK:MA:BR:9e782613-0d72:0325650,YAK:THOMAS:9e782613-0d72:0936209,2022-11,FALSE,,FALSE,,,,,,,,,,,,,,,,,,,,,,,,,,,,,,,,,,,,,,,,,,,,,,,,,
143,2026-09-15,16:58:10,2,3,"Hanna, Brogan",YAK:HA:WI:9e782613-0d72:0866014,Right,YAK:THOMAS:9e782613-0d72:0936209,"Pomatto, Zach",YAK:PO:ZA:9e782613-0d72:0565973,Left,YAK:NKUHOM:9e782613-0d72:0744411,Windup,4,Bottom,1,1,1,Changeup,Fastball,BallCalled,,,,0,0,,76.48,2.6,-1.97,929.82,219.26,1:15,6.25,1.22,6.0,-37.89,12.09,7.21,5.54,-0.03,68.02,-4.54,-0.62,,,,,,,,,,,,,-4.69,5.7,-1.07,50.0,6.43,3.64,-110.99,4.06,-5.49,24.65,-25.51,YAK:NKUHOM:9e782613-0d72:0744411,YAK:THOMAS:9e782613-0d72:0936209,,,,b8025265-b0e8-4bba-9e12-d05e1860d054,86ce24d1-7dc6-4614-be71-ce6ef6a702cc,76.73,6.25,1.23,2.64,-2.04,68.21,5.54,-0.03,-4.48,-0.68,0.51,7.8,9.76,-41.69,37.56,694.3,-618.47,74.67,-0.58,-0.67,-0.47,,,,,,,,,,,,,,,,,1.0,,,,medium,high,56.2,-0.75,54.5,"Marushi, Brady",YAK:MA:BR:9e782613-0d72:0325650,YAK:THOMAS:9e782613-0d72:0936209,2022-11,FALSE,,FALSE,,,,,,,,,,,,,,,,,,,,,,,,,,,,,,,,,,,,,,,,,,,,,,,,,
144,2026-09-15,16:58:28,2,5,"Hanna, Brogan",YAK:HA:WI:9e782613-0d72:0866014,Right,YAK:THOMAS:9e782613-0d72:0936209,"Pomatto, Zach",YAK:PO:ZA:9e782613-0d72:0565973,Left,YAK:NKUHOM:9e782613-0d72:0744411,Windup,4,Bottom,1,3,1,Fastball,Fastball,BallCalled,,,,0,0,,83.96,-3.45,-3.19,1925.46,203.29,12:45,6.54,1.05,6.0,-20.65,20.77,6.87,1.57,-1.37,75.33,-7.3,-1.9,,,,,,,,,,,,,-4.9,12.63,-0.8,50.0,6.26,6.58,-121.68,-7.94,-6.92,28.49,-14.32,YAK:NKUHOM:9e782613-0d72:0744411,YAK:THOMAS:9e782613-0d72:0936209,,,,b8025265-b0e8-4bba-9e12-d05e1860d054,d0799d60-d12d-9f87-f7b2-7fe5433ab407,84.22,6.54,1.06,-3.47,-3.24,75.54,1.57,-1.37,-7.31,-1.95,0.46,7.33,19.61,-26.91,94.66,1716.92,-871.54,89.17,-0.82,-0.45,-0.35,,,,,,,,,,,,,,,,,1.0,,,,medium,high,4.81,-84.91,54.5,"Marushi, Brady",YAK:MA:BR:9e782613-0d72:0325650,YAK:THOMAS:9e782613-0d72:0936209,2022-11,FALSE,,FALSE,,,,,,,,,,,,,,,,,,,,,,,,,,,,,,,,,,,,,,,,,,,,,,,,,
145,2026-09-15,16:58:46,3,2,"Hanna, Brogan",YAK:HA:WI:9e782613-0d72:0866014,Right,YAK:THOMAS:9e782613-0d72:0936209,"Pomatto, Zach",YAK:PO:ZA:9e782613-0d72:0565973,Left,YAK:NKUHOM:9e782613-0d72:0744411,Windup,4,Bottom,1,1,0,Fastball,Fastball,BallCalled,,,Walk,0,0,,84.06,-3.61,-3.51,1778.14,200.8,12:45,6.8,1.05,6.0,-21.78,19.59,5.26,1.59,-1.81,75.46,-7.67,-2.52,,,,,,,,,,,,,-4.13,12.04,-0.77,50.0,6.51,7.31,-121.77,-8.32,-5.85,28.6,-15.13,YAK:NKUHOM:9e782613-0d72:0744411,YAK:THOMAS:9e782613-0d72:0936209,,,,b8025265-b0e8-4bba-9e12-d05e1860d054,25fa8d84-8869-f0bd-a75b-7261cac176cb,84.32,6.8,1.05,-3.63,-3.55,75.67,1.59,-1.81,-7.67,-2.56,0.46,5.67,18.35,-32.88,87.22,1493.36,-965.23,83.98,-0.79,-0.54,-0.3,,,,,,,,,,,,,,,,,0.99,,,,medium,high,11.5,22.73,54.5,"Marushi, Brady",YAK:MA:BR:9e782613-0d72:0325650,YAK:THOMAS:9e782613-0d72:0936209,2022-11,FALSE,,FALSE,,,,,,,,,,,,,,,,,,,,,,,,,,,,,,,,,,,,,,,,,,,,,,,,,
146,2026-09-15,16:59:18,3,2,"Hanna, Brogan",YAK:HA:WI:9e782613-0d72:0866014,Right,YAK:THOMAS:9e782613-0d72:0936209,"Ross, Jamir",YAK:RO:JA:9e782613-0d72:0618014,Right,YAK:NKUHOM:9e782613-0d72:0744411,Windup,4,Bottom,1,1,0,Fastball,Fastball,BallCalled,,,,0,0,,83.71,-3.61,-3.08,1912.32,204.15,12:45,6.6,0.98,6.0,-20.64,21.02,7.39,1.48,-1.3,75.14,-7.46,-1.69,,,,,,,,,,,,,-5.14,12.83,-0.74,50.0,6.31,6.31,-121.31,-8.26,-7.23,28.27,-14.15,YAK:NKUHOM:9e782613-0d72:0744411,YAK:THOMAS:9e782613-0d72:0936209,,,,b8025265-b0e8-4bba-9e12-d05e1860d054,a5f4c3c1-2758-7e0a-d456-337168a36e0a,83.96,6.61,0.98,-3.64,-3.13,75.35,1.48,-1.3,-7.47,-1.74,0.46,7.87,19.87,-23.93,91.94,1747.96,-775.62,91.41,-0.83,-0.41,-0.37,,,,,,,,,,,,,,,,,0.99,,,,medium,high,7.25,-16.71,54.5,"Marushi, Brady",YAK:MA:BR:9e782613-0d72:0325650,YAK:THOMAS:9e782613-0d72:0936209,2022-11,FALSE,,FALSE,,,,,,,,,,,,,,,,,,,,,,,,,,,,,,,,,,,,,,,,,,,,,,,,,
147,2026-09-15,16:59:37,3,3,"Hanna, Brogan",YAK:HA:WI:9e782613-0d72:0866014,Right,YAK:THOMAS:9e782613-0d72:0936209,"Ross, Jamir",YAK:RO:JA:9e782613-0d72:0618014,Right,YAK:NKUHOM:9e782613-0d72:0744411,Windup,4,Bottom,1,2,0,Fastball,Fastball,StrikeCalled,,,,0,0,,83.63,-3.01,-2.79,1919.57,205.0,12:45,6.63,1.06,6.0,-21.17,20.54,7.5,2.04,-0.93,74.98,-6.97,-1.38,,,,,,,,,,,,,-5.11,12.35,-0.85,50.0,6.39,5.7,-121.29,-6.99,-7.17,28.42,-14.83,YAK:NKUHOM:9e782613-0d72:0744411,YAK:THOMAS:9e782613-0d72:0936209,,,,b8025265-b0e8-4bba-9e12-d05e1860d054,6cfa8a37-ff5f-7366-d165-427de8642c06,83.88,6.64,1.07,-3.03,-2.84,75.19,2.04,-0.94,-6.97,-1.43,0.46,8.01,19.33,-26.25,85.39,1721.61,-849.0,89.69,-0.81,-0.44,-0.38,,,,,,,,,,,,,,,,,0.98,,,,medium,high,13.15,9.74,54.5,"Marushi, Brady",YAK:MA:BR:9e782613-0d72:0325650,YAK:THOMAS:9e782613-0d72:0936209,2022-11,FALSE,,FALSE,,,,,,,,,,,,,,,,,,,,,,,,,,,,,,,,,,,,,,,,,,,,,,,,,
148,2026-09-15,16:59:55,3,4,"Hanna, Brogan",YAK:HA:WI:9e782613-0d72:0866014,Right,YAK:THOMAS:9e782613-0d72:0936209,"Ross, Jamir",YAK:RO:JA:9e782613-0d72:0618014,Right,YAK:NKUHOM:9e782613-0d72:0744411,Windup,4,Bottom,1,2,1,Curveball,Curveball,StrikeCalled,,,,0,0,,70.48,2.21,-0.98,1874.81,38.57,7:15,5.98,0.79,6.0,-68.1,-9.03,-11.55,2.38,-1.09,63.35,-10.54,-3.16,,,,,,,,,,,,,5.99,-5.83,-0.7,50.0,6.12,2.02,-102.33,2.33,5.92,21.84,-37.94,YAK:NKUHOM:9e782613-0d72:0744411,YAK:THOMAS:9e782613-0d72:0936209,,,,b8025265-b0e8-4bba-9e12-d05e1860d054,4e9dbceb-c287-79bb-be87-4046428b658d,70.63,5.96,0.79,2.41,-0.98,63.41,2.4,-1.09,-10.34,-3.16,0.55,-11.49,-13.38,-43.97,22.37,1349.41,-1301.53,71.98,0.56,-0.69,0.45,,,,,,,,,,,,,,,,,0.99,,,,medium,high,110.13,15.9,54.5,"Marushi, Brady",YAK:MA:BR:9e782613-0d72:0325650,YAK:THOMAS:9e782613-0d72:0936209,2022-11,FALSE,,FALSE,,,,,,,,,,,,,,,,,,,,,,,,,,,,,,,,,,,,,,,,,,,,,,,,,
149,2026-09-15,17:00:31,4,1,"Hanna, Brogan",YAK:HA:WI:9e782613-0d72:0866014,Right,YAK:THOMAS:9e782613-0d72:0936209,"Ross, Jamir",YAK:RO:JA:9e782613-0d72:0618014,Right,YAK:NKUHOM:9e782613-0d72:0744411,Windup,4,Bottom,1,1,2,Curveball,Curveball,BallCalled,,,,0,0,,70.2,2.35,1.23,1771.26,47.56,7:30,5.87,0.91,6.0,-66.67,-7.21,-12.68,2.53,1.02,63.05,-10.14,-1.16,,,,,,,,,,,,,7.45,-4.87,-1.0,50,6.02,-1.9,-101.91,2.61,7.32,21.34,-36.96,YAK:NKUHOM:9e782613-0d72:0744411,YAK:THOMAS:9e782613-0d72:0936209,,,,b8025265-b0e8-4bba-9e12-d05e1860d054,18a6bc5b-fe77-b846-2f83-d9836f1b7f24,70.35,5.86,0.91,2.54,1.24,63.12,2.54,1.02,-9.95,-1.15,0.55,-12.71,-11.4,-45.91,32.06,1232.39,-1272.23,69.58,0.47,-0.72,0.51,,,,,,,,,,,,,,,,,0.99,,,,medium,high,118.85,12.84,54.5,"Marushi, Brady",YAK:MA:BR:9e782613-0d72:0325650,YAK:THOMAS:9e782613-0d72:0936209,2022-11,FALSE,,FALSE,,,,,,,,,,,,,,,,,,,,,,,,,,,,,,,,,,,,,,,,,,,,,,,,,
150,2026-09-15,17:00:52,4,2,"Hanna, Brogan",YAK:HA:WI:9e782613-0d72:0866014,Right,YAK:THOMAS:9e782613-0d72:0936209,"Ross, Jamir",YAK:RO:JA:9e782613-0d72:0618014,Right,YAK:NKUHOM:9e782613-0d72:0744411,Windup,4,Bottom,1,2,2,Fastball,Fastball,Foul,,,,0,0,,82.95,-1.75,-0.47,1961.28,203.54,12:45,6.69,0.61,6.0,-21.07,21.22,7.67,3.29,0.8,74.2,-5.7,0.97,,,,,,,,,,,,,-4.39,12.3,-0.57,50.0,6.54,0.78,-120.54,-4.28,-6.07,28.47,-15.16,YAK:NKUHOM:9e782613-0d72:0744411,YAK:THOMAS:9e782613-0d72:0936209,,,,b8025265-b0e8-4bba-9e12-d05e1860d054,cce0693b-fa0d-baaf-bc76-9c4fd65f7025,83.21,6.69,0.61,-1.78,-0.53,74.41,3.29,0.8,-5.71,0.92,0.47,8.18,19.94,-21.39,86.27,1826.22,-715.23,93.11,-0.85,-0.36,-0.37,,,,,,,,,,,,,,,,,0.98,,,,medium,high,12.36,-5.71,54.5,"Marushi, Brady",YAK:MA:BR:9e782613-0d72:0325650,YAK:THOMAS:9e782613-0d72:0936209,2022-11,FALSE,,FALSE,,,,,,,,,,,,,,,,,,,,,,,,,,,,,,,,,,,,,,,,,,,,,,,,,
151,2026-09-15,17:01:13,4,3,"Hanna, Brogan",YAK:HA:WI:9e782613-0d72:0866014,Right,YAK:THOMAS:9e782613-0d72:0936209,"Ross, Jamir",YAK:CO:ED:9e782613-0d72:0063112,Left,YAK:NKUHOM:9e782613-0d72:0744411,Windup,4,Bottom,1,2,2,Curveball,Curveball,InPlay,,GroundBall,FieldersChoice,1,0,,71.14,0.92,0.81,1788.61,37.25,7:15,6.08,0.12,6.0,-68.19,-10.28,-11.77,1.26,-0.1,64.17,-11.82,-1.42,,70.08,0.5,-32.66,3623.03,,,,32.15,,-30.03,0.31,6.8,-6.02,-0.18,50,6.12,-1.17,-103.35,0.01,6.85,22.33,-38.24,YAK:NKUHOM:9e782613-0d72:0744411,YAK:THOMAS:9e782613-0d72:0936209,,,,b8025265-b0e8-4bba-9e12-d05e1860d054,379885cf-3c02-8cb1-8c26-a043977ab019,71.28,6.06,0.12,1.12,0.81,64.22,1.27,-0.1,-11.62,-1.42,0.55,-11.8,-14.61,-40.5,45.0,1360.11,-1161.57,76.04,0.61,-0.65,0.46,-37.81,59.0,0.61,0.39,2.47,1.72,-16.09,27.83,2.89,-5.47,-0.12,-0.6,-0.48,0.64,,,0.99,,0.99,37.69,medium,high,49.5,74.37,54.5,"Marushi, Brady",YAK:MA:BR:9e782613-0d72:0325650,YAK:THOMAS:9e782613-0d72:0936209,2022-11,FALSE,,FALSE,,0.96,5,77.87,2,116.83,3,-0.18,5,-16.94,5,29.56,5,2.9,2,0.58,5,-4.37,5,5.44,4,28.12,3,18.79,2,17.7,,3,,20.1,,-3.5,,17.9,,20.4,,660.83,,852.95,,746.68,,34.3,,39.6,,51.8,
152,2026-09-15,17:01:48,5,3,"Hanna, Brogan",YAK:HA:WI:9e782613-0d72:0866014,Right,YAK:THOMAS:9e782613-0d72:0936209,"Cornelli, Edoardo",YAK:BA:PI:9e782613-0d72:0971625,Right,YAK:NKUHOM:9e782613-0d72:0744411,,4,Bottom,2,0,2,Fastball,Fastball,,,,,,,,82.29,-1.15,0.26,1918.59,196.98,12:30,6.83,0.97,6.0,-22.86,20.12,4.77,3.85,1.62,73.54,-5.44,1.16,,,,,,,,,,,,,-2.53,11.48,-0.99,50.0,6.73,-0.69,-119.61,-3.04,-3.44,28.21,-16.55,YAK:NKUHOM:9e782613-0d72:0744411,YAK:THOMAS:9e782613-0d72:0936209,,,,b8025265-b0e8-4bba-9e12-d05e1860d054,aee63229-6e7b-4154-53f6-9cb50da3d5b9,82.55,6.83,0.97,-1.17,0.22,73.76,3.85,1.61,-5.44,1.12,0.47,5.18,18.71,-31.81,86.43,1630.39,-1011.35,84.98,-0.81,-0.53,-0.25,,,,,,,,,,,,,,,,,1.0,,,,medium,high,12.21,-47.41,54.5,"Marushi, Brady",YAK:MA:BR:9e782613-0d72:0325650,YAK:THOMAS:9e782613-0d72:0936209,2022-11,FALSE,,FALSE,,,,,,,,,,,,,,,,,,,,,,,,,,,,,,,,,,,,,,,,,,,,,,,,,
,2026-09-15,17:03:05,,,,,,,,,,,,,,,,,,Fastball,,,,,,,,90.64,-1.33,-2.2,2404.49,216.22,1:15,5.96,1.55,6.0,-22.11,13.38,6.84,2.87,0.05,80.91,-5.48,-0.91,,,,,,,,,,,,,-4.56,7.84,-1.38,50.0,5.85,4.84,-131.63,-3.74,-7.52,34.24,-19.25,,,,,,,ba78822d-6499-1373-b242-f69ac6366116,90.91,5.96,1.55,-1.33,-2.26,81.14,2.87,0.05,-5.47,-0.97,0.43,7.46,12.11,-54.61,73.91,1392.51,-1960.22,57.91,-0.47,-0.82,-0.34,,,,,,,,,,,,,,,,,0.97,,,,medium,high,23.48,-51.15,54.5,,,,2022-11,FALSE,,FALSE,,,,,,,,,,,,,,,,,,,,,,,,,,,,,,,,,,,,,,,,,,,,,,,,,
,2026-09-15,17:03:18,,,,,,,,,,,,,,,,,,Fastball,,,,,,,,91.64,-1.74,-2.92,2233.62,223.33,1:30,5.84,1.82,6.0,-21.81,12.95,8.62,2.38,-0.2,81.84,-5.84,-1.3,,,,,,,,,,,,,-5.8,7.75,-1.6,50.0,5.69,6.52,-132.99,-4.73,-9.76,34.84,-19.13,,,,,,,b8177a7e-aae1-7ee4-ed07-cb810c18fb9f,91.91,5.84,1.83,-1.75,-2.99,82.07,2.38,-0.21,-5.83,-1.37,0.42,9.29,11.72,-50.77,59.82,1412.5,-1730.28,63.24,-0.46,-0.77,-0.43,,,,,,,,,,,,,,,,,0.99,,,,medium,high,36.16,-66.29,54.5,,,,2022-11,FALSE,,FALSE,,,,,,,,,,,,,,,,,,,,,,,,,,,,,,,,,,,,,,,,,,,,,,,,,
,2026-09-15,17:03:28,,,,,,,,,,,,,,,,,,Fastball,,,,,,,,81.9,-2.24,-1.97,1294.78,239.14,2:00,6.3,1.17,6.0,-34.77,8.75,8.62,1.3,0.04,73.56,-8.73,-0.34,,,,,,,,,,,,,-5.46,5.63,-1.02,50.0,6.11,3.85,-118.9,-5.62,-7.34,28.07,-24.61,,,,,,,3970245c-406e-0d65-462b-8df832cdcde9,82.14,6.3,1.18,-2.2,-2.05,73.74,1.31,0.04,-8.67,-0.42,0.47,9.35,6.73,-50.37,3.94,825.79,-997.26,63.78,-0.33,-0.77,-0.55,,,,,,,,,,,,,,,,,0.99,,,,medium,high,93.54,-16.11,54.5,,,,2022-11,FALSE,,FALSE,,,,,,,,,,,,,,,,,,,,,,,,,,,,,,,,,,,,,,,,,,,,,,,,,
,2026-09-15,17:03:40,,,,,,,,,,,,,,,,,,Fastball,,,,,,,,81.54,-1.3,-1.05,1386.91,240.57,2:00,6.08,1.18,6.0,-35.42,8.44,9.23,1.91,0.96,73.1,-7.93,0.69,,,,,,,,,,,,,-5.46,5.12,-1.1,50.0,5.96,1.91,-118.48,-3.67,-7.29,28.03,-25.35,,,,,,,6d23e385-dfc3-7b8a-f0e4-6309bd6587c5,81.78,6.08,1.19,-1.26,-1.13,73.28,1.92,0.96,-7.87,0.61,0.48,10.01,6.36,-50.71,3.22,878.32,-1073.34,63.33,-0.31,-0.77,-0.55,,,,,,,,,,,,,,,,,1.0,,,,medium,high,92.9,-14.59,54.5,,,,2022-11,FALSE,,FALSE,,,,,,,,,,,,,,,,,,,,,,,,,,,,,,,,,,,,,,,,,,,,,,,,,
,2026-09-15,17:03:51,,,,,,,,,,,,,,,,,,Curveball,,,,,,,,76.05,-0.57,-0.99,2430.78,46.4,7:30,5.89,1.39,6.0,-57.89,-7.17,-13.39,0.54,-0.66,68.53,-11.36,-3.52,,,,,,,,,,,,,6.99,-3.73,-1.3,50.0,5.82,2.26,-110.48,-2.59,8.05,25.68,-36.47,,,,,,,cfbe44b6-4281-7289-ec0f-10fe82579018,76.21,5.88,1.39,-0.4,-0.99,68.62,0.55,-0.66,-11.19,-3.51,0.51,-13.43,-11.01,-50.91,5.51,1532.86,-1886.54,63.06,0.43,-0.78,0.46,,,,,,,,,,,,,,,,,0.99,,,,medium,high,94.96,19.95,54.5,,,,2022-11,FALSE,,FALSE,,,,,,,,,,,,,,,,,,,,,,,,,,,,,,,,,,,,,,,,,,,,,,,,,
,2026-09-15,17:04:07,,,,,,,,,,,,,,,,,,Curveball,,,,,,,,77.25,1.91,0.73,2454.37,53.85,7:45,5.53,1.51,6.0,-55.65,-6.6,-14.19,2.69,1.01,69.13,-8.54,-1.95,,,,,,,,,,,,,8.1,-4.36,-1.56,50.0,5.65,-1.07,-112.19,2.29,9.64,25.83,-37.37,,,,,,,12041285-ff71-ee46-0f44-70f10cc0d5e7,77.42,5.52,1.51,2.08,0.75,69.23,2.7,1.02,-8.37,-1.93,0.5,-14.34,-10.16,-48.91,19.25,1613.24,-1849.69,65.73,0.39,-0.75,0.53,,,,,,,,,,,,,,,,,0.99,,,,medium,high,72.68,59.74,54.5,,,,2022-11,FALSE,,FALSE,,,,,,,,,,,,,,,,,,,,,,,,,,,,,,,,,,,,,,,,,,,,,,,,,
,2026-09-15,17:04:17,,,,,,,,,,,,,,,,,,Fastball,,,,,,,,89.14,-2.39,-3.62,2360.98,220.5,1:15,6.29,1.98,6.0,-22.62,14.16,8.15,2.15,-0.75,79.74,-6.63,-2.09,,,,,,,,,,,,,-5.78,8.65,-1.7,50.0,6.09,7.94,-129.22,-6.1,-9.19,32.66,-18.42,,,,,,,efbc1b60-cc9c-95c4-cdf1-3b2fea034cc8,89.4,6.29,1.98,-2.4,-3.69,79.96,2.15,-0.75,-6.62,-2.16,0.44,8.82,12.92,-50.97,73.13,1486.66,-1834.14,62.97,-0.48,-0.78,-0.41,,,,,,,,,,,,,,,,,1.0,,,,medium,high,24.19,-54.61,54.5,,,,2022-11,FALSE,,FALSE,,,,,,,,,,,,,,,,,,,,,,,,,,,,,,,,,,,,,,,,,,,,,,,,,
153,2026-09-15,17:04:46,1,1,"Castaneda, Michael",YAK:CA:MI:9e782613-0d72:0021729,Right,YAK:NKUHOM:9e782613-0d72:0744411,"Cumberland, Teagan",YAK:CU:TE:9e782613-0d72:0245369,Left,YAK:THOMAS:9e782613-0d72:0936209,Windup,5,Top,0,0,0,Fastball,Fastball,StrikeCalled,,,,0,0,,92.45,-1.56,-2.45,2403.54,213.55,1:00,5.92,1.42,6.0,-19.88,14.25,6.71,2.8,-0.32,82.51,-5.29,-1.18,,,,,,,,,,,,,-4.58,8.4,-1.23,50.0,5.79,5.53,-134.23,-4.28,-7.85,35.53,-17.77,YAK:NKUHOM:9e782613-0d72:0744411,YAK:THOMAS:9e782613-0d72:0936209,,,,b8025265-b0e8-4bba-9e12-d05e1860d054,38749695-6350-5d7b-b110-63713816faae,92.73,5.92,1.43,-1.57,-2.51,82.74,2.8,-0.32,-5.29,-1.24,0.42,7.29,13.11,-52.34,79.99,1468.66,-1902.64,61.1,-0.51,-0.79,-0.34,,,,,,,,,,,,,,,,,0.98,,,,medium,high,18.0,42.56,54.5,"Turner, Tyler",YAK:TU:TY:9e782613-0d72:0703730,YAK:NKUHOM:9e782613-0d72:0744411,2022-11,FALSE,,FALSE,,,,,,,,,,,,,,,,,,,,,,,,,,,,,,,,,,,,,,,,,,,,,,,,,
154,2026-09-15,17:04:57,1,2,"Castaneda, Michael",YAK:CA:MI:9e782613-0d72:0021729,Right,YAK:NKUHOM:9e782613-0d72:0744411,"Cumberland, Teagan",YAK:CU:TE:9e782613-0d72:0245369,Left,YAK:THOMAS:9e782613-0d72:0936209,Windup,5,Top,0,0,1,Changeup,Fastball,BallCalled,,,,0,0,,82.91,-1.89,-0.81,1260.25,239.46,2:00,5.85,0.96,6.0,-34.91,7.53,7.24,1.17,0.8,74.39,-8.42,0.56,,,,,,,,,,,,,-4.28,4.84,-0.9,50.0,5.68,1.49,-120.45,-4.96,-5.9,29.01,-25.51,YAK:NKUHOM:9e782613-0d72:0744411,YAK:THOMAS:9e782613-0d72:0936209,,,,b8025265-b0e8-4bba-9e12-d05e1860d054,15bfdfad-3e34-1a11-7a7d-cd5fa8d83d2e,83.15,5.85,0.96,-1.84,-0.88,74.58,1.17,0.8,-8.35,0.49,0.47,7.92,5.47,-55.97,4.2,705.19,-1044.48,55.96,-0.28,-0.83,-0.48,,,,,,,,,,,,,,,,,0.98,,,,medium,high,86.22,-16.21,54.5,"Turner, Tyler",YAK:TU:TY:9e782613-0d72:0703730,YAK:NKUHOM:9e782613-0d72:0744411,2022-11,FALSE,,FALSE,,,,,,,,,,,,,,,,,,,,,,,,,,,,,,,,,,,,,,,,,,,,,,,,,
155,2026-09-15,17:05:10,1,3,"Castaneda, Michael",YAK:CA:MI:9e782613-0d72:0021729,Right,YAK:NKUHOM:9e782613-0d72:0744411,"Cumberland, Teagan",YAK:CU:TE:9e782613-0d72:0245369,Left,YAK:THOMAS:9e782613-0d72:0936209,Windup,5,Top,0,1,1,Fastball,Fastball,BallCalled,,,,0,0,,92.26,-1.02,-0.9,2177.19,216.56,1:15,6.07,1.76,6.0,-19.72,14.5,8.5,3.47,1.63,82.28,-4.73,0.71,,,,,,,,,,,,,-5.0,8.35,-1.7,50.0,5.98,1.83,-134.09,-3.02,-8.55,35.7,-17.91,YAK:NKUHOM:9e782613-0d72:0744411,YAK:THOMAS:9e782613-0d72:0936209,,,,b8025265-b0e8-4bba-9e12-d05e1860d054,f755aa27-33e1-50a0-2906-4c84b4cc3cc2,92.54,6.08,1.77,-1.04,-0.97,82.5,3.47,1.62,-4.73,0.64,0.42,9.14,13.34,-44.99,68.85,1539.8,-1539.21,70.72,-0.57,-0.71,-0.42,,,,,,,,,,,,,,,,,1.0,,,,medium,high,28.04,-60.96,54.5,"Turner, Tyler",YAK:TU:TY:9e782613-0d72:0703730,YAK:NKUHOM:9e782613-0d72:0744411,2022-11,FALSE,,FALSE,,,,,,,,,,,,,,,,,,,,,,,,,,,,,,,,,,,,,,,,,,,,,,,,,
156,2026-09-15,17:05:24,1,4,"Castaneda, Michael",YAK:CA:MI:9e782613-0d72:0021729,Right,YAK:NKUHOM:9e782613-0d72:0744411,"Cumberland, Teagan",YAK:CU:TE:9e782613-0d72:0245369,Left,YAK:THOMAS:9e782613-0d72:0936209,Windup,5,Top,0,2,1,Fastball,Fastball,StrikeSwinging,,,,0,0,,92.74,-2.12,-1.07,2432.35,215.1,1:15,5.91,1.27,6.0,-17.62,16.25,9.02,2.45,1.02,82.83,-5.43,0.63,,,,,,,,,,,,,-5.34,9.7,-1.19,50.0,5.73,2.22,-134.72,-5.54,-9.23,35.77,-15.42,YAK:NKUHOM:9e782613-0d72:0744411,YAK:THOMAS:9e782613-0d72:0936209,,,,b8025265-b0e8-4bba-9e12-d05e1860d054,63122d17-cc14-e554-1a6e-36938b62a8dc,93.02,5.91,1.28,-2.14,-1.13,83.05,2.45,1.02,-5.44,0.57,0.42,9.66,15.25,-41.02,83.96,1835.3,-1596.26,75.45,-0.62,-0.66,-0.43,,,,,,,,,,,,,,,,,1.0,,,,medium,high,14.44,43.37,54.5,"Turner, Tyler",YAK:TU:TY:9e782613-0d72:0703730,YAK:NKUHOM:9e782613-0d72:0744411,2022-11,FALSE,,FALSE,,,,,,,,,,,,,,,,,,,,,,,,,,,,,,,,,,,,,,,,,,,,,,,,,
157,2026-09-15,17:05:39,1,5,"Castaneda, Michael",YAK:CA:MI:9e782613-0d72:0021729,Right,YAK:NKUHOM:9e782613-0d72:0744411,"Cumberland, Teagan",YAK:CU:TE:9e782613-0d72:0245369,Left,YAK:THOMAS:9e782613-0d72:0936209,Windup,5,Top,0,2,2,Fastball,Fastball,StrikeSwinging,,,StrikeoutSwinging,1,0,,93.19,-2.49,-1.96,2425.01,217.38,1:15,6.05,1.05,6.0,-17.1,16.47,9.9,2.28,0.03,83.26,-5.7,-0.1,,,,,,,,,,,,,-6.15,9.95,-0.9,50.0,5.84,4.32,-135.28,-6.43,-10.71,35.87,-14.83,YAK:NKUHOM:9e782613-0d72:0744411,YAK:THOMAS:9e782613-0d72:0936209,,,,b8025265-b0e8-4bba-9e12-d05e1860d054,a344cb3a-076f-9e04-138e-c534a20af3f7,93.46,6.05,1.05,-2.52,-2.03,83.49,2.28,0.02,-5.71,-0.17,0.42,10.57,15.52,-38.71,72.14,1892.22,-1516.63,78.03,-0.62,-0.63,-0.47,,,,,,,,,,,,,,,,,1.0,,,,medium,high,25.07,-50.55,54.5,"Turner, Tyler",YAK:TU:TY:9e782613-0d72:0703730,YAK:NKUHOM:9e782613-0d72:0744411,2022-11,FALSE,,FALSE,,,,,,,,,,,,,,,,,,,,,,,,,,,,,,,,,,,,,,,,,,,,,,,,,
158,2026-09-15,17:06:09,2,1,"Castaneda, Michael",YAK:CA:MI:9e782613-0d72:0021729,Right,YAK:NKUHOM:9e782613-0d72:0744411,"Mann, Ian",YAK:MA:IA:9e782613-0d72:0385325,Left,YAK:THOMAS:9e782613-0d72:0936209,Windup,5,Top,1,0,0,Fastball,Fastball,InPlay,,GroundBall,Single,0,0,,93.55,-2.24,-2.42,2416.28,212.14,1:00,6.1,1.47,6.0,-17.27,16.05,7.51,2.56,-0.18,83.54,-5.48,-1.0,,92.94,0.81,8.11,1197.76,,,,50.5,,7.48,0.38,-5.0,9.63,-1.28,50.0,5.91,5.49,-135.79,-5.86,-8.77,36.17,-15.26,YAK:NKUHOM:9e782613-0d72:0744411,YAK:THOMAS:9e782613-0d72:0936209,,,,b8025265-b0e8-4bba-9e12-d05e1860d054,a1c9dc9a-c44a-0f40-2f49-17a05e751e40,93.83,6.1,1.47,-2.26,-2.48,83.77,2.56,-0.18,-5.49,-1.06,0.42,8.07,15.08,-45.39,85.51,1696.8,-1720.26,70.22,-0.59,-0.71,-0.37,13.11,92.0,1.31,0.16,1.29,2.62,6.58,50.07,-2.11,-11.16,-0.13,-0.88,0.21,0.43,,,1.0,,0.99,51.97,medium,high,13.04,29.67,54.5,"Turner, Tyler",YAK:TU:TY:9e782613-0d72:0703730,YAK:NKUHOM:9e782613-0d72:0744411,2022-11,FALSE,,FALSE,,0.86,5,106.61,4,109.19,5,-0.05,5,-16.88,5,29.84,5,30.59,2,0.58,5,-17.88,4,28.24,4,27.59,3,-3.68,5,27.9,,-17.3,,19.7,,-8.1,,33.6,,21.4,,653.04,,959.71,,1005.13,,16.9,,40.6,,51.5,
159,2026-09-15,17:06:42,3,1,"Castaneda, Michael",YAK:CA:MI:9e782613-0d72:0021729,Right,YAK:NKUHOM:9e782613-0d72:0744411,"Resing, Matt",YAK:RE:MA:9e782613-0d72:0295548,Right,YAK:THOMAS:9e782613-0d72:0936209,Windup,5,Top,1,0,0,Curveball,Curveball,BallCalled,,,,0,0,,76.49,1.16,-2.16,2332.24,47.22,7:30,5.67,1.13,6.0,-56.62,-6.43,-12.68,2.05,-1.96,68.59,-9.44,-4.55,,,,,,,,,,,,,6.15,-3.99,-0.95,50.0,5.74,4.51,-111.04,0.79,7.16,25.8,-36.82,YAK:NKUHOM:9e782613-0d72:0744411,YAK:THOMAS:9e782613-0d72:0936209,,,,b8025265-b0e8-4bba-9e12-d05e1860d054,1ab97058-ca21-ece8-0c26-bb7ce8953668,76.66,5.66,1.13,1.33,-2.16,68.69,2.06,-1.96,-9.27,-4.54,0.51,-12.7,-10.16,-51.04,27.46,1466.46,-1813.52,62.88,0.43,-0.78,0.46,,,,,,,,,,,,,,,,,0.99,,,,medium,high,65.28,59.01,54.5,"Turner, Tyler",YAK:TU:TY:9e782613-0d72:0703730,YAK:NKUHOM:9e782613-0d72:0744411,2022-11,FALSE,,FALSE,,,,,,,,,,,,,,,,,,,,,,,,,,,,,,,,,,,,,,,,,,,,,,,,,
160,2026-09-15,17:07:16,3,3,"Castaneda, Michael",YAK:CA:MI:9e782613-0d72:0021729,Right,YAK:NKUHOM:9e782613-0d72:0744411,"Resing, Matt",YAK:RE:MA:9e782613-0d72:0295548,Right,YAK:THOMAS:9e782613-0d72:0936209,Windup,5,Top,2,2,0,Fastball,Fastball,StrikeCalled,,,,1,0,,91.28,-3.49,-3.07,2365.61,208.34,1:00,6.24,1.36,6.0,-17.53,17.55,6.65,1.5,-0.96,81.72,-6.77,-1.82,,,,,,,,,,,,,-4.75,10.89,-1.13,50.0,5.96,6.88,-132.28,-8.63,-7.92,33.97,-14.0,YAK:NKUHOM:9e782613-0d72:0744411,YAK:THOMAS:9e782613-0d72:0936209,,,,b8025265-b0e8-4bba-9e12-d05e1860d054,8736976c-d62d-7a53-8dff-4615d187662d,91.55,6.25,1.37,-3.52,-3.12,81.94,1.5,-0.97,-6.78,-1.87,0.43,7.16,16.58,-43.06,93.35,1728.42,-1615.14,73.06,-0.64,-0.68,-0.35,,,,,,,,,,,,,,,,,1.0,,,,medium,high,5.98,69.67,54.5,"Turner, Tyler",YAK:TU:TY:9e782613-0d72:0703730,YAK:NKUHOM:9e782613-0d72:0744411,2022-11,FALSE,,FALSE,,,,,,,,,,,,,,,,,,,,,,,,,,,,,,,,,,,,,,,,,,,,,,,,,
161,2026-09-15,17:07:45,1,1,"Castaneda, Michael",YAK:CA:MI:9e782613-0d72:0021729,Right,YAK:NKUHOM:9e782613-0d72:0744411,"Resing, Matt",YAK:MA:IA:9e782613-0d72:0385325,Left,YAK:THOMAS:9e782613-0d72:0936209,Windup,5,Top,2,2,2,Fastball,Fastball,StrikeSwinging,,,StrikeoutSwinging,1,0,,91.93,-1.8,-2.8,2359.63,210.02,1:00,6.2,1.1,6.0,-19.18,15.34,6.27,2.9,-1.01,82.08,-5.4,-1.62,,,,,,,,,,,,,-4.46,9.09,-0.88,50,6.05,6.34,-133.43,-4.81,-7.56,35.02,-16.77,YAK:NKUHOM:9e782613-0d72:0744411,YAK:THOMAS:9e782613-0d72:0936209,,,,b8025265-b0e8-4bba-9e12-d05e1860d054,cc7d188e-6f57-fd7a-50c0-d9cee4de3e35,92.21,6.2,1.1,-1.82,-2.86,82.31,2.9,-1.02,-5.41,-1.68,0.42,6.8,14.24,-50.21,71.15,1510.02,-1813.21,63.99,-0.55,-0.77,-0.32,,,,,,,,,,,,,,,,,0.99,,,,medium,high,25.96,-72.18,54.5,"Turner, Tyler",YAK:TU:TY:9e782613-0d72:0703730,YAK:NKUHOM:9e782613-0d72:0744411,2022-11,FALSE,,FALSE,,,,,,,,,,,,,,,,,,,,,,,,,,,,,,,,,,,,,,,,,,,,,,,,,
,2026-09-15,17:08:00,,,,,,,,,,,,,,,,,,Curveball,,,,,,,,77.71,0.94,0.48,2312.11,45.53,7:30,5.49,0.95,6.0,-56.79,-8.31,-12.87,1.64,0.33,69.72,-9.71,-1.95,,76.54,40.42,20.42,,62.26,,,247.0,,20.16,3.98,7.27,-4.94,-0.98,50,5.54,-0.61,-112.91,0.35,8.76,26.4,-38.12,,,,,,,c2730c1b-97fc-0665-4886-407bf4141605,77.88,5.48,0.95,1.11,0.49,69.81,1.65,0.34,-9.53,-1.94,0.5,-12.95,-11.94,-48.11,24.24,1543.7,-1721.28,66.77,0.47,-0.74,0.48,20.33,54.61,49.63,-0.4,1.98,1.85,85.14,231.86,,,,,,,,,0.99,,,40.88,medium,high,68.18,47.51,54.5,,,,2022-11,FALSE,,FALSE,,0.86,5,67.86,1,85.03,4,-0.06,5,-32.34,4,39.07,4,3.12,2,0.53,5,-41.83,0,18.39,5,33.31,2,1.59,5,26.8,,-8.6,,25.4,,4.8,,28.4,,25.9,,489.97,,730.4,,738.66,,20.8,,38.9,,48.5,
,2026-09-15,17:09:27,,,,,,,,,,,,,,,,,,Fastball,,,,,,,,86.86,-0.86,-1.92,2124.02,227.45,1:30,5.66,1.07,6.0,-23.05,15.56,13.85,2.93,0.42,77.53,-5.19,0.69,,,,,,,,,,,,,-8.31,8.87,-0.93,50.0,5.58,3.83,-126.19,-2.57,-12.59,31.45,-18.74,,,,,,,c73c3581-5621-4f22-7b80-178d2225277e,87.12,5.66,1.08,-0.87,-2.02,77.74,2.93,0.42,-5.19,0.6,0.45,14.74,14.25,-28.99,84.76,1857.98,-1029.27,87.47,-0.59,-0.48,-0.64,,,,,,,,,,,,,,,,,0.99,,,,medium,high,13.72,-67.43,54.5,,,,2022-11,FALSE,,FALSE,,,,,,,,,,,,,,,,,,,,,,,,,,,,,,,,,,,,,,,,,,,,,,,,,
,2026-09-15,17:09:39,,,,,,,,,,,,,,,,,,Fastball,,,,,,,,86.83,-1.45,-2.79,2078.19,231.94,1:45,5.47,1.15,6.0,-24.94,13.74,13.44,2.03,-0.36,77.62,-6.13,-0.26,,,,,,,,,,,,,-8.4,8.08,-0.94,50.0,5.35,5.75,-126.05,-3.93,-12.7,31.21,-19.96,,,,,,,8b43790f-e25f-d446-06c9-5cbad14a68d8,87.08,5.47,1.16,-1.45,-2.89,77.82,2.03,-0.36,-6.11,-0.36,0.45,14.34,12.36,-35.35,81.51,1695.12,-1202.27,81.57,-0.5,-0.58,-0.64,,,,,,,,,,,,,,,,,0.99,,,,medium,high,16.64,-84.48,54.5,,,,2022-11,FALSE,,FALSE,,,,,,,,,,,,,,,,,,,,,,,,,,,,,,,,,,,,,,,,,,,,,,,,,
,2026-09-15,17:09:51,,,,,,,,,,,,,,,,,,Curveball,,,,,,,,76.8,0.55,-1.94,2662.17,54.77,7:45,5.35,0.6,6.0,-52.8,-3.11,-11.85,1.47,-2.21,68.91,-9.33,-4.17,,,,,,,,,,,,,5.79,-1.92,-0.44,50.0,5.37,4.08,-111.54,-0.3,6.8,25.83,-34.43,,,,,,,828701d1-ebf0-9f00-741f-408f2d10919c,76.99,5.34,0.6,0.7,-1.95,69.03,1.48,-2.21,-9.18,-4.18,0.51,-11.77,-6.6,-61.02,40.26,1289.89,-2328.8,48.45,0.28,-0.87,0.4,,,,,,,,,,,,,,,,,0.99,,,,medium,high,53.76,-80.63,54.5,,,,2022-11,FALSE,,FALSE,,,,,,,,,,,,,,,,,,,,,,,,,,,,,,,,,,,,,,,,,,,,,,,,,
,2026-09-15,17:10:04,,,,,,,,,,,,,,,,,,Curveball,,,,,,,,73.83,0.81,-0.17,2638.63,57.15,8:00,5.46,0.55,6.0,-56.74,-3.08,-12.1,1.5,-0.61,66.34,-9.81,-2.45,,,,,,,,,,,,,6.6,-2.01,-0.53,50.0,5.5,0.62,-107.28,0.1,7.19,23.69,-34.36,,,,,,,9c6f820b-0709-bd7f-86c8-e2685824b820,74.01,5.45,0.55,0.97,-0.18,66.44,1.51,-0.61,-9.65,-2.46,0.53,-11.97,-6.78,-61.53,40.52,1257.86,-2319.52,47.67,0.26,-0.88,0.4,,,,,,,,,,,,,,,,,1.0,,,,medium,high,53.53,-66.8,54.5,,,,2022-11,FALSE,,FALSE,,,,,,,,,,,,,,,,,,,,,,,,,,,,,,,,,,,,,,,,,,,,,,,,,
,2026-09-15,17:10:15,,,,,,,,,,,,,,,,,,Slider,,,,,,,,79.68,1.94,-2.54,2578.74,84.82,8:45,5.16,1.53,6.0,-42.76,3.4,-7.84,3.42,-1.51,71.03,-6.1,-4.02,,,,,,,,,,,,,3.36,1.14,-1.33,50.0,5.29,5.35,-115.62,2.77,4.25,27.28,-30.73,,,,,,,4c612d30-99d3-ba8b-02bd-065c0479ef94,79.91,5.15,1.53,2.04,-2.56,71.21,3.43,-1.51,-5.99,-4.03,0.49,-7.64,0.61,-73.65,35.57,726.0,-2474.43,28.15,0.03,-0.96,0.28,,,,,,,,,,,,,,,,,0.98,,,,medium,high,57.98,-75.56,54.5,,,,2022-11,FALSE,,FALSE,,,,,,,,,,,,,,,,,,,,,,,,,,,,,,,,,,,,,,,,,,,,,,,,,
,2026-09-15,17:10:28,,,,,,,,,,,,,,,,,,Fastball,,,,,,,,83.5,-0.2,-1.8,2066.98,250.49,2:15,5.46,1.64,6.0,-32.79,9.03,18.02,2.54,1.45,74.62,-6.36,1.6,,85.44,8.87,-1.35,1888.1,6.17,,,142.96,,2.41,1.76,-10.58,5.04,-1.51,50.0,5.43,3.3,-121.32,-1.36,-14.79,29.4,-25.12,,,,,,,b7c34186-c108-871f-a934-8192ec698c57,83.73,5.46,1.65,-0.17,-1.92,74.79,2.54,1.44,-6.32,1.48,0.47,19.21,7.17,-28.43,6.45,1817.73,-984.01,87.94,-0.29,-0.48,-0.83,-1.99,84.4,13.17,-1.26,-33.45,-0.64,6.02,142.84,8.66,46.67,0.19,0.7,0.57,-0.43,,,1.0,,0.96,49.46,medium,high,95.81,-13.95,54.5,,,,2022-11,FALSE,,FALSE,,-1.46,0,-0.64,0,-1.59,0,0.07,2,-83.31,0,17.13,4,18.99,5,0.07,0,-83.11,0,20.04,5,10.52,4,3.47,5,-4.8,,-3.4,,-5.6,,-3.4,,5.8,,6.5,,1146.2,,1048.04,,93.02,,-113.4,,-29.3,,135.4,
162,2026-09-15,17:11:03,1,1,"Snider, Cameron",YAK:SN:CA:9e782613-0d72:0876110,Right,YAK:THOMAS:9e782613-0d72:0936209,"Cornelli, Edoardo",YAK:CO:ED:9e782613-0d72:0063112,Left,YAK:NKUHOM:9e782613-0d72:0744411,Stretch,5,Bottom,0,0,0,Sinker,Fastball,BallCalled,,,,0,0,,85.71,0.56,-0.69,1948.05,244.35,2:15,5.78,1.19,6.0,-29.2,10.51,17.08,3.87,1.97,76.39,-4.94,2.53,,,,,,,,,,,,,-9.66,5.58,-1.14,50.0,5.81,1.0,-124.56,0.36,-14.21,31.26,-23.96,YAK:NKUHOM:9e782613-0d72:0744411,YAK:THOMAS:9e782613-0d72:0936209,,,,b8025265-b0e8-4bba-9e12-d05e1860d054,243ff26e-9881-9182-5bb5-3fdf840ec668,85.95,5.78,1.2,0.57,-0.8,76.58,3.87,1.96,-4.91,2.42,0.45,18.17,8.78,-26.53,12.47,1742.96,-870.06,89.47,-0.39,-0.45,-0.81,,,,,,,,,,,,,,,,,0.99,,,,medium,high,101.23,-20.01,54.5,"Marushi, Brady",YAK:MA:BR:9e782613-0d72:0325650,YAK:THOMAS:9e782613-0d72:0936209,2022-11,FALSE,,FALSE,,,,,,,,,,,,,,,,,,,,,,,,,,,,,,,,,,,,,,,,,,,,,,,,,
163,2026-09-15,17:11:19,1,2,"Snider, Cameron",YAK:SN:CA:9e782613-0d72:0876110,Right,YAK:THOMAS:9e782613-0d72:0936209,"Cornelli, Edoardo",YAK:CO:ED:9e782613-0d72:0063112,Left,YAK:NKUHOM:9e782613-0d72:0744411,Stretch,5,Bottom,0,1,0,Curveball,Curveball,InPlay,,LineDrive,Triple,0,0,,76.48,1.5,0.93,2740.39,65.24,8:15,5.23,0.24,6.0,-51.94,-1.98,-11.98,2.32,0.11,68.46,-8.25,-1.34,,95.45,10.73,37.73,2813.72,10.13,,,170.02,,44.52,1.49,6.94,-1.65,-0.3,50.0,5.32,-1.49,-111.11,1.57,8.12,25.11,-34.11,YAK:NKUHOM:9e782613-0d72:0744411,YAK:THOMAS:9e782613-0d72:0936209,,,,b8025265-b0e8-4bba-9e12-d05e1860d054,712965aa-52cd-420e-8ec7-b52bf02eefc1,76.68,5.22,0.24,1.65,0.92,68.59,2.32,0.11,-8.1,-1.34,0.51,-11.91,-5.31,-62.97,30.98,1245.43,-2441.04,45.45,0.19,-0.89,0.41,57.39,74.17,17.78,-0.12,2.28,2.54,119.21,121.23,9.37,-23.14,-0.16,-0.04,0.15,-0.99,,,1.0,,0.99,55.9,medium,high,62.12,-62.23,54.5,"Marushi, Brady",YAK:MA:BR:9e782613-0d72:0325650,YAK:THOMAS:9e782613-0d72:0936209,2022-11,FALSE,,FALSE,,0.87,5,101.76,5,112.55,4,0.02,2,-11.08,5,34.03,5,28.51,3,0.57,5,-6.75,5,21.17,5,27.82,3,4.85,5,20.7,,-7.1,,16.9,,-11,,22,,20.4,,548.12,,859.6,,985.45,,14.6,,38.9,,47.5,
164,2026-09-15,17:12:11,2,1,"Snider, Cameron",YAK:SN:CA:9e782613-0d72:0876110,Right,YAK:THOMAS:9e782613-0d72:0936209,"Bauerle, Pierce",YAK:BA:PI:9e782613-0d72:0971625,Right,YAK:NKUHOM:9e782613-0d72:0744411,Stretch,5,Bottom,0,0,0,Fastball,Fastball,Foul,,,,0,0,,87.15,-0.29,-1.52,2126.63,224.56,1:30,5.66,0.73,6.0,-23.35,15.01,11.96,3.44,0.3,77.7,-4.68,0.74,,,,,,,,,,,,,-7.13,8.37,-0.61,50.0,5.63,3.0,-126.64,-1.34,-10.88,31.84,-19.42,YAK:NKUHOM:9e782613-0d72:0744411,YAK:THOMAS:9e782613-0d72:0936209,,,,b8025265-b0e8-4bba-9e12-d05e1860d054,1ae69651-1498-1858-ad54-98a52cac23b4,87.41,5.66,0.74,-0.3,-1.6,77.92,3.44,0.29,-4.68,0.65,0.45,12.79,13.66,-36.9,78.35,1700.73,-1276.73,79.97,-0.57,-0.6,-0.56,,,,,,,,,,,,,,,,,0.99,,,,medium,high,19.49,26.66,54.5,"Marushi, Brady",YAK:MA:BR:9e782613-0d72:0325650,YAK:THOMAS:9e782613-0d72:0936209,2022-11,FALSE,,FALSE,,,,,,,,,,,,,,,,,,,,,,,,,,,,,,,,,,,,,,,,,,,,,,,,,
165,2026-09-15,17:12:40,2,2,"Snider, Cameron",YAK:SN:CA:9e782613-0d72:0876110,Right,YAK:THOMAS:9e782613-0d72:0936209,"Bauerle, Pierce",YAK:BA:PI:9e782613-0d72:0971625,Right,YAK:NKUHOM:9e782613-0d72:0744411,Stretch,5,Bottom,0,0,1,Slider,Curveball,InPlay,,Popup,Out,1,0,,76.52,1.6,-0.56,2447.17,51.33,7:45,5.21,0.68,6.0,-53.92,-3.95,-10.55,2.21,-0.72,68.51,-8.52,-2.55,,80.23,59.42,11.33,,115.26,,,222.63,,11.38,5.35,5.6,-2.78,-0.63,50,5.3,1.36,-111.16,1.7,6.55,25.38,-35.43,YAK:NKUHOM:9e782613-0d72:0744411,YAK:THOMAS:9e782613-0d72:0936209,,,,b8025265-b0e8-4bba-9e12-d05e1860d054,7b420d77-ebe8-4817-52ad-bcb3dd080b74,76.71,5.19,0.68,1.75,-0.57,68.63,2.22,-0.72,-8.36,-2.56,0.51,-10.41,-7.42,-61.45,45.64,1169.51,-2149.63,47.79,0.3,-0.88,0.37,8.02,40.02,69.07,0.67,2.62,2.63,43.92,218.25,,,,,,,,,0.99,,,42.35,medium,high,48.92,-69.69,54.5,"Marushi, Brady",YAK:MA:BR:9e782613-0d72:0325650,YAK:THOMAS:9e782613-0d72:0936209,2022-11,FALSE,,FALSE,,0.78,5,90.99,4,123.99,3,-0.01,3,-2.67,4,31.5,5,13.87,5,0.53,5,7.8,3,11.01,5,29.65,3,14.6,3,20,,-4.2,,16.6,,-0.3,,20.5,,16.6,,558.86,,845.79,,918.89,,19.9,,35.5,,47.7,
166,2026-09-15,17:13:26,3,1,"Snider, Cameron",YAK:SN:CA:9e782613-0d72:0876110,Right,YAK:THOMAS:9e782613-0d72:0936209,"Wang, Jackson",YAK:WA:JA:9e782613-0d72:0732082,Right,YAK:NKUHOM:9e782613-0d72:0744411,Stretch,5,Bottom,1,0,0,Slider,Curveball,BallCalled,,,,0,0,,76.34,2.75,0.29,2500.07,62.16,8:00,5.43,0.58,6.0,-53.29,-3.05,-12.66,3.57,-0.2,68.14,-7.27,-2.1,,,,,,,,,,,,,7.08,-2.72,-0.6,50.0,5.62,-0.24,-110.82,3.94,8.23,25.03,-35.33,YAK:NKUHOM:9e782613-0d72:0744411,YAK:THOMAS:9e782613-0d72:0936209,,,,b8025265-b0e8-4bba-9e12-d05e1860d054,3c13374c-fead-a456-76d6-6a9f1ef4a71f,76.53,5.42,0.58,2.9,0.29,68.26,3.58,-0.2,-7.11,-2.09,0.51,-12.67,-6.47,-57.6,36.37,1339.69,-2110.83,53.59,0.25,-0.84,0.47,,,,,,,,,,,,,,,,,1.0,,,,medium,high,57.27,-66.59,54.5,"Marushi, Brady",YAK:MA:BR:9e782613-0d72:0325650,YAK:THOMAS:9e782613-0d72:0936209,2022-11,FALSE,,FALSE,,,,,,,,,,,,,,,,,,,,,,,,,,,,,,,,,,,,,,,,,,,,,,,,,
167,2026-09-15,17:13:43,3,2,"Snider, Cameron",YAK:SN:CA:9e782613-0d72:0876110,Right,YAK:THOMAS:9e782613-0d72:0936209,"Wang, Jackson",YAK:WA:JA:9e782613-0d72:0732082,Right,YAK:NKUHOM:9e782613-0d72:0744411,Stretch,5,Bottom,1,1,0,Fastball,Fastball,StrikeSwinging,,,,0,0,,88.06,-0.66,-1.64,2077.2,222.58,1:30,5.84,1.11,6.0,-22.9,14.66,10.67,3.32,0.46,78.56,-4.96,0.38,,,,,,,,,,,,,-6.46,8.3,-0.98,50.0,5.78,3.33,-127.96,-2.15,-10.06,32.44,-19.24,YAK:NKUHOM:9e782613-0d72:0744411,YAK:THOMAS:9e782613-0d72:0936209,,,,b8025265-b0e8-4bba-9e12-d05e1860d054,762bc270-2657-ac7c-2c79-4c0451e1e290,88.33,5.84,1.11,-0.66,-1.72,78.78,3.32,0.45,-4.95,0.3,0.44,11.43,13.34,-40.35,73.79,1582.94,-1345.01,76.21,-0.56,-0.65,-0.52,,,,,,,,,,,,,,,,,0.99,,,,medium,high,23.59,-70.45,54.5,"Marushi, Brady",YAK:MA:BR:9e782613-0d72:0325650,YAK:THOMAS:9e782613-0d72:0936209,2022-11,FALSE,,FALSE,,,,,,,,,,,,,,,,,,,,,,,,,,,,,,,,,,,,,,,,,,,,,,,,,
168,2026-09-15,17:14:06,3,3,"Snider, Cameron",YAK:SN:CA:9e782613-0d72:0876110,Right,YAK:THOMAS:9e782613-0d72:0936209,"Wang, Jackson",YAK:WA:JA:9e782613-0d72:0732082,Right,YAK:NKUHOM:9e782613-0d72:0744411,Stretch,5,Bottom,1,1,1,Slider,Slider,StrikeSwinging,,,,0,0,,80.13,0.59,-1.25,2526.75,76.31,8:30,5.16,0.71,6.0,-43.58,1.92,-7.66,2.08,-1.1,71.68,-7.59,-2.69,,,,,,,,,,,,,3.75,0.84,-0.61,50.0,5.18,2.74,-116.43,0.01,4.82,27.58,-31.1,YAK:NKUHOM:9e782613-0d72:0744411,YAK:THOMAS:9e782613-0d72:0936209,,,,b8025265-b0e8-4bba-9e12-d05e1860d054,4687cd0b-db7d-808c-49b8-996f301a841f,80.36,5.15,0.71,0.69,-1.27,71.85,2.09,-1.1,-7.48,-2.71,0.49,-7.44,-0.89,-74.94,45.9,656.68,-2439.92,25.99,0.06,-0.97,0.25,,,,,,,,,,,,,,,,,0.99,,,,medium,high,48.69,-54.36,54.5,"Marushi, Brady",YAK:MA:BR:9e782613-0d72:0325650,YAK:THOMAS:9e782613-0d72:0936209,2022-11,FALSE,,FALSE,,,,,,,,,,,,,,,,,,,,,,,,,,,,,,,,,,,,,,,,,,,,,,,,,
169,2026-09-15,17:14:28,3,4,"Snider, Cameron",YAK:SN:CA:9e782613-0d72:0876110,Right,YAK:THOMAS:9e782613-0d72:0936209,"Wang, Jackson",YAK:WA:JA:9e782613-0d72:0732082,Right,YAK:NKUHOM:9e782613-0d72:0744411,Stretch,5,Bottom,1,1,2,Fastball,Fastball,HitByPitch,,,Walk,0,0,,88.36,0.79,0.04,2059.99,220.72,1:15,5.86,0.75,6.0,-22.19,15.16,11.13,4.75,1.71,78.59,-3.4,2.14,,,,,,,,,,,,,-6.11,8.05,-0.76,50.0,5.91,-0.41,-128.43,1.1,-9.56,33.19,-19.57,YAK:NKUHOM:9e782613-0d72:0744411,YAK:THOMAS:9e782613-0d72:0936209,,,,b8025265-b0e8-4bba-9e12-d05e1860d054,693b4c36-a264-06e0-6983-b52ddd17fbc9,88.63,5.86,0.76,0.77,-0.05,78.81,4.75,1.7,-3.39,2.05,0.44,11.9,13.81,-36.84,78.91,1648.74,-1235.0,80.04,-0.61,-0.6,-0.52,,,,,,,,,,,,,,,,,0.99,,,,medium,high,18.98,-70.93,54.5,"Marushi, Brady",YAK:MA:BR:9e782613-0d72:0325650,YAK:THOMAS:9e782613-0d72:0936209,2022-11,FALSE,,FALSE,,,,,,,,,,,,,,,,,,,,,,,,,,,,,,,,,,,,,,,,,,,,,,,,,
170,2026-09-15,17:15:07,4,1,"Snider, Cameron",YAK:SN:CA:9e782613-0d72:0876110,Right,YAK:THOMAS:9e782613-0d72:0936209,"Nowak, Mark",YAK:NO:MA:9e782613-0d72:0541523,Right,YAK:NKUHOM:9e782613-0d72:0744411,Stretch,5,Bottom,1,0,0,Fastball,Fastball,StrikeCalled,,,,0,0,,86.73,-0.92,-2.21,2394.68,219.17,1:15,5.65,0.79,6.0,-20.4,18.33,12.41,3.08,-0.25,77.39,-4.76,0.13,,,,,,,,,,,,,-7.62,10.41,-0.62,50.0,5.56,4.5,-125.99,-2.63,-11.51,31.22,-16.44,YAK:NKUHOM:9e782613-0d72:0744411,YAK:THOMAS:9e782613-0d72:0936209,,,,b8025265-b0e8-4bba-9e12-d05e1860d054,a23b9234-6048-3ff4-147a-1a11078dd54d,86.99,5.65,0.8,-0.95,-2.29,77.6,3.08,-0.26,-4.77,0.04,0.45,13.21,17.17,-29.35,77.17,2087.23,-1173.87,87.16,-0.68,-0.49,-0.55,,,,,,,,,,,,,,,,,0.95,,,,medium,high,20.54,-13.38,54.5,"Marushi, Brady",YAK:MA:BR:9e782613-0d72:0325650,YAK:THOMAS:9e782613-0d72:0936209,2022-11,FALSE,,FALSE,,,,,,,,,,,,,,,,,,,,,,,,,,,,,,,,,,,,,,,,,,,,,,,,,
171,2026-09-15,17:15:30,4,2,"Snider, Cameron",YAK:SN:CA:9e782613-0d72:0876110,Right,YAK:THOMAS:9e782613-0d72:0936209,"Nowak, Mark",YAK:NO:MA:9e782613-0d72:0541523,Right,YAK:NKUHOM:9e782613-0d72:0744411,Stretch,5,Bottom,1,0,1,Slider,Curveball,BallCalled,,,,0,0,,78.01,1.53,-2.9,2790.18,61.29,8:00,4.94,1.21,6.0,-49.01,-0.78,-10.72,2.3,-2.4,69.74,-7.66,-4.91,,,,,,,,,,,,,4.8,-1.02,-0.98,50,5.04,6.01,-113.18,1.74,5.81,26.48,-33.4,YAK:NKUHOM:9e782613-0d72:0744411,YAK:THOMAS:9e782613-0d72:0936209,,,,b8025265-b0e8-4bba-9e12-d05e1860d054,5931abf9-157f-45b7-39b3-b6589afe8f96,78.22,4.93,1.22,1.66,-2.91,69.88,2.31,-2.4,-7.52,-4.92,0.5,-10.6,-4.04,-65.39,16.24,1162.16,-2536.63,41.65,0.2,-0.91,0.37,,,,,,,,,,,,,,,,,0.99,,,,medium,high,104.61,-20.95,54.5,"Marushi, Brady",YAK:MA:BR:9e782613-0d72:0325650,YAK:THOMAS:9e782613-0d72:0936209,2022-11,FALSE,,FALSE,,,,,,,,,,,,,,,,,,,,,,,,,,,,,,,,,,,,,,,,,,,,,,,,,
172,2026-09-15,17:15:50,4,3,"Snider, Cameron",YAK:SN:CA:9e782613-0d72:0876110,Right,YAK:THOMAS:9e782613-0d72:0936209,"Nowak, Mark",YAK:NO:MA:9e782613-0d72:0541523,Right,YAK:NKUHOM:9e782613-0d72:0744411,Stretch,5,Bottom,1,1,1,Fastball,Fastball,StrikeSwinging,,,,0,0,,86.38,-1.55,-3.13,2530.16,218.1,1:15,5.5,1.15,6.0,-21.45,17.64,10.75,2.25,-0.9,77.18,-5.58,-1.1,,,,,,,,,,,,,-7.03,10.25,-0.91,50.0,5.37,6.53,-125.36,-4.03,-10.53,30.69,-16.82,YAK:NKUHOM:9e782613-0d72:0744411,YAK:THOMAS:9e782613-0d72:0936209,,,,b8025265-b0e8-4bba-9e12-d05e1860d054,ca67c1c3-0600-8ec8-ec9e-537136c96c5a,86.64,5.5,1.15,-1.58,-3.21,77.4,2.25,-0.9,-5.58,-1.18,0.45,11.52,16.47,-38.64,79.87,1976.39,-1579.73,78.11,-0.61,-0.62,-0.48,,,,,,,,,,,,,,,,,0.99,,,,medium,high,18.11,-31.35,54.5,"Marushi, Brady",YAK:MA:BR:9e782613-0d72:0325650,YAK:THOMAS:9e782613-0d72:0936209,2022-11,FALSE,,FALSE,,,,,,,,,,,,,,,,,,,,,,,,,,,,,,,,,,,,,,,,,,,,,,,,,
173,2026-09-15,17:17:04,5,1,"Snider, Cameron",YAK:SN:CA:9e782613-0d72:0876110,Right,YAK:THOMAS:9e782613-0d72:0936209,"Lundholm, Blake",YAK:LU:BL:9e782613-0d72:0431922,Right,YAK:NKUHOM:9e782613-0d72:0744411,Stretch,5,Bottom,2,0,0,Slider,Curveball,StrikeSwinging,,,StrikeoutSwinging,2,1,,75.16,1.05,-0.54,2491.82,55.06,7:45,5.5,0.7,6.0,-54.8,-3.01,-11.02,1.92,-0.73,67.42,-9.22,-2.62,,84.8,9.2,-4.54,2078.96,7.13,,,148.02,,-0.24,1.89,5.86,-2.06,-0.65,50,5.56,1.31,-109.2,0.6,6.61,24.53,-34.49,YAK:NKUHOM:9e782613-0d72:0744411,YAK:THOMAS:9e782613-0d72:0936209,,,,b8025265-b0e8-4bba-9e12-d05e1860d054,aa28ead2-6788-002e-88c2-04a52bacbd0d,75.34,5.49,0.7,1.2,-0.56,67.54,1.93,-0.73,-9.06,-2.63,0.52,-10.87,-6.56,-62.74,49.08,1141.34,-2215.07,45.8,0.26,-0.89,0.38,-6.62,83.45,13.56,3.66,-37.38,-3.0,-0.62,148.02,5.42,56.56,0.3,0.75,0.55,-0.37,,,1.0,,1.0,50.41,medium,high,45.83,82.54,54.5,"Marushi, Brady",YAK:MA:BR:9e782613-0d72:0325650,YAK:THOMAS:9e782613-0d72:0936209,2022-11,FALSE,,FALSE,,0.83,5,90.92,4,114.25,4,-0.07,5,-7.36,4,36.81,4,0.5,2,0.47,4,-7.27,5,5.42,4,34.61,2,3.6,5,22.4,,-3.1,,23.1,,5.3,,22.6,,23.8,,620.73,,902.42,,1077.82,,27.1,,35.5,,49.5,
,2026-09-15,17:18:33,,,,,,,,,,,,,,,,,,Changeup,,,,,,,,80.35,-2.33,-3.36,1413.86,238.05,2:00,6.09,2.87,6.0,-35.86,9.44,8.31,0.91,0.41,72.22,-9.02,-1.8,,,,,,,,,,,,,-5.79,6.04,-2.61,50.0,5.88,6.61,-116.51,-5.73,-7.48,26.8,-24.38,,,,,,,3be1f918-1db5-2c3a-ff1c-59a2b1331dae,80.58,6.08,2.88,-2.29,-3.44,72.4,0.91,0.4,-8.96,-1.87,0.48,9.06,7.39,-53.18,5.02,847.33,-1131.83,59.93,-0.32,-0.8,-0.51,,,,,,,,,,,,,,,,,1.0,,,,medium,high,85.49,7.87,54.5,,,,2022-11,TRUE,Release side delta >1.5ft pitch-to-pitch,FALSE,,,,,,,,,,,,,,,,,,,,,,,,,,,,,,,,,,,,,,,,,,,,,,,,,
,2026-09-15,17:18:45,,,,,,,,,,,,,,,,,,Slider,,,,,,,,79.02,-2.38,-5.01,,,,6.41,2.6,6.0,,,,0.46,-2.11,71.18,-10.63,-5.01,,,,,,,,,,,,,,,,,,,,,,,,,,,,,,4621f06a-f23a-2478-2678-3a1229915194,79.24,6.4,2.6,-2.29,-5.01,71.34,0.47,-2.11,-10.52,-5.01,0.49,,,,,,,,,,,,,,,,,,,,,,,,,,,,,,,low,high,,,54.5,,,,2022-11,TRUE,Release side delta >1.5ft pitch-to-pitch,FALSE,,,,,,,,,,,,,,,,,,,,,,,,,,,,,,,,,,,,,,,,,,,,,,,,,
,2026-09-15,17:18:56,,,,,,,,,,,,,,,,,,Slider,,,,,,,,77.7,-0.96,-4.0,,,,6.32,2.71,6.0,,,,1.59,-1.05,69.81,-9.52,-4.0,,,,,,,,,,,,,,,,,,,,,,,,,,,,,,d7201982-a517-f09e-8104-ed647f6ee4de,77.91,6.32,2.71,-0.88,-4.0,69.98,1.6,-1.05,-9.4,-4.0,0.5,,,,,,,,,,,,,,,,,,,,,,,,,,,,,,,low,high,,,54.5,,,,2022-11,TRUE,Release side delta >1.5ft pitch-to-pitch,FALSE,,,,,,,,,,,,,,,,,,,,,,,,,,,,,,,,,,,,,,,,,,,,,,,,,
,2026-09-15,17:19:05,,,,,,,,,,,,,,,,,,Fastball,,,,,,,,87.16,-0.47,-2.16,2418.51,212.24,1:00,6.57,1.83,6.0,-23.31,15.05,6.98,4.18,0.38,77.74,-4.85,-0.84,,,,,,,,,,,,,-4.62,8.45,-1.66,50.0,6.52,4.57,-126.62,-1.73,-7.05,31.73,-19.29,,,,,,,cf2373d5-e30a-b582-0f08-850473af786e,87.44,6.57,1.84,-0.48,-2.23,77.96,4.18,0.38,-4.85,-0.91,0.45,7.62,13.7,-51.64,49.07,1500.88,-1896.45,62.06,-0.52,-0.78,-0.33,,,,,,,,,,,,,,,,,0.99,,,,medium,high,45.84,40.0,54.5,,,,2022-11,FALSE,,FALSE,,,,,,,,,,,,,,,,,,,,,,,,,,,,,,,,,,,,,,,,,,,,,,,,,
174,2026-09-15,17:19:28,1,1,"Castaneda, Michael",YAK:CA:MI:9e782613-0d72:0021729,Right,YAK:NKUHOM:9e782613-0d72:0744411,"Geers, Jack",YAK:RE:MA:9e782613-0d72:0295548,Right,YAK:THOMAS:9e782613-0d72:0936209,,6,Top,0,0,0,,Curveball,,,,,,,,77.95,1.3,-2.47,2455.27,38.86,7:15,5.41,1.25,6.0,-57.8,-9.43,-12.07,1.82,-2.07,69.87,-9.52,-4.75,,,,,,,,,,,,,5.69,-5.7,-1.05,50.0,5.48,5.2,-113.13,1.05,6.87,26.92,-39.05,YAK:NKUHOM:9e782613-0d72:0744411,YAK:THOMAS:9e782613-0d72:0936209,,,,b8025265-b0e8-4bba-9e12-d05e1860d054,86c8fe96-ef48-1970-0c02-8570b435ccae,78.12,5.4,1.25,1.48,-2.47,69.96,1.83,-2.07,-9.34,-4.74,0.5,-12.08,-13.21,-46.2,31.2,1699.39,-1772.13,69.21,0.54,-0.72,0.43,,,,,,,,,,,,,,,,,1.0,,,,medium,high,61.92,37.2,54.5,"Turner, Tyler",YAK:TU:TY:9e782613-0d72:0703730,YAK:NKUHOM:9e782613-0d72:0744411,2022-11,FALSE,,FALSE,,,,,,,,,,,,,,,,,,,,,,,,,,,,,,,,,,,,,,,,,,,,,,,,,
175,2026-09-15,17:19:40,1,2,"Castaneda, Michael",YAK:CA:MI:9e782613-0d72:0021729,Right,YAK:NKUHOM:9e782613-0d72:0744411,"Geers, Jack",YAK:RE:MA:9e782613-0d72:0295548,Right,YAK:THOMAS:9e782613-0d72:0936209,,6,Top,0,1,0,,Curveball,,,,,,,,77.8,1.09,-1.73,2489.65,42.81,7:30,5.46,0.94,6.0,-58.01,-9.5,-13.54,1.66,-1.81,69.78,-9.77,-4.28,,,,,,,,,,,,,6.79,-5.66,-0.8,50.0,5.52,3.76,-112.97,0.63,8.17,26.84,-38.98,YAK:NKUHOM:9e782613-0d72:0744411,YAK:THOMAS:9e782613-0d72:0936209,,,,b8025265-b0e8-4bba-9e12-d05e1860d054,6c59052e-1c2e-128c-871f-d4c94863be4f,77.96,5.45,0.94,1.27,-1.71,69.86,1.67,-1.81,-9.59,-4.27,0.5,-13.66,-13.29,-43.77,68.51,1797.79,-1722.31,72.21,0.53,-0.69,0.49,,,,,,,,,,,,,,,,,0.99,,,,medium,high,28.34,9.8,54.5,"Turner, Tyler",YAK:TU:TY:9e782613-0d72:0703730,YAK:NKUHOM:9e782613-0d72:0744411,2022-11,FALSE,,FALSE,,,,,,,,,,,,,,,,,,,,,,,,,,,,,,,,,,,,,,,,,,,,,,,,,
176,2026-09-15,17:19:51,1,4,"Castaneda, Michael",YAK:CA:MI:9e782613-0d72:0021729,Right,YAK:NKUHOM:9e782613-0d72:0744411,"Geers, Jack",YAK:DI:KA:9e782613-0d72:0356234,Right,YAK:THOMAS:9e782613-0d72:0936209,,6,Top,0,2,1,,Fastball,,,,,,,,91.75,-1.28,-2.56,2463.59,207.7,1:00,6.36,1.6,6.0,-18.9,15.74,5.98,3.58,-0.3,81.85,-4.84,-1.43,,,,,,,,,,,,,-4.21,9.12,-1.4,50.0,6.25,5.77,-133.23,-3.58,-7.12,35.0,-16.77,YAK:NKUHOM:9e782613-0d72:0744411,YAK:THOMAS:9e782613-0d72:0936209,,,,b8025265-b0e8-4bba-9e12-d05e1860d054,cb8d6944-6b64-dc77-ac29-638aceefc81f,92.04,6.36,1.61,-1.3,-2.61,82.08,3.58,-0.31,-4.84,-1.49,0.42,6.5,14.65,-50.44,76.89,1568.94,-1899.4,63.69,-0.56,-0.77,-0.3,,,,,,,,,,,,,,,,,0.99,,,,medium,high,20.8,-33.12,54.5,"Turner, Tyler",YAK:TU:TY:9e782613-0d72:0703730,YAK:NKUHOM:9e782613-0d72:0744411,2022-11,FALSE,,FALSE,,,,,,,,,,,,,,,,,,,,,,,,,,,,,,,,,,,,,,,,,,,,,,,,,
177,2026-09-15,17:20:03,1,3,"Castaneda, Michael",YAK:CA:MI:9e782613-0d72:0021729,Right,YAK:NKUHOM:9e782613-0d72:0744411,"Geers, Jack",YAK:DI:KA:9e782613-0d72:0356234,Right,YAK:THOMAS:9e782613-0d72:0936209,,6,Top,0,2,0,,Fastball,,,,,,,,92.18,-2.69,-2.91,2509.06,208.54,1:00,6.52,1.1,6.0,-19.01,15.36,5.45,2.41,-1.19,82.42,-6.25,-1.89,,,,,,,,,,,,,-4.04,9.41,-0.87,50.0,6.3,6.63,-133.7,-6.88,-6.89,35.03,-16.15,YAK:NKUHOM:9e782613-0d72:0744411,YAK:THOMAS:9e782613-0d72:0936209,,,,b8025265-b0e8-4bba-9e12-d05e1860d054,5b69e570-0318-a0fa-5c26-89f5476aed6f,92.46,6.52,1.1,-2.7,-2.96,82.65,2.41,-1.19,-6.25,-1.94,0.42,5.95,14.28,-52.39,53.78,1531.07,-1987.77,61.02,-0.54,-0.79,-0.29,,,,,,,,,,,,,,,,,0.99,,,,medium,high,41.6,63.34,54.5,"Turner, Tyler",YAK:TU:TY:9e782613-0d72:0703730,YAK:NKUHOM:9e782613-0d72:0744411,2022-11,FALSE,,FALSE,,,,,,,,,,,,,,,,,,,,,,,,,,,,,,,,,,,,,,,,,,,,,,,,,
178,2026-09-15,17:20:18,1,5,"Castaneda, Michael",YAK:CA:MI:9e782613-0d72:0021729,Right,YAK:NKUHOM:9e782613-0d72:0744411,"Geers, Jack",YAK:DI:KA:9e782613-0d72:0356234,Right,YAK:THOMAS:9e782613-0d72:0936209,Windup,6,Top,0,3,1,Fastball,Curveball,StrikeSwinging,,,StrikeoutSwinging,1,0,,79.08,1.63,-0.89,2463.99,46.23,7:30,5.72,0.63,6.0,-54.28,-7.43,-12.42,2.73,-1.24,70.76,-8.56,-3.23,,,,,,,,,,,,,6.5,-4.72,-0.55,50.0,5.82,2.11,-114.86,1.82,8.1,27.33,-38.06,YAK:NKUHOM:9e782613-0d72:0744411,YAK:THOMAS:9e782613-0d72:0936209,,,,b8025265-b0e8-4bba-9e12-d05e1860d054,fd9e2f3d-791b-33ac-a156-77ce6da8f0d6,79.26,5.71,0.63,1.8,-0.88,70.87,2.74,-1.24,-8.39,-3.22,0.49,-12.46,-10.94,-50.6,16.51,1564.13,-1903.88,63.48,0.44,-0.77,0.46,,,,,,,,,,,,,,,,,0.99,,,,medium,high,104.86,25.93,54.5,"Turner, Tyler",YAK:TU:TY:9e782613-0d72:0703730,YAK:NKUHOM:9e782613-0d72:0744411,2022-11,FALSE,,FALSE,,,,,,,,,,,,,,,,,,,,,,,,,,,,,,,,,,,,,,,,,,,,,,,,,
179,2026-09-15,17:20:41,1,6,"Castaneda, Michael",YAK:CA:MI:9e782613-0d72:0021729,Right,YAK:NKUHOM:9e782613-0d72:0744411,"Flack, Lucas",YAK:FL:LU:9e782613-0d72:0656874,Right,YAK:THOMAS:9e782613-0d72:0936209,,6,Top,1,0,0,,Fastball,,,,,,,,92.46,-1.29,-1.99,2314.53,205.24,12:45,6.25,1.54,6.0,-18.39,15.71,5.41,3.5,0.12,82.46,-4.75,-0.98,,,,,,,,,,,,,-3.7,9.11,-1.39,50.0,6.13,4.51,-134.3,-3.61,-6.34,35.64,-16.55,YAK:NKUHOM:9e782613-0d72:0744411,YAK:THOMAS:9e782613-0d72:0936209,,,,b8025265-b0e8-4bba-9e12-d05e1860d054,9f494f03-6449-594c-d115-cd9222010729,92.74,6.25,1.54,-1.31,-2.04,82.69,3.5,0.12,-4.75,-1.02,0.42,5.88,14.62,-49.4,49.7,1506.29,-1757.31,65.08,-0.59,-0.76,-0.28,,,,,,,,,,,,,,,,,1.0,,,,medium,high,45.27,-32.29,54.5,"Turner, Tyler",YAK:TU:TY:9e782613-0d72:0703730,YAK:NKUHOM:9e782613-0d72:0744411,2022-11,FALSE,,FALSE,,,,,,,,,,,,,,,,,,,,,,,,,,,,,,,,,,,,,,,,,,,,,,,,,
180,2026-09-15,17:20:52,1,7,"Castaneda, Michael",YAK:CA:MI:9e782613-0d72:0021729,Right,YAK:NKUHOM:9e782613-0d72:0744411,"Flack, Lucas",YAK:FL:LU:9e782613-0d72:0656874,Right,YAK:THOMAS:9e782613-0d72:0936209,Windup,6,Top,1,1,0,Slider,Curveball,StrikeCalled,,,,0,0,,79.38,1.32,1.39,2461.73,47.57,7:30,5.78,0.9,6.0,-54.87,-8.42,-13.25,2.45,1.1,71.09,-8.98,-1.11,,,,,,,,,,,,,7.82,-5.14,-1.0,50.0,5.86,-2.45,-115.29,1.18,9.84,27.3,-38.63,YAK:NKUHOM:9e782613-0d72:0744411,YAK:THOMAS:9e782613-0d72:0936209,,,,b8025265-b0e8-4bba-9e12-d05e1860d054,2fc4431a-48b1-725f-aba6-fbfe09202202,79.55,5.77,0.9,1.49,1.41,71.19,2.46,1.1,-8.8,-1.09,0.49,-13.37,-11.9,-48.28,26.07,1638.35,-1837.37,66.55,0.45,-0.75,0.49,,,,,,,,,,,,,,,,,0.99,,,,medium,high,66.54,68.1,54.5,"Turner, Tyler",YAK:TU:TY:9e782613-0d72:0703730,YAK:NKUHOM:9e782613-0d72:0744411,2022-11,FALSE,,FALSE,,,,,,,,,,,,,,,,,,,,,,,,,,,,,,,,,,,,,,,,,,,,,,,,,
181,2026-09-15,17:21:02,1,8,"Castaneda, Michael",YAK:CA:MI:9e782613-0d72:0021729,Right,YAK:NKUHOM:9e782613-0d72:0744411,"Flack, Lucas",YAK:FL:LU:9e782613-0d72:0656874,Right,YAK:THOMAS:9e782613-0d72:0936209,Windup,6,Top,1,1,1,Fastball,Fastball,BallCalled,,,,0,0,,93.76,-0.74,-3.05,2349.56,206.65,1:00,6.3,1.01,6.0,-15.61,17.58,7.02,4.3,-1.27,83.49,-3.68,-1.73,,,,,,,,,,,,,-4.97,9.94,-0.78,50.0,6.23,7.03,-136.11,-2.26,-8.76,36.57,-14.66,YAK:NKUHOM:9e782613-0d72:0744411,YAK:THOMAS:9e782613-0d72:0936209,,,,b8025265-b0e8-4bba-9e12-d05e1860d054,565b4a33-398f-0387-56f3-58514e542a13,94.05,6.3,1.02,-0.77,-3.11,83.73,4.3,-1.27,-3.7,-1.78,0.41,7.53,16.66,-41.86,76.75,1749.92,-1567.88,74.48,-0.67,-0.67,-0.33,,,,,,,,,,,,,,,,,0.99,,,,medium,high,20.93,-4.78,54.5,"Turner, Tyler",YAK:TU:TY:9e782613-0d72:0703730,YAK:NKUHOM:9e782613-0d72:0744411,2022-11,FALSE,,FALSE,,,,,,,,,,,,,,,,,,,,,,,,,,,,,,,,,,,,,,,,,,,,,,,,,
182,2026-09-15,17:21:15,1,9,"Castaneda, Michael",YAK:CA:MI:9e782613-0d72:0021729,Right,YAK:NKUHOM:9e782613-0d72:0744411,"Flack, Lucas",YAK:FL:LU:9e782613-0d72:0656874,Right,YAK:THOMAS:9e782613-0d72:0936209,Windup,6,Top,1,2,1,Fastball,Fastball,StrikeCalled,,,StrikeoutSwinging,0,0,,94.19,-1.05,-2.34,2378.13,206.91,1:00,6.34,1.21,6.0,-15.91,16.95,6.75,4.02,-0.43,83.92,-4.05,-1.07,,,,,,,,,,,,,-4.56,9.71,-1.03,50.0,6.24,5.37,-136.79,-3.03,-8.12,36.95,-14.9,YAK:NKUHOM:9e782613-0d72:0744411,YAK:THOMAS:9e782613-0d72:0936209,,,,b8025265-b0e8-4bba-9e12-d05e1860d054,ed1222ab-7976-cc04-a533-c4b22c952533,94.48,6.34,1.21,-1.08,-2.39,84.16,4.02,-0.43,-4.06,-1.12,0.41,7.25,16.01,-43.77,49.68,1717.31,-1645.1,72.21,-0.64,-0.69,-0.33,,,,,,,,,,,,,,,,,0.97,,,,medium,high,45.29,-16.92,54.5,"Turner, Tyler",YAK:TU:TY:9e782613-0d72:0703730,YAK:NKUHOM:9e782613-0d72:0744411,2022-11,FALSE,,FALSE,,,,,,,,,,,,,,,,,,,,,,,,,,,,,,,,,,,,,,,,,,,,,,,,,
183,2026-09-15,17:21:36,1,10,"Castaneda, Michael",YAK:CA:MI:9e782613-0d72:0021729,Right,YAK:NKUHOM:9e782613-0d72:0744411,"McCarty, Noah",YAK:FL:LU:9e782613-0d72:0656874,Right,YAK:THOMAS:9e782613-0d72:0936209,,6,Top,1,3,1,,Fastball,,,,,,,,92.73,-0.72,-1.35,2393.78,215.32,1:15,6.19,1.05,6.0,-17.72,16.15,9.38,4.04,0.56,82.61,-4.06,0.42,,,,,,,,,,,,,-5.65,9.15,-0.95,50,6.13,2.88,-134.76,-2.25,-9.75,36.03,-16.38,YAK:NKUHOM:9e782613-0d72:0744411,YAK:THOMAS:9e782613-0d72:0936209,,,,b8025265-b0e8-4bba-9e12-d05e1860d054,1b94693a-7060-5711-2c3a-8e9e365b2c71,93.01,6.2,1.06,-0.75,-1.42,82.84,4.04,0.56,-4.07,0.35,0.42,10.04,15.12,-40.97,76.76,1807.55,-1569.37,75.51,-0.62,-0.66,-0.44,,,,,,,,,,,,,,,,,1.0,,,,medium,high,20.91,-78.91,54.5,"Turner, Tyler",YAK:TU:TY:9e782613-0d72:0703730,YAK:NKUHOM:9e782613-0d72:0744411,2022-11,FALSE,,FALSE,,,,,,,,,,,,,,,,,,,,,,,,,,,,,,,,,,,,,,,,,,,,,,,,,
184,2026-09-15,17:21:49,1,11,"Castaneda, Michael",YAK:CA:MI:9e782613-0d72:0021729,Right,YAK:NKUHOM:9e782613-0d72:0744411,"McCarty, Noah",YAK:FL:LU:9e782613-0d72:0656874,Right,YAK:THOMAS:9e782613-0d72:0936209,Windup,6,Top,1,3,2,Fastball,Curveball,StrikeSwinging,,,StrikeoutSwinging,1,0,,76.01,2.11,1.05,2342.74,46.27,7:30,5.35,0.82,6.0,-59.43,-8.74,-13.28,2.38,0.69,68.07,-9.04,-1.46,,,,,,,,,,,,,7.71,-5.62,-0.89,50.0,5.48,-1.67,-110.37,2.54,8.89,25.03,-38.65,YAK:NKUHOM:9e782613-0d72:0744411,YAK:THOMAS:9e782613-0d72:0936209,,,,b8025265-b0e8-4bba-9e12-d05e1860d054,08d5a66b-456f-8915-e010-66265dfcf585,76.17,5.33,0.82,2.3,1.06,68.15,2.39,0.7,-8.86,-1.45,0.51,-13.38,-12.51,-46.19,52.11,1621.79,-1690.63,69.23,0.48,-0.72,0.5,,,,,,,,,,,,,,,,,0.98,,,,medium,high,43.1,75.71,54.5,"Turner, Tyler",YAK:TU:TY:9e782613-0d72:0703730,YAK:NKUHOM:9e782613-0d72:0744411,2022-11,FALSE,,FALSE,,,,,,,,,,,,,,,,,,,,,,,,,,,,,,,,,,,,,,,,,,,,,,,,,
185,2026-09-15,17:22:01,2,1,"Castaneda, Michael",YAK:CA:MI:9e782613-0d72:0021729,Right,YAK:NKUHOM:9e782613-0d72:0744411,"McCarty, Noah",YAK:GE:JA:9e782613-0d72:0630021,Right,YAK:THOMAS:9e782613-0d72:0936209,Windup,6,Top,2,0,0,Fastball,Fastball,InPlay,,Popup,Out,1,0,,93.69,-1.21,-3.3,2486.65,212.81,1:00,6.1,1.47,6.0,-19.25,14.02,6.28,3.35,-1.11,83.54,-4.83,-2.12,,37.21,38.53,45.02,3535.21,,,,90.34,,47.08,2.34,-4.65,8.15,-1.21,50.0,5.99,7.63,-135.95,-3.5,-8.17,36.47,-17.85,YAK:NKUHOM:9e782613-0d72:0744411,YAK:THOMAS:9e782613-0d72:0936209,,,,b8025265-b0e8-4bba-9e12-d05e1860d054,587a05bb-7ad4-11a4-a2f0-3a85aca56ff8,93.97,6.1,1.47,-1.23,-3.35,83.77,3.35,-1.11,-4.83,-2.17,0.41,6.83,12.92,-54.89,78.08,1430.17,-2034.22,57.51,-0.48,-0.82,-0.31,20.59,20.57,23.18,1.22,2.73,3.72,66.16,61.52,5.98,0.13,0.12,0.92,-0.21,-0.33,,,0.99,,0.99,3.72,medium,high,19.72,-63.07,54.5,"Turner, Tyler",YAK:TU:TY:9e782613-0d72:0703730,YAK:NKUHOM:9e782613-0d72:0744411,2022-11,FALSE,,FALSE,,0.93,5,124.24,3,140.1,2,0.04,2,10.01,1,32.59,5,18.96,5,0.65,3,15.45,1,15.28,5,28.1,3,-0.11,5,12,,-10.8,,17.2,,-20.3,,16.3,,27.1,,706.53,,930.31,,1022.73,,8.6,,42.5,,54.5,
,2026-09-15,17:23:00,,,,,,,,,,,,,,,,,,Fastball,,,,,,,,85.43,-0.45,-2.81,1904.67,228.09,1:30,5.77,3.02,6.0,-25.84,14.12,12.15,3.2,1.39,76.24,-5.3,-0.52,,,,,,,,,,,,,-7.7,7.93,-2.8,50,5.73,5.73,-124.04,-1.72,-11.27,30.35,-20.57,,,,,,,daa88b6c-2fd2-ad76-fdc3-bc8e37f656fb,85.68,5.77,3.03,-0.45,-2.89,76.45,3.2,1.39,-5.29,-0.61,0.45,12.99,12.65,-37.05,65.98,1520.07,-1147.68,79.81,-0.53,-0.6,-0.59,,,,,,,,,,,,,,,,,0.97,,,,medium,high,30.62,-18.99,54.5,,,,2022-11,TRUE,Release side delta >1.5ft pitch-to-pitch,FALSE,,,,,,,,,,,,,,,,,,,,,,,,,,,,,,,,,,,,,,,,,,,,,,,,,
,2026-09-15,17:23:13,,,,,,,,,,,,,,,,,,Fastball,,,,,,,,85.05,-1.26,-4.72,2003.71,226.33,1:30,6.13,2.7,6.0,-25.95,14.5,10.87,2.78,-0.84,76.02,-6.12,-2.68,,,,,,,,,,,,,-7.67,8.42,-2.34,50.0,6.02,9.86,-123.21,-3.47,-11.09,29.61,-19.99,,,,,,,d6e322f0-0459-cfd5-ba7c-5427c8919e40,85.31,6.13,2.71,-1.26,-4.8,76.23,2.78,-0.84,-6.11,-2.77,0.46,11.66,13.09,-42.81,58.82,1470.05,-1361.55,73.37,-0.51,-0.68,-0.53,,,,,,,,,,,,,,,,,1.0,,,,medium,high,37.06,-75.48,54.5,,,,2022-11,FALSE,,FALSE,,,,,,,,,,,,,,,,,,,,,,,,,,,,,,,,,,,,,,,,,,,,,,,,,
,2026-09-15,17:23:24,,,,,,,,,,,,,,,,,,Fastball,,,,,,,,85.22,-0.62,-3.77,2032.09,221.74,1:30,5.77,2.95,6.0,-25.52,14.7,9.59,3.06,0.21,76.07,-5.41,-1.97,,,,,,,,,,,,,-6.64,8.31,-2.66,50.0,5.71,7.87,-123.62,-2.08,-9.65,30.02,-20.09,,,,,,,c38ac6e8-816c-0a26-db1a-7a9d00035b0f,85.48,5.77,2.96,-0.62,-3.85,76.28,3.06,0.2,-5.4,-2.04,0.46,10.33,13.27,-45.45,49.11,1425.62,-1448.1,70.16,-0.52,-0.71,-0.47,,,,,,,,,,,,,,,,,0.99,,,,medium,high,45.8,-32.21,54.5,,,,2022-11,TRUE,Release side delta >1.5ft pitch-to-pitch,FALSE,,,,,,,,,,,,,,,,,,,,,,,,,,,,,,,,,,,,,,,,,,,,,,,,,
,2026-09-15,17:23:37,,,,,,,,,,,,,,,,,,Cutter,,,,,,,,79.24,0.03,-0.98,2265.72,132.75,10:30,5.61,2.14,6.0,-40.91,5.56,-4.04,2.22,0.88,70.95,-7.65,-1.74,,,,,,,,,,,,,1.86,3.05,-2.06,50.0,5.59,2.08,-115.16,-1.05,2.34,26.73,-28.34,,,,,,,07ba7833-61c5-f118-8190-f71bf0d93750,79.47,5.6,2.14,0.1,-1.02,71.13,2.23,0.88,-7.55,-1.78,0.49,-3.67,2.99,-81.72,38.12,326.37,-2242.09,14.4,-0.1,-0.99,0.11,,,,,,,,,,,,,,,,,1.0,,,,medium,high,55.69,42.77,54.5,,,,2022-11,FALSE,,FALSE,,,,,,,,,,,,,,,,,,,,,,,,,,,,,,,,,,,,,,,,,,,,,,,,,
,2026-09-15,17:23:46,,,,,,,,,,,,,,,,,,Slider,,,,,,,,76.03,2.18,0.43,2180.13,86.69,9:00,5.52,2.22,6.0,-47.98,2.57,-9.75,3.57,1.82,67.87,-6.85,-1.41,,,,,,,,,,,,,5.53,0.6,-2.25,50.0,5.67,-0.58,-110.42,2.96,6.39,24.65,-31.48,,,,,,,94385e4a-e2e1-c914-57ea-45748b96697e,76.25,5.51,2.23,2.29,0.42,68.03,3.58,1.82,-6.72,-1.41,0.51,-9.63,-0.49,-68.04,32.85,815.39,-2021.9,37.4,0.02,-0.93,0.37,,,,,,,,,,,,,,,,,1.0,,,,medium,high,60.44,40.94,54.5,,,,2022-11,FALSE,,FALSE,,,,,,,,,,,,,,,,,,,,,,,,,,,,,,,,,,,,,,,,,,,,,,,,,
,2026-09-15,17:23:55,,,,,,,,,,,,,,,,,,Slider,,,,,,,,76.13,0.77,0.42,2206.16,68.58,8:15,5.81,1.77,6.0,-50.44,-0.04,-9.43,2.33,1.38,68.25,-8.69,-1.37,,,,,,,,,,,,,5.35,-0.31,-1.8,50.0,5.85,-0.56,-110.63,0.19,6.2,24.89,-32.54,,,,,,,a7bfd7a6-799b-2d14-ec4d-9a7f2b255a93,76.33,5.8,1.78,0.9,0.4,68.39,2.34,1.38,-8.55,-1.38,0.51,-9.25,-3.25,-69.14,48.94,785.62,-2061.54,35.61,0.13,-0.93,0.33,,,,,,,,,,,,,,,,,0.99,,,,medium,high,45.96,16.08,54.5,,,,2022-11,FALSE,,FALSE,,,,,,,,,,,,,,,,,,,,,,,,,,,,,,,,,,,,,,,,,,,,,,,,,
,2026-09-15,17:24:04,,,,,,,,,,,,,,,,,,Changeup,,,,,,,,77.53,0.75,-1.27,1525.56,248.59,2:15,5.82,3.36,6.0,-40.23,8.29,13.34,3.17,3.28,69.31,-6.81,1.25,,,,,,,,,,,,,-7.81,4.29,-3.26,50.0,5.86,2.14,-112.66,0.41,-9.41,25.44,-27.01,,,,,,,18da09d0-83c3-62d5-c78f-dfa24fdac2da,77.75,5.82,3.36,0.8,-1.38,69.48,3.17,3.27,-6.74,1.14,0.5,14.36,5.95,-41.87,64.88,1136.09,-1018.15,74.47,-0.27,-0.67,-0.69,,,,,,,,,,,,,,,,,0.99,,,,medium,high,31.6,73.9,54.5,,,,2022-11,TRUE,Release side delta >1.5ft pitch-to-pitch,FALSE,,,,,,,,,,,,,,,,,,,,,,,,,,,,,,,,,,,,,,,,,,,,,,,,,
186,2026-09-15,17:24:14,1,1,"LoParo, Sam",YAK:LO:SA:9e782613-0d72:0686443,Right,YAK:THOMAS:9e782613-0d72:0936209,"Lundholm, Blake",YAK:LU:BL:9e782613-0d72:0431922,Right,YAK:NKUHOM:9e782613-0d72:0744411,Windup,6,Bottom,0,0,0,Fastball,Fastball,BallCalled,,,,0,0,,85.4,1.14,-2.04,2074.42,219.54,1:15,5.97,2.68,6.0,-25.49,14.52,9.52,4.92,1.56,75.96,-3.66,-0.25,,88.38,7.58,-3.81,1824.12,5.09,,,139.93,,0.93,1.76,-5.98,7.57,-2.53,50.0,6.04,4.15,-124.04,1.73,-8.75,30.69,-21.11,YAK:NKUHOM:9e782613-0d72:0744411,YAK:THOMAS:9e782613-0d72:0936209,,,,b8025265-b0e8-4bba-9e12-d05e1860d054,f074af32-75b6-143a-7fe3-0d5dce385085,85.66,5.97,2.69,1.14,-2.12,76.18,4.92,1.55,-3.65,-0.33,0.46,10.26,13.02,-46.1,66.04,1438.37,-1494.76,69.34,-0.53,-0.72,-0.44,-5.82,87.41,11.66,0.16,-41.83,0.82,2.26,139.92,8.23,60.42,0.27,0.82,0.15,-0.56,,,1.0,,1.0,51.77,medium,high,30.56,-8.67,54.5,"Marushi, Brady",YAK:MA:BR:9e782613-0d72:0325650,YAK:THOMAS:9e782613-0d72:0936209,2022-11,FALSE,,FALSE,,1.07,2,-52.71,0,56.8,0,0.08,1,-89.84,0,-4.13,0,236.25,0,0.0,0,-118.31,0,0,0,-73.89,0,64.08,0,-2.1,,4.8,,-2,,4.7,,5.2,,5.2,,846.89,,818.8,,460.64,,-1799.2,,824.8,,824.8,
187,2026-09-15,17:25:10,1,2,"LoParo, Sam",YAK:LO:SA:9e782613-0d72:0686443,Right,YAK:THOMAS:9e782613-0d72:0936209,"Lundholm, Blake",YAK:LU:BL:9e782613-0d72:0431922,Right,YAK:NKUHOM:9e782613-0d72:0744411,Windup,6,Bottom,0,1,0,Fastball,Fastball,InPlay,,FlyBall,Out,1,0,,87.38,-1.4,-3.67,1997.5,218.75,1:15,6.04,2.33,6.0,-23.75,14.5,8.28,2.75,-0.43,78.07,-5.85,-2.12,,76.81,29.39,-13.36,2745.37,50.97,,,277.47,,-16.47,4.24,-5.88,8.48,-2.05,50.0,5.92,7.89,-126.74,-3.81,-8.99,31.53,-19.2,YAK:NKUHOM:9e782613-0d72:0744411,YAK:THOMAS:9e782613-0d72:0936209,,,,b8025265-b0e8-4bba-9e12-d05e1860d054,a5d08fa9-cf3e-56f3-d0dc-2bc8e9df5542,87.64,6.04,2.34,-1.4,-3.74,78.28,2.75,-0.44,-5.84,-2.19,0.44,8.94,13.16,-47.4,90.14,1351.99,-1470.42,67.68,-0.53,-0.74,-0.42,-15.46,65.11,37.69,0.46,2.1,2.72,-78.65,266.09,-25.95,39.76,1.06,0.98,0.1,0.2,,,0.99,,1.0,39.89,medium,high,8.88,73.76,54.5,"Marushi, Brady",YAK:MA:BR:9e782613-0d72:0325650,YAK:THOMAS:9e782613-0d72:0936209,2022-11,FALSE,,FALSE,,0.95,5,95.19,5,126.6,3,-0.06,5,-4.88,4,41.23,3,8.73,4,0.6,4,-2.87,5,26.35,4,40.41,0,-0.86,5,12.2,,-10.7,,15.2,,-7.8,,16.4,,17.2,,669.23,,893.98,,1046.03,,19.4,,45.2,,60.6,
188,2026-09-15,17:25:41,2,1,"LoParo, Sam",YAK:LO:SA:9e782613-0d72:0686443,Right,YAK:THOMAS:9e782613-0d72:0936209,"Fernandez, Mayo",YAK:FE:MA:9e782613-0d72:0091969,Right,YAK:NKUHOM:9e782613-0d72:0744411,Windup,6,Bottom,1,0,0,Fastball,Fastball,HitByPitch,,,Walk,0,0,,84.33,0.99,0.22,1946.28,214.83,1:15,5.96,2.02,6.0,-29.26,11.74,6.17,4.45,2.74,75.1,-4.52,1.39,,24.58,19.67,-139.35,2850.11,,,,33.28,,-135.47,1.01,-3.31,6.1,-2.04,50.0,6.03,-0.65,-122.56,1.27,-4.73,30.14,-23.48,YAK:NKUHOM:9e782613-0d72:0744411,YAK:THOMAS:9e782613-0d72:0936209,,,,b8025265-b0e8-4bba-9e12-d05e1860d054,81f12dfb-33d7-a7f4-0f86-0a34db739d37,84.6,5.96,2.02,1.01,0.15,75.31,4.45,2.74,-4.49,1.32,0.46,6.83,9.97,-57.33,25.6,1050.5,-1638.43,53.97,-0.44,-0.84,-0.31,-15.08,-17.56,8.28,-2.71,1.9,4.6,-23.34,-23.73,1.29,-0.07,-0.17,0.27,-0.36,0.89,,,0.99,,0.99,-25.48,medium,high,66.96,25.8,54.5,"Marushi, Brady",YAK:MA:BR:9e782613-0d72:0325650,YAK:THOMAS:9e782613-0d72:0936209,2022-11,FALSE,,FALSE,,1.0,3,17.16,0,43.59,0,-0.23,5,-70.73,0,14.41,2,0,0,0.55,5,-58.05,0,0,0,-13.09,0,13.78,3,7.2,,5.7,,7.7,,6.3,,9.2,,10,,79.08,,213.16,,192.4,,40.4,,48.3,,48.7,
189,2026-09-15,17:26:21,3,1,"LoParo, Sam",YAK:LO:SA:9e782613-0d72:0686443,Right,YAK:THOMAS:9e782613-0d72:0936209,"Turner, Tyler",YAK:TU:TY:9e782613-0d72:0703730,Right,YAK:NKUHOM:9e782613-0d72:0744411,Windup,6,Bottom,1,0,0,Fastball,Fastball,BallCalled,,,,0,0,,85.74,-0.64,-5.98,1698.53,226.47,1:30,6.12,2.23,6.0,-28.18,11.81,7.54,3.16,-2.78,76.54,-5.92,-4.57,,,,,,,,,,,,,-6.31,6.73,-1.76,50.0,6.05,12.77,-123.96,-2.22,-9.23,30.21,-22.33,YAK:NKUHOM:9e782613-0d72:0744411,YAK:THOMAS:9e782613-0d72:0936209,,,,b8025265-b0e8-4bba-9e12-d05e1860d054,af5df0ab-f84f-02f4-a85d-5d94d994a620,86.0,6.12,2.23,-0.63,-6.05,76.75,3.17,-2.79,-5.89,-4.64,0.45,8.21,10.22,-55.56,46.06,960.65,-1400.76,56.56,-0.39,-0.82,-0.41,,,,,,,,,,,,,,,,,0.97,,,,medium,high,48.54,-50.12,54.5,"Marushi, Brady",YAK:MA:BR:9e782613-0d72:0325650,YAK:THOMAS:9e782613-0d72:0936209,2022-11,FALSE,,FALSE,,,,,,,,,,,,,,,,,,,,,,,,,,,,,,,,,,,,,,,,,,,,,,,,,
190,2026-09-15,17:27:06,3,2,"LoParo, Sam",YAK:LO:SA:9e782613-0d72:0686443,Right,YAK:THOMAS:9e782613-0d72:0936209,"Turner, Tyler",YAK:TU:TY:9e782613-0d72:0703730,Right,YAK:NKUHOM:9e782613-0d72:0744411,Windup,6,Bottom,2,1,0,Fastball,Fastball,Foul,,,,0,0,,86.5,-1.58,-1.8,1744.88,214.7,1:15,6.35,1.82,6.0,-26.47,12.48,5.69,2.67,0.61,77.37,-6.54,-0.73,,,,,,,,,,,,,-3.78,7.44,-1.68,50.0,6.22,3.78,-125.65,-4.24,-5.68,31.23,-21.0,YAK:NKUHOM:9e782613-0d72:0744411,YAK:THOMAS:9e782613-0d72:0936209,,,,b8025265-b0e8-4bba-9e12-d05e1860d054,1b1bd541-5a26-f585-3a0f-ff1da48d36c9,86.77,6.35,1.82,-1.56,-1.86,77.58,2.67,0.6,-6.51,-0.78,0.45,6.25,10.92,-54.19,46.13,1020.99,-1414.99,58.51,-0.48,-0.81,-0.33,,,,,,,,,,,,,,,,,0.99,,,,medium,high,48.49,-49.65,54.5,"Marushi, Brady",YAK:MA:BR:9e782613-0d72:0325650,YAK:THOMAS:9e782613-0d72:0936209,2022-11,FALSE,,FALSE,,,,,,,,,,,,,,,,,,,,,,,,,,,,,,,,,,,,,,,,,,,,,,,,,
191,2026-09-15,17:27:28,3,3,"LoParo, Sam",YAK:LO:SA:9e782613-0d72:0686443,Right,YAK:THOMAS:9e782613-0d72:0936209,"Turner, Tyler",YAK:TU:TY:9e782613-0d72:0703730,Right,YAK:NKUHOM:9e782613-0d72:0744411,Windup,6,Bottom,2,1,1,Slider,Slider,BallCalled,,,,0,0,,76.0,1.01,0.56,2049.41,82.59,8:45,5.48,1.59,6.0,-48.57,1.98,-9.32,2.37,1.33,68.06,-8.11,-1.2,,,,,,,,,,,,,5.34,0.71,-1.63,50.0,5.53,-0.83,-110.44,0.69,6.17,24.69,-31.35,YAK:NKUHOM:9e782613-0d72:0744411,YAK:THOMAS:9e782613-0d72:0936209,,,,b8025265-b0e8-4bba-9e12-d05e1860d054,0ca94ed8-0059-0090-5736-bb2d99e96367,76.21,5.47,1.59,1.12,0.54,68.21,2.38,1.33,-7.98,-1.21,0.51,-9.17,-1.11,-69.66,49.81,712.32,-1921.64,34.76,0.04,-0.94,0.34,,,,,,,,,,,,,,,,,1.0,,,,medium,high,45.17,63.84,54.5,"Marushi, Brady",YAK:MA:BR:9e782613-0d72:0325650,YAK:THOMAS:9e782613-0d72:0936209,2022-11,FALSE,,FALSE,,,,,,,,,,,,,,,,,,,,,,,,,,,,,,,,,,,,,,,,,,,,,,,,,
192,2026-09-15,17:27:45,3,4,"LoParo, Sam",YAK:LO:SA:9e782613-0d72:0686443,Right,YAK:THOMAS:9e782613-0d72:0936209,"Turner, Tyler",YAK:TU:TY:9e782613-0d72:0703730,Right,YAK:NKUHOM:9e782613-0d72:0744411,Windup,6,Bottom,2,2,1,Fastball,Fastball,BallCalled,,,,0,0,,87.54,0.12,-3.19,1884.95,215.34,1:15,6.06,2.25,6.0,-24.1,13.99,7.32,4.16,-0.14,77.99,-4.42,-1.81,,,,,,,,,,,,,-5.19,7.66,-2.0,50.0,6.05,6.86,-127.07,-0.46,-7.97,31.98,-20.42,YAK:NKUHOM:9e782613-0d72:0744411,YAK:THOMAS:9e782613-0d72:0936209,,,,b8025265-b0e8-4bba-9e12-d05e1860d054,f40781f0-ca48-5f95-eff3-8d4e287cfcd7,87.81,6.06,2.25,0.11,-3.25,78.21,4.16,-0.15,-4.4,-1.87,0.44,7.94,12.58,-49.87,94.37,1214.86,-1441.23,64.45,-0.53,-0.76,-0.37,,,,,,,,,,,,,,,,,0.98,,,,medium,high,5.07,-89.3,54.5,"Marushi, Brady",YAK:MA:BR:9e782613-0d72:0325650,YAK:THOMAS:9e782613-0d72:0936209,2022-11,FALSE,,FALSE,,,,,,,,,,,,,,,,,,,,,,,,,,,,,,,,,,,,,,,,,,,,,,,,,
193,2026-09-15,17:28:04,3,5,"LoParo, Sam",YAK:LO:SA:9e782613-0d72:0686443,Right,YAK:THOMAS:9e782613-0d72:0936209,"Turner, Tyler",YAK:TU:TY:9e782613-0d72:0703730,Right,YAK:NKUHOM:9e782613-0d72:0744411,Windup,6,Bottom,2,3,1,Fastball,Fastball,StrikeCalled,,,,0,0,,87.1,-2.35,-2.98,1869.07,219.65,1:15,5.97,2.21,6.0,-24.37,14.11,8.17,1.73,0.09,77.98,-6.91,-1.45,,,,,,,,,,,,,-5.56,8.61,-1.98,50.0,5.78,6.34,-126.36,-5.92,-8.46,31.28,-19.09,YAK:NKUHOM:9e782613-0d72:0744411,YAK:THOMAS:9e782613-0d72:0936209,,,,b8025265-b0e8-4bba-9e12-d05e1860d054,31a995e1-53ef-ab4e-e067-16a8630d0725,87.37,5.97,2.22,-2.35,-3.05,78.19,1.73,0.09,-6.9,-1.51,0.45,8.82,12.73,-46.17,94.22,1294.28,-1348.43,69.25,-0.53,-0.72,-0.44,,,,,,,,,,,,,,,,,0.99,,,,medium,high,5.2,85.54,54.5,"Marushi, Brady",YAK:MA:BR:9e782613-0d72:0325650,YAK:THOMAS:9e782613-0d72:0936209,2022-11,FALSE,,FALSE,,,,,,,,,,,,,,,,,,,,,,,,,,,,,,,,,,,,,,,,,,,,,,,,,
194,2026-09-15,17:28:22,3,6,"LoParo, Sam",YAK:LO:SA:9e782613-0d72:0686443,Right,YAK:THOMAS:9e782613-0d72:0936209,"Turner, Tyler",YAK:TU:TY:9e782613-0d72:0703730,Right,YAK:NKUHOM:9e782613-0d72:0744411,Windup,6,Bottom,2,3,2,Slider,Slider,Foul,,,,0,0,,77.55,0.55,-0.86,2131.84,91.9,9:00,5.44,1.8,6.0,-44.95,3.6,-7.43,2.22,0.37,69.44,-7.88,-2.26,,,,,,,,,,,,,3.77,1.78,-1.73,50.0,5.46,1.89,-112.7,-0.09,4.54,25.75,-30.04,YAK:NKUHOM:9e782613-0d72:0744411,YAK:THOMAS:9e782613-0d72:0936209,,,,b8025265-b0e8-4bba-9e12-d05e1860d054,d32cd931-cd9f-d77d-6ec8-3c859bf1128f,77.77,5.43,1.8,0.65,-0.88,69.6,2.22,0.37,-7.77,-2.28,0.5,-7.2,0.73,-75.11,43.36,547.79,-2060.26,25.7,-0.01,-0.97,0.26,,,,,,,,,,,,,,,,,0.87,,,,medium,high,50.98,55.74,54.5,"Marushi, Brady",YAK:MA:BR:9e782613-0d72:0325650,YAK:THOMAS:9e782613-0d72:0936209,2022-11,FALSE,,FALSE,,,,,,,,,,,,,,,,,,,,,,,,,,,,,,,,,,,,,,,,,,,,,,,,,
195,2026-09-15,17:28:43,3,7,"LoParo, Sam",YAK:LO:SA:9e782613-0d72:0686443,Right,YAK:THOMAS:9e782613-0d72:0936209,"Turner, Tyler",YAK:TU:TY:9e782613-0d72:0703730,Right,YAK:NKUHOM:9e782613-0d72:0744411,Windup,6,Bottom,2,3,2,Fastball,Fastball,Foul,,,,0,0,,85.44,-1.08,-2.59,1962.76,205.55,12:45,6.11,1.96,6.0,-25.28,14.67,4.6,2.98,-0.09,76.33,-5.82,-1.73,,83.44,-18.86,-49.04,,28.14,,,11.06,,-38.9,0.06,-3.47,8.46,-1.76,50.0,6.01,5.48,-124.06,-3.08,-5.08,30.39,-19.79,YAK:NKUHOM:9e782613-0d72:0744411,YAK:THOMAS:9e782613-0d72:0936209,,,,b8025265-b0e8-4bba-9e12-d05e1860d054,2a36f938-d995-bba3-b28a-d2b4f93f2645,85.7,6.11,1.97,-1.08,-2.65,76.55,2.99,-0.09,-5.81,-1.78,0.45,5.1,13.17,-53.4,71.04,1170.18,-1575.79,59.62,-0.54,-0.8,-0.26,-59.63,51.76,-26.98,-0.74,4.25,2.96,-6.95,8.61,,,,,,,,,0.99,,,42.3,medium,high,26.07,28.31,54.5,"Marushi, Brady",YAK:MA:BR:9e782613-0d72:0325650,YAK:THOMAS:9e782613-0d72:0936209,2022-11,FALSE,,FALSE,,0.73,5,116.51,3,152.06,1,-0.02,3,22.17,0,30.41,5,14.81,5,0.47,4,40.87,0,27.7,4,26.27,3,15.97,2,23.4,,-1.7,,16.8,,-1.6,,23.5,,16.9,,693.09,,1013.36,,1158.31,,23.7,,40.3,,53.8,
196,2026-09-15,17:29:07,3,8,"LoParo, Sam",YAK:LO:SA:9e782613-0d72:0686443,Right,YAK:THOMAS:9e782613-0d72:0936209,"Turner, Tyler",YAK:TU:TY:9e782613-0d72:0703730,Right,YAK:NKUHOM:9e782613-0d72:0744411,Windup,6,Bottom,2,3,2,Slider,Slider,Foul,,,,0,0,,76.45,1.79,-0.06,2181.88,81.96,8:45,5.36,1.39,6.0,-47.97,2.02,-9.7,3.04,0.53,68.31,-7.22,-1.89,,90.5,14.78,-65.52,2569.37,21.53,,,236.18,,-56.26,2.42,5.32,0.44,-1.38,50.0,5.47,0.37,-111.06,2.23,6.22,25.01,-31.66,YAK:NKUHOM:9e782613-0d72:0744411,YAK:THOMAS:9e782613-0d72:0936209,,,,b8025265-b0e8-4bba-9e12-d05e1860d054,c8307176-1ae0-8b30-f45d-b356cf799da0,76.67,5.35,1.4,1.91,-0.07,68.46,3.05,0.53,-7.09,-1.9,0.51,-9.58,-1.06,-68.31,26.87,806.39,-2027.39,36.96,0.05,-0.93,0.37,-79.64,36.26,23.1,-0.74,3.36,3.41,-196.4,131.17,-8.03,42.54,0.33,-0.08,0.47,-0.88,,,0.97,,1,49.38,medium,high,65.81,64.46,54.5,"Marushi, Brady",YAK:MA:BR:9e782613-0d72:0325650,YAK:THOMAS:9e782613-0d72:0936209,2022-11,FALSE,,FALSE,,,,,,,,,,,,,,,,,,,,,,,,,,,,,,,,,,,,,,,,,,,,,,,,,
197,2026-09-15,17:29:28,3,9,"LoParo, Sam",YAK:LO:SA:9e782613-0d72:0686443,Right,YAK:THOMAS:9e782613-0d72:0936209,"Turner, Tyler",YAK:TU:TY:9e782613-0d72:0703730,Right,YAK:NKUHOM:9e782613-0d72:0744411,Windup,6,Bottom,2,3,2,Slider,Slider,InPlay,,,Double,0,0,,80.13,0.18,-2.01,2170.5,101.34,9:30,5.88,1.57,6.0,-40.69,4.83,-7.17,2.66,-0.91,71.7,-7.45,-3.36,,80.14,23.31,-31.77,2759.91,31.02,,,225.23,,-41.88,2.75,3.19,2.59,-1.41,50.0,5.87,4.28,-116.39,-0.74,4.1,27.51,-28.85,YAK:NKUHOM:9e782613-0d72:0744411,YAK:THOMAS:9e782613-0d72:0936209,,,,b8025265-b0e8-4bba-9e12-d05e1860d054,ae7e991e-cf69-0bee-a268-c44069993447,80.36,5.87,1.58,0.27,-2.03,71.87,2.66,-0.91,-7.35,-3.37,0.49,-6.99,2.2,-75.39,79.28,547.58,-2100.29,25.23,-0.05,-0.97,0.25,-38.75,62.57,31.72,0.89,2.8,2.85,-150.37,167.68,-34.86,-23.25,0.03,0.3,-0.26,0.92,,,0.99,,1.0,43.59,medium,high,18.65,55.26,54.5,"Marushi, Brady",YAK:MA:BR:9e782613-0d72:0325650,YAK:THOMAS:9e782613-0d72:0936209,2022-11,FALSE,,FALSE,,0.85,5,99.19,5,128.67,3,-0.02,3,1.9,3,32.32,5,14.94,5,0.49,4,10.25,2,31.87,3,28.45,3,14.69,3,23.6,,-3.7,,17.8,,8.5,,23.9,,19.8,,686.9,,1036.8,,1068.49,,22.3,,40.2,,58.6,
198,2026-09-15,17:30:10,4,1,"LoParo, Sam",YAK:LO:SA:9e782613-0d72:0686443,Right,YAK:THOMAS:9e782613-0d72:0936209,"Fonte, Andrew",YAK:FO:AN:9e782613-0d72:0121971,Right,YAK:NKUHOM:9e782613-0d72:0744411,Windup,6,Bottom,2,0,0,Fastball,Fastball,BallCalled,,,,0,0,,85.84,0.13,-2.68,2005.84,213.93,1:15,6.11,2.04,6.0,-24.89,14.69,7.38,4.15,0.14,76.5,-4.55,-1.29,,,,,,,,,,,,,-5.03,8.04,-1.83,50.0,6.1,5.62,-124.66,-0.44,-7.44,30.79,-20.3,YAK:NKUHOM:9e782613-0d72:0744411,YAK:THOMAS:9e782613-0d72:0936209,,,,b8025265-b0e8-4bba-9e12-d05e1860d054,12af1483-c8fb-b8ef-2ef4-987e7ccaaed5,86.11,6.11,2.04,0.13,-2.75,76.72,4.16,0.13,-4.54,-1.36,0.45,8.02,13.23,-49.32,63.44,1307.37,-1521.24,65.18,-0.54,-0.76,-0.36,,,,,,,,,,,,,,,,,0.99,,,,medium,high,32.9,-58.25,54.5,"Marushi, Brady",YAK:MA:BR:9e782613-0d72:0325650,YAK:THOMAS:9e782613-0d72:0936209,2022-11,FALSE,,FALSE,,,,,,,,,,,,,,,,,,,,,,,,,,,,,,,,,,,,,,,,,,,,,,,,,
199,2026-09-15,17:30:30,4,2,"LoParo, Sam",YAK:LO:SA:9e782613-0d72:0686443,Right,YAK:THOMAS:9e782613-0d72:0936209,"Fonte, Andrew",YAK:FO:AN:9e782613-0d72:0121971,Right,YAK:NKUHOM:9e782613-0d72:0744411,Windup,6,Bottom,2,1,0,Fastball,Fastball,BallCalled,,,,0,0,,86.3,0.74,-3.44,1931.49,215.35,1:15,6.25,2.2,6.0,-25.38,13.85,7.22,4.83,-0.43,76.82,-4.04,-2.08,,,,,,,,,,,,,-5.23,7.35,-1.93,50.0,6.3,7.31,-125.22,0.87,-7.79,31.12,-21.21,YAK:NKUHOM:9e782613-0d72:0744411,YAK:THOMAS:9e782613-0d72:0936209,,,,b8025265-b0e8-4bba-9e12-d05e1860d054,f9c4d199-2aab-657f-477d-dfeb37139930,86.58,6.25,2.2,0.74,-3.5,77.03,4.83,-0.44,-4.02,-2.14,0.45,7.86,12.36,-52.01,60.27,1188.86,-1522.26,61.55,-0.5,-0.79,-0.36,,,,,,,,,,,,,,,,,1.0,,,,medium,high,35.76,-68.32,54.5,"Marushi, Brady",YAK:MA:BR:9e782613-0d72:0325650,YAK:THOMAS:9e782613-0d72:0936209,2022-11,FALSE,,FALSE,,,,,,,,,,,,,,,,,,,,,,,,,,,,,,,,,,,,,,,,,,,,,,,,,
200,2026-09-15,17:30:50,4,3,"LoParo, Sam",YAK:LO:SA:9e782613-0d72:0686443,Right,YAK:THOMAS:9e782613-0d72:0936209,"Fonte, Andrew",YAK:FO:AN:9e782613-0d72:0121971,Right,YAK:NKUHOM:9e782613-0d72:0744411,Windup,6,Bottom,2,2,0,Fastball,Fastball,StrikeCalled,,,,0,0,,86.67,-0.95,-3.27,1848.69,216.96,1:15,6.23,2.23,6.0,-24.89,13.97,7.44,3.26,-0.22,77.39,-5.62,-1.87,,,,,,,,,,,,,-5.28,8.03,-1.98,50.0,6.14,6.98,-125.77,-2.82,-7.94,31.17,-20.09,YAK:NKUHOM:9e782613-0d72:0744411,YAK:THOMAS:9e782613-0d72:0936209,,,,b8025265-b0e8-4bba-9e12-d05e1860d054,6af68d2c-177d-a9a0-e9cd-e3c443a220a8,86.93,6.23,2.24,-0.95,-3.34,77.61,3.26,-0.23,-5.6,-1.94,0.45,8.06,12.53,-49.11,76.17,1210.19,-1397.54,65.46,-0.52,-0.76,-0.39,,,,,,,,,,,,,,,,,0.99,,,,medium,high,21.44,-78.33,54.5,"Marushi, Brady",YAK:MA:BR:9e782613-0d72:0325650,YAK:THOMAS:9e782613-0d72:0936209,2022-11,FALSE,,FALSE,,,,,,,,,,,,,,,,,,,,,,,,,,,,,,,,,,,,,,,,,,,,,,,,,
201,2026-09-15,17:31:12,4,4,"LoParo, Sam",YAK:LO:SA:9e782613-0d72:0686443,Right,YAK:THOMAS:9e782613-0d72:0936209,"Fonte, Andrew",YAK:FO:AN:9e782613-0d72:0121971,Right,YAK:NKUHOM:9e782613-0d72:0744411,Windup,6,Bottom,2,2,1,Slider,Slider,InPlay,,LineDrive,Out,1,0,,77.51,1.12,-1.4,2217.45,68.44,8:15,5.61,1.7,6.0,-47.32,1.34,-7.09,2.72,-0.2,69.35,-7.77,-2.74,,100.44,17.74,-19.01,863.61,30.9,,,323.71,,-21.0,3.45,3.38,0.32,-1.59,50,5.68,2.93,-112.6,0.95,4.06,25.81,-31.79,YAK:NKUHOM:9e782613-0d72:0744411,YAK:THOMAS:9e782613-0d72:0936209,,,,b8025265-b0e8-4bba-9e12-d05e1860d054,6a703ad2-1edb-255a-f80a-f679cfa3e470,77.73,5.61,1.7,1.23,-1.43,69.5,2.73,-0.2,-7.64,-2.76,0.5,-6.81,-1.68,-74.83,27.53,580.18,-2140.2,26.16,0.1,-0.97,0.24,-31.16,90.45,30.6,0.12,1.71,2.89,-116.03,302.2,-31.01,53.42,0.87,0.87,0.42,0.27,,,0.98,,1.0,60.8,medium,high,114.78,14.11,54.5,"Marushi, Brady",YAK:MA:BR:9e782613-0d72:0325650,YAK:THOMAS:9e782613-0d72:0936209,2022-11,FALSE,,FALSE,,0.96,5,95.53,5,131.91,2,-0.03,5,-0.01,4,34.3,5,14.85,5,0.49,4,12.13,2,24.96,4,25.63,3,8.79,4,5.5,,1.5,,16.8,,-6,,5.7,,17.9,,485.08,,822.68,,1026.59,,24,,35.9,,51.3,
,2026-09-15,17:31:57,,,,,,,,,,,,,,,,,,Fastball,,,,,,,,86.27,-1.34,-0.7,1638.46,232.22,1:45,6.48,1.16,6.0,-26.91,12.24,12.25,2.97,1.52,77.14,-6.39,1.61,,,,,,,,,,,,,-7.0,7.23,-1.11,50.0,6.36,1.18,-125.37,-3.73,-10.45,31.3,-21.38,,,,,,,bf8bb632-823f-1cba-9097-aee61b4422a4,86.52,6.48,1.16,-1.33,-0.79,77.34,2.97,1.51,-6.37,1.52,0.45,13.06,10.66,-34.28,7.89,1353.88,-922.81,82.63,-0.51,-0.56,-0.65,,,,,,,,,,,,,,,,,0.84,,,,medium,high,97.1,-36.92,54.5,,,,2022-11,FALSE,,FALSE,,,,,,,,,,,,,,,,,,,,,,,,,,,,,,,,,,,,,,,,,,,,,,,,,
,2026-09-15,17:32:09,,,,,,,,,,,,,,,,,,Fastball,,,,,,,,85.97,-2.83,-1.71,1617.09,239.65,2:00,6.29,1.01,6.0,-28.14,11.35,14.52,1.28,0.61,77.12,-8.08,1.02,,,,,,,,,,,,,-8.61,7.27,-0.88,50,6.05,3.31,-124.78,-7.0,-12.75,30.77,-21.4,,,,,,,587ba008-fa8c-5f16-1060-0fdff5fa352c,86.22,6.29,1.02,-2.81,-1.81,77.31,1.28,0.6,-8.05,0.93,0.45,15.42,9.74,-26.32,5.47,1449.46,-716.98,89.63,-0.45,-0.44,-0.77,,,,,,,,,,,,,,,,,0.99,,,,medium,high,85.07,-49.56,54.5,,,,2022-11,FALSE,,FALSE,,,,,,,,,,,,,,,,,,,,,,,,,,,,,,,,,,,,,,,,,,,,,,,,,
,2026-09-15,17:32:21,,,,,,,,,,,,,,,,,,Fastball,,,,,,,,87.25,-2.14,-2.32,1914.22,241.61,2:00,6.19,1.13,6.0,-26.91,11.42,15.97,1.94,0.28,78.12,-7.17,0.69,,,,,,,,,,,,,-9.62,7.05,-0.95,50.0,6.01,4.65,-126.65,-5.53,-14.69,31.65,-21.41,,,,,,,39ae23e4-900f-9dab-09a3-4ba40fa70334,87.49,6.19,1.14,-2.12,-2.42,78.31,1.94,0.27,-7.15,0.59,0.45,16.96,9.91,-26.96,28.38,1706.17,-867.89,89.13,-0.42,-0.45,-0.78,,,,,,,,,,,,,,,,,0.99,,,,medium,high,64.46,-33.35,54.5,,,,2022-11,FALSE,,FALSE,,,,,,,,,,,,,,,,,,,,,,,,,,,,,,,,,,,,,,,,,,,,,,,,,
,2026-09-15,17:32:33,,,,,,,,,,,,,,,,,,Changeup,,,,,,,,79.88,-0.31,-2.24,1574.27,246.57,2:15,5.99,1.33,6.0,-35.47,10.23,16.88,2.74,0.63,71.49,-6.96,0.94,,,,,,,,,,,,,-10.11,5.74,-1.16,50.0,5.94,4.08,-116.03,-1.58,-12.93,26.73,-24.83,,,,,,,612632df-e791-713f-39e4-68419b89ea68,80.11,5.98,1.34,-0.27,-2.35,71.66,2.75,0.62,-6.91,0.83,0.49,17.93,8.17,-21.16,10.29,1468.17,-568.18,93.26,-0.37,-0.36,-0.86,,,,,,,,,,,,,,,,,0.99,,,,medium,high,99.26,-8.6,54.5,,,,2022-11,FALSE,,FALSE,,,,,,,,,,,,,,,,,,,,,,,,,,,,,,,,,,,,,,,,,,,,,,,,,
,2026-09-15,17:32:45,,,,,,,,,,,,,,,,,,Fastball,,,,,,,,80.64,-1.64,-1.22,1806.52,245.51,2:15,5.93,1.3,6.0,-34.19,10.66,17.06,1.54,1.58,72.35,-8.04,2.0,,,,,,,,,,,,,-9.83,6.46,-1.22,50.0,5.79,2.02,-117.15,-4.3,-12.82,27.36,-23.74,,,,,,,647b5b95-d8a1-4b60-6ff7-d2404d59bc02,80.86,5.93,1.31,-1.61,-1.33,72.52,1.54,1.57,-7.99,1.89,0.48,18.15,8.68,-24.6,0.8,1642.55,-752.02,90.92,-0.38,-0.42,-0.83,,,,,,,,,,,,,,,,,0.99,,,,medium,high,89.28,-1.52,54.5,,,,2022-11,FALSE,,FALSE,,,,,,,,,,,,,,,,,,,,,,,,,,,,,,,,,,,,,,,,,,,,,,,,,
,2026-09-15,17:32:57,,,,,,,,,,,,,,,,,,Slider,,,,,,,,78.4,-0.73,0.57,2185.05,77.74,8:30,5.55,0.87,6.0,-46.14,1.36,-8.71,1.02,0.68,70.43,-9.37,-1.07,,,,,,,,,,,,,5.01,1.02,-0.91,50.0,5.47,-0.9,-113.94,-2.69,6.16,26.36,-30.92,,,,,,,941a121b-0726-ac7f-e5c4-866663446f4e,78.61,5.54,0.88,-0.62,0.55,70.58,1.02,0.68,-9.24,-1.09,0.5,-8.54,-1.59,-72.95,47.32,640.7,-2089.01,29.32,0.06,-0.96,0.29,,,,,,,,,,,,,,,,,0.98,,,,medium,high,132.59,-0.66,54.5,,,,2022-11,FALSE,,FALSE,,,,,,,,,,,,,,,,,,,,,,,,,,,,,,,,,,,,,,,,,,,,,,,,,
,2026-09-15,17:33:09,,,,,,,,,,,,,,,,,,Slider,,,,,,,,75.26,1.14,0.81,2214.97,72.78,8:30,5.46,0.96,6.0,-51.69,-0.12,-11.62,2.23,0.76,67.45,-8.56,-1.38,,,,,,,,,,,,,6.7,-0.5,-1.02,50.0,5.52,-1.25,-109.36,0.86,7.59,24.3,-32.73,,,,,,,dcc2edd7-7a0a-b574-ad79-e47906330868,75.46,5.45,0.96,1.28,0.81,67.58,2.23,0.76,-8.41,-1.38,0.52,-11.57,-3.43,-63.47,40.32,989.25,-1981.78,44.66,0.13,-0.89,0.43,,,,,,,,,,,,,,,,,0.99,,,,medium,high,53.71,61.56,54.5,,,,2022-11,FALSE,,FALSE,,,,,,,,,,,,,,,,,,,,,,,,,,,,,,,,,,,,,,,,,,,,,,,,,
,2026-09-15,17:33:21,,,,,,,,,,,,,,,,,,Fastball,,,,,,,,86.82,-2.33,-1.99,1687.23,241.82,2:00,6.3,1.25,6.0,-28.24,10.47,14.2,1.76,0.56,77.79,-7.61,0.68,,,,,,,,,,,,,-8.53,6.61,-1.1,50.0,6.1,3.97,-126.04,-5.96,-12.89,31.43,-22.19,,,,,,,fbaa2598-ff60-a919-9989-e4f58f019256,87.06,6.3,1.26,-2.31,-2.09,77.98,1.76,0.56,-7.58,0.59,0.45,15.11,8.87,-31.78,3.48,1434.2,-888.71,85.0,-0.4,-0.53,-0.75,,,,,,,,,,,,,,,,,1.0,,,,medium,high,93.13,-28.02,54.5,,,,2022-11,FALSE,,FALSE,,,,,,,,,,,,,,,,,,,,,,,,,,,,,,,,,,,,,,,,,,,,,,,,,
202,2026-09-15,17:33:51,1,1,"Teke, Jared",YAK:TE:JA:9e782613-0d72:0641893,Right,YAK:NKUHOM:9e782613-0d72:0744411,"Marushi, Brady",YAK:MA:BR:9e782613-0d72:0325650,Right,YAK:THOMAS:9e782613-0d72:0936209,Stretch,7,Top,0,0,0,Sinker,Fastball,Foul,,,,0,0,,88.89,-3.75,-1.58,1706.97,234.61,1:45,6.31,1.03,6.0,-23.7,13.29,14.96,0.81,0.79,79.74,-8.16,1.24,,,,,,,,,,,,,-8.8,8.66,-0.92,50,6.0,3.11,-128.9,-9.16,-13.92,32.66,-18.48,YAK:NKUHOM:9e782613-0d72:0744411,YAK:THOMAS:9e782613-0d72:0936209,,,,b8025265-b0e8-4bba-9e12-d05e1860d054,1feb9042-86e0-9330-f58b-7169b4783bbb,89.13,6.31,1.04,-3.74,-1.67,79.94,0.81,0.79,-8.14,1.15,0.44,15.82,11.92,-17.66,13.13,1626.57,-517.72,95.29,-0.55,-0.3,-0.78,,,,,,,,,,,,,,,,,1.0,,,,medium,high,78.18,-18.12,54.5,"Turner, Tyler",YAK:TU:TY:9e782613-0d72:0703730,YAK:NKUHOM:9e782613-0d72:0744411,2022-11,FALSE,,FALSE,,,,,,,,,,,,,,,,,,,,,,,,,,,,,,,,,,,,,,,,,,,,,,,,,
203,2026-09-15,17:34:18,1,2,"Teke, Jared",YAK:TE:JA:9e782613-0d72:0641893,Right,YAK:NKUHOM:9e782613-0d72:0744411,"Marushi, Brady",YAK:MA:BR:9e782613-0d72:0325650,Right,YAK:THOMAS:9e782613-0d72:0936209,Stretch,7,Top,0,0,1,Slider,Changeup,StrikeSwinging,,,,0,0,,79.81,-1.06,-2.99,1580.07,242.09,2:00,5.99,1.33,6.0,-34.35,11.44,15.54,2.14,-0.19,71.52,-7.49,-0.07,,,,,,,,,,,,,-9.63,6.68,-1.1,50.0,5.89,5.64,-115.85,-3.07,-12.3,26.41,-23.65,YAK:NKUHOM:9e782613-0d72:0744411,YAK:THOMAS:9e782613-0d72:0936209,,,,b8025265-b0e8-4bba-9e12-d05e1860d054,eafbd0ea-8132-4a1c-f233-205ecf6cc76f,80.03,5.99,1.34,-1.03,-3.1,71.7,2.14,-0.19,-7.44,-0.17,0.49,16.52,9.51,-25.93,46.3,1420.97,-690.99,89.93,-0.42,-0.44,-0.79,,,,,,,,,,,,,,,,,1.0,,,,medium,high,48.33,-69.89,54.5,"Turner, Tyler",YAK:TU:TY:9e782613-0d72:0703730,YAK:NKUHOM:9e782613-0d72:0744411,2022-11,FALSE,,FALSE,,,,,,,,,,,,,,,,,,,,,,,,,,,,,,,,,,,,,,,,,,,,,,,,,
204,2026-09-15,17:34:36,1,3,"Teke, Jared",YAK:TE:JA:9e782613-0d72:0641893,Right,YAK:NKUHOM:9e782613-0d72:0744411,"Marushi, Brady",YAK:MA:BR:9e782613-0d72:0325650,Right,YAK:THOMAS:9e782613-0d72:0936209,Stretch,7,Top,0,0,2,Slider,Curveball,BallCalled,,,,0,0,,77.21,-0.42,-1.2,2256.05,59.98,8:00,5.66,0.53,6.0,-49.32,-0.25,-8.67,1.15,-1.32,69.38,-9.64,-2.83,,,,,,,,,,,,,4.32,0.02,-0.43,50.0,5.6,2.57,-112.18,-2.12,5.14,25.82,-32.15,YAK:NKUHOM:9e782613-0d72:0744411,YAK:THOMAS:9e782613-0d72:0936209,,,,b8025265-b0e8-4bba-9e12-d05e1860d054,6f8ecc09-5670-cb31-2244-61fffacb5bf8,77.41,5.64,0.53,-0.3,-1.22,69.51,1.16,-1.32,-9.51,-2.85,0.5,-8.44,-3.44,-71.25,49.83,725.33,-2136.28,32.15,0.16,-0.95,0.28,,,,,,,,,,,,,,,,,0.99,,,,medium,high,45.15,-74.66,54.5,"Turner, Tyler",YAK:TU:TY:9e782613-0d72:0703730,YAK:NKUHOM:9e782613-0d72:0744411,2022-11,FALSE,,FALSE,,,,,,,,,,,,,,,,,,,,,,,,,,,,,,,,,,,,,,,,,,,,,,,,,
205,2026-09-15,17:34:54,1,4,"Teke, Jared",YAK:TE:JA:9e782613-0d72:0641893,Right,YAK:NKUHOM:9e782613-0d72:0744411,"Marushi, Brady",YAK:MA:BR:9e782613-0d72:0325650,Right,YAK:THOMAS:9e782613-0d72:0936209,Stretch,7,Top,0,1,2,Slider,Curveball,BallCalled,,,,0,0,,74.61,0.37,-1.92,2318.45,56.4,8:00,5.35,0.12,6.0,-56.41,-3.71,-13.58,1.0,-2.82,67.08,-10.17,-4.48,,,,,,,,,,,,,6.74,-2.19,0.04,50.0,5.35,3.98,-108.35,-0.72,7.47,24.54,-34.6,YAK:NKUHOM:9e782613-0d72:0744411,YAK:THOMAS:9e782613-0d72:0936209,,,,b8025265-b0e8-4bba-9e12-d05e1860d054,3c12dca2-0177-dd46-bef0-510087eddcd4,74.78,5.34,0.12,0.53,-1.92,67.18,1.01,-2.82,-10.01,-4.47,0.52,-13.62,-7.47,-54.75,47.35,1338.12,-1893.32,57.72,0.32,-0.82,0.48,,,,,,,,,,,,,,,,,1.0,,,,medium,high,47.39,-81.94,54.5,"Turner, Tyler",YAK:TU:TY:9e782613-0d72:0703730,YAK:NKUHOM:9e782613-0d72:0744411,2022-11,TRUE,Release side delta >1.5ft pitch-to-pitch,FALSE,,,,,,,,,,,,,,,,,,,,,,,,,,,,,,,,,,,,,,,,,,,,,,,,,
206,2026-09-15,17:35:15,1,5,"Teke, Jared",YAK:TE:JA:9e782613-0d72:0641893,Right,YAK:NKUHOM:9e782613-0d72:0744411,"Marushi, Brady",YAK:MA:BR:9e782613-0d72:0325650,Right,YAK:THOMAS:9e782613-0d72:0936209,Stretch,7,Top,0,2,2,Sinker,Fastball,BallCalled,,,,0,0,,88.24,-3.52,-2.94,1685.39,237.57,2:00,6.18,0.67,6.0,-25.91,11.65,13.27,0.71,-0.99,79.18,-8.35,-0.44,,,,,,,,,,,,,-8.35,7.67,-0.45,50.0,5.89,6.16,-127.89,-8.64,-13.01,32.0,-20.22,YAK:NKUHOM:9e782613-0d72:0744411,YAK:THOMAS:9e782613-0d72:0936209,,,,b8025265-b0e8-4bba-9e12-d05e1860d054,c6578347-90dd-b0a1-a954-e2f459f7e3ed,88.49,6.18,0.68,-3.5,-3.03,79.37,0.71,-0.99,-8.32,-0.53,0.44,14.12,10.22,-32.04,26.14,1428.64,-894.16,84.77,-0.45,-0.53,-0.72,,,,,,,,,,,,,,,,,1.0,,,,medium,high,66.47,-44.01,54.5,"Turner, Tyler",YAK:TU:TY:9e782613-0d72:0703730,YAK:NKUHOM:9e782613-0d72:0744411,2022-11,FALSE,,FALSE,,,,,,,,,,,,,,,,,,,,,,,,,,,,,,,,,,,,,,,,,,,,,,,,,
207,2026-09-15,17:35:33,1,6,"Teke, Jared",YAK:TE:JA:9e782613-0d72:0641893,Right,YAK:NKUHOM:9e782613-0d72:0744411,"Marushi, Brady",YAK:MA:BR:9e782613-0d72:0325650,Right,YAK:THOMAS:9e782613-0d72:0936209,Stretch,7,Top,0,3,2,Slider,Slider,BallCalled,,,Walk,0,0,,77.35,-1.13,-0.76,2255.78,60.74,8:00,5.61,0.39,6.0,-50.73,-1.79,-11.62,0.32,-1.3,69.65,-10.59,-2.96,,,,,,,,,,,,,6.11,-0.56,-0.32,50.0,5.5,1.8,-112.37,-3.55,7.29,26.11,-32.84,YAK:NKUHOM:9e782613-0d72:0744411,YAK:THOMAS:9e782613-0d72:0936209,,,,b8025265-b0e8-4bba-9e12-d05e1860d054,f9dacb02-ca9e-3398-1a07-95358f04fa66,77.54,5.6,0.39,-1.0,-0.77,69.77,0.33,-1.3,-10.45,-2.96,0.5,-11.58,-5.12,-63.27,45.14,1014.78,-2014.64,44.99,0.22,-0.89,0.39,,,,,,,,,,,,,,,,,0.99,,,,medium,high,49.37,-76.07,54.5,"Turner, Tyler",YAK:TU:TY:9e782613-0d72:0703730,YAK:NKUHOM:9e782613-0d72:0744411,2022-11,FALSE,,FALSE,,,,,,,,,,,,,,,,,,,,,,,,,,,,,,,,,,,,,,,,,,,,,,,,,
208,2026-09-15,17:36:04,2,1,"Teke, Jared",YAK:TE:JA:9e782613-0d72:0641893,Right,YAK:NKUHOM:9e782613-0d72:0744411,"Tippie, Austin",YAK:MC:NO:9e782613-0d72:0596191,Left,YAK:THOMAS:9e782613-0d72:0936209,Stretch,7,Top,0,0,0,Sinker,Fastball,InPlay,,LineDrive,Single,0,0,,88.27,-1.56,-2.19,1632.06,235.11,1:45,6.2,1.08,6.0,-25.87,11.55,12.41,2.57,0.06,78.92,-6.41,0.14,,93.19,16.52,24.52,1730.5,23.34,,,243.18,,32.9,2.5,-7.62,6.92,-0.92,50.0,6.06,4.54,-128.19,-4.27,-11.91,32.48,-21.35,YAK:NKUHOM:9e782613-0d72:0744411,YAK:THOMAS:9e782613-0d72:0936209,,,,b8025265-b0e8-4bba-9e12-d05e1860d054,04ce6a34-efeb-666c-8f05-3b942a9f3ee0,88.53,6.2,1.09,-1.55,-2.28,79.12,2.58,0.05,-6.39,0.06,0.44,13.22,10.07,-35.2,23.09,1333.65,-940.74,81.72,-0.47,-0.58,-0.67,37.07,81.29,26.49,-0.43,0.68,2.39,132.09,204.18,39.43,-1.56,0.2,0.39,0.18,-0.9,,,0.99,,0.99,52.43,medium,high,69.22,-42.46,54.5,"Turner, Tyler",YAK:TU:TY:9e782613-0d72:0703730,YAK:NKUHOM:9e782613-0d72:0744411,2022-11,FALSE,,FALSE,,1.03,3,88.59,3,109.48,5,-0.1,5,-30.01,4,13.26,2,16.89,5,0.61,4,-14.18,4,10.73,5,10.71,4,13.36,3,20.9,,-17,,16.3,,-21.7,,27.5,,27.6,,469.1,,713.3,,695.78,,20.5,,44,,55.6,
209,2026-09-15,17:36:45,3,1,"Teke, Jared",YAK:TE:JA:9e782613-0d72:0641893,Right,YAK:NKUHOM:9e782613-0d72:0744411,"O'Donnell, Sean",YAK:SH:PA:9e782613-0d72:0095366,Right,YAK:THOMAS:9e782613-0d72:0936209,,7,Top,0,0,0,,Slider,,,,,,,,79.16,-0.04,-0.29,2224.55,71.57,8:30,5.81,0.51,6.0,-46.17,0.44,-9.72,1.93,-0.57,70.98,-8.69,-2.13,,,,,,,,,,,,,5.24,0.26,-0.48,50.0,5.79,0.85,-115.05,-1.32,6.57,27.0,-31.85,YAK:NKUHOM:9e782613-0d72:0744411,YAK:THOMAS:9e782613-0d72:0936209,,,,b8025265-b0e8-4bba-9e12-d05e1860d054,ab442724-7cef-239e-f620-fc70bfb8ac52,79.37,5.8,0.51,0.08,-0.3,71.13,1.94,-0.57,-8.56,-2.13,0.49,-9.62,-2.53,-68.91,43.73,800.59,-2075.5,35.99,0.11,-0.93,0.34,,,,,,,,,,,,,,,,,0.99,,,,medium,high,50.64,-68.96,54.5,"Turner, Tyler",YAK:TU:TY:9e782613-0d72:0703730,YAK:NKUHOM:9e782613-0d72:0744411,2022-11,FALSE,,FALSE,,,,,,,,,,,,,,,,,,,,,,,,,,,,,,,,,,,,,,,,,,,,,,,,,
210,2026-09-15,17:37:02,3,2,"Teke, Jared",YAK:TE:JA:9e782613-0d72:0641893,Right,YAK:NKUHOM:9e782613-0d72:0744411,"O'Donnell, Sean",YAK:SH:PA:9e782613-0d72:0095366,Right,YAK:THOMAS:9e782613-0d72:0936209,,7,Top,0,0,1,,Curveball,,,,,,,,76.17,1.0,1.32,2251.28,60.96,8:00,5.42,0.02,6.0,-54.3,-3.91,-13.59,1.84,0.13,68.32,-9.18,-1.25,,,,,,,,,,,,,7.98,-2.53,-0.12,50.0,5.47,-2.2,-110.66,0.53,9.25,25.01,-35.11,YAK:NKUHOM:9e782613-0d72:0744411,YAK:THOMAS:9e782613-0d72:0936209,,,,b8025265-b0e8-4bba-9e12-d05e1860d054,ac2b5807-6a96-2b2e-08d2-681187688d76,76.35,5.41,0.02,1.15,1.33,68.43,1.85,0.13,-9.02,-1.23,0.51,-13.68,-7.38,-54.57,36.67,1305.2,-1834.32,57.98,0.28,-0.81,0.51,,,,,,,,,,,,,,,,,0.97,,,,medium,high,57.0,-74.75,54.5,"Turner, Tyler",YAK:TU:TY:9e782613-0d72:0703730,YAK:NKUHOM:9e782613-0d72:0744411,2022-11,FALSE,,FALSE,,,,,,,,,,,,,,,,,,,,,,,,,,,,,,,,,,,,,,,,,,,,,,,,,
211,2026-09-15,17:37:19,3,3,"Teke, Jared",YAK:TE:JA:9e782613-0d72:0641893,Right,YAK:NKUHOM:9e782613-0d72:0744411,"O'Donnell, Sean",YAK:SH:PA:9e782613-0d72:0095366,Right,YAK:THOMAS:9e782613-0d72:0936209,Stretch,7,Top,0,0,2,Slider,Curveball,StrikeSwinging,,,StrikeoutSwinging,1,0,,74.23,0.57,-0.39,2235.37,53.88,7:45,5.21,0.38,6.0,-60.36,-7.17,-16.15,0.72,-1.33,66.79,-10.71,-3.45,,9.51,61.2,-54.38,,,,,4.02,,-89.06,0.58,8.75,-4.17,-0.34,50.0,5.23,1.14,-107.85,-0.45,9.6,24.36,-36.75,YAK:NKUHOM:9e782613-0d72:0744411,YAK:THOMAS:9e782613-0d72:0936209,,,,b8025265-b0e8-4bba-9e12-d05e1860d054,7b7724da-a389-73f4-a99b-f10a7dca9965,74.38,5.2,0.38,0.75,-0.36,66.87,0.73,-1.33,-10.53,-3.41,0.52,-16.44,-11.11,-41.44,44.94,1675.78,-1479.41,74.97,0.44,-0.66,0.61,-3.72,2.67,8.33,0.26,-2.2,-0.61,-4.02,0.07,,,,,,,,,0.99,,,-11.08,medium,high,49.56,-72.87,54.5,"Turner, Tyler",YAK:TU:TY:9e782613-0d72:0703730,YAK:NKUHOM:9e782613-0d72:0744411,2022-11,FALSE,,FALSE,,0.69,5,93.31,4,123.43,3,-0.05,5,-1.83,4,28.22,5,26.38,3,0.5,5,10.55,2,38.2,2,21.88,4,22.18,1,18.3,,-2.6,,21.1,,22.5,,18.5,,31.7,,559.3,,693.05,,873.02,,24.8,,46.8,,58.3,
212,2026-09-15,17:37:45,4,1,"Teke, Jared",YAK:TE:JA:9e782613-0d72:0641893,Right,YAK:NKUHOM:9e782613-0d72:0744411,"Cumberland, Teagan",YAK:TI:AU:9e782613-0d72:0506154,Right,YAK:THOMAS:9e782613-0d72:0936209,,7,Top,1,0,0,,Changeup,,,,,,,,82.25,-3.5,-2.24,1343.58,239.19,2:00,5.98,0.9,6.0,-31.95,11.26,13.52,0.02,-0.07,74.01,-9.45,0.31,,,,,,,,,,,,,-8.25,7.46,-0.73,50.0,5.68,4.28,-119.26,-8.2,-11.16,27.98,-22.07,YAK:NKUHOM:9e782613-0d72:0744411,YAK:THOMAS:9e782613-0d72:0936209,,,,b8025265-b0e8-4bba-9e12-d05e1860d054,dffbdea2-7d02-384b-aa00-90b98a4a51a1,82.48,5.97,0.91,-3.47,-2.32,74.19,0.02,-0.08,-9.4,0.22,0.47,14.35,9.44,-25.05,18.96,1217.21,-568.87,90.59,-0.46,-0.42,-0.78,,,,,,,,,,,,,,,,,1.0,,,,medium,high,107.07,-9.28,54.5,"Turner, Tyler",YAK:TU:TY:9e782613-0d72:0703730,YAK:NKUHOM:9e782613-0d72:0744411,2022-11,FALSE,,FALSE,,,,,,,,,,,,,,,,,,,,,,,,,,,,,,,,,,,,,,,,,,,,,,,,,
213,2026-09-15,17:38:01,4,2,"Teke, Jared",YAK:TE:JA:9e782613-0d72:0641893,Right,YAK:NKUHOM:9e782613-0d72:0744411,"Cumberland, Teagan",YAK:TI:AU:9e782613-0d72:0506154,Right,YAK:THOMAS:9e782613-0d72:0936209,,7,Top,1,1,0,,Curveball,,,,,,,,77.97,0.83,0.03,2285.71,61.13,8:00,5.38,0.48,6.0,-51.19,-3.1,-12.76,1.89,-0.56,69.88,-8.78,-2.39,,,,,,,,,,,,,7.04,-2.02,-0.48,50,5.42,0.29,-113.31,0.28,8.55,26.35,-34.63,YAK:NKUHOM:9e782613-0d72:0744411,YAK:THOMAS:9e782613-0d72:0936209,,,,b8025265-b0e8-4bba-9e12-d05e1860d054,d189cd12-96ec-f546-5594-572b7a10caa2,78.16,5.37,0.48,0.97,0.03,70.0,1.9,-0.56,-8.63,-2.37,0.5,-12.82,-6.42,-57.24,38.2,1236.79,-1922.18,54.11,0.26,-0.84,0.47,,,,,,,,,,,,,,,,,0.92,,,,medium,high,55.62,-78.29,54.5,"Turner, Tyler",YAK:TU:TY:9e782613-0d72:0703730,YAK:NKUHOM:9e782613-0d72:0744411,2022-11,FALSE,,FALSE,,,,,,,,,,,,,,,,,,,,,,,,,,,,,,,,,,,,,,,,,,,,,,,,,
214,2026-09-15,17:38:16,4,3,"Teke, Jared",YAK:TE:JA:9e782613-0d72:0641893,Right,YAK:NKUHOM:9e782613-0d72:0744411,"Cumberland, Teagan",YAK:TI:AU:9e782613-0d72:0506154,Right,YAK:THOMAS:9e782613-0d72:0936209,,7,Top,1,1,1,,Curveball,,,,,,,,76.17,0.39,1.38,2227.96,61.63,8:00,5.45,0.35,6.0,-54.71,-4.29,-14.81,1.26,0.4,68.42,-9.85,-1.42,,,,,,,,,,,,,8.68,-2.51,-0.45,50.0,5.45,-2.28,-110.66,-0.66,10.06,25.11,-35.09,YAK:NKUHOM:9e782613-0d72:0744411,YAK:THOMAS:9e782613-0d72:0936209,,,,b8025265-b0e8-4bba-9e12-d05e1860d054,f85a1717-c6a3-85ed-aa05-17ed46da9cb3,76.34,5.43,0.34,0.55,1.4,68.53,1.27,0.41,-9.69,-1.4,0.51,-15.0,-7.81,-51.0,37.39,1402.09,-1731.46,62.93,0.3,-0.78,0.55,,,,,,,,,,,,,,,,,0.99,,,,medium,high,56.35,-77.73,54.5,"Turner, Tyler",YAK:TU:TY:9e782613-0d72:0703730,YAK:NKUHOM:9e782613-0d72:0744411,2022-11,FALSE,,FALSE,,,,,,,,,,,,,,,,,,,,,,,,,,,,,,,,,,,,,,,,,,,,,,,,,
215,2026-09-15,17:38:33,4,4,"Teke, Jared",YAK:TE:JA:9e782613-0d72:0641893,Right,YAK:NKUHOM:9e782613-0d72:0744411,"Cumberland, Teagan",YAK:TI:AU:9e782613-0d72:0506154,Right,YAK:THOMAS:9e782613-0d72:0936209,,7,Top,1,2,1,,Fastball,,,,,,,,89.51,-2.49,-2.32,1755.69,235.96,1:45,6.27,0.7,6.0,-25.22,11.21,11.99,1.83,-0.48,80.13,-7.21,-0.06,,,,,,,,,,,,,-7.44,7.07,-0.52,50.0,6.06,4.9,-129.9,-6.43,-11.94,33.27,-20.82,YAK:NKUHOM:9e782613-0d72:0744411,YAK:THOMAS:9e782613-0d72:0936209,,,,b8025265-b0e8-4bba-9e12-d05e1860d054,0c402f00-5e86-b9c3-f7cc-6c513c981af7,89.77,6.27,0.71,-2.48,-2.41,80.34,1.83,-0.49,-7.19,-0.15,0.43,12.81,9.79,-38.99,28.92,1364.64,-1104.64,77.73,-0.44,-0.63,-0.64,,,,,,,,,,,,,,,,,0.94,,,,medium,high,63.97,-50.21,54.5,"Turner, Tyler",YAK:TU:TY:9e782613-0d72:0703730,YAK:NKUHOM:9e782613-0d72:0744411,2022-11,FALSE,,FALSE,,,,,,,,,,,,,,,,,,,,,,,,,,,,,,,,,,,,,,,,,,,,,,,,,
216,2026-09-15,17:38:51,4,6,"Teke, Jared",YAK:TE:JA:9e782613-0d72:0641893,Right,YAK:NKUHOM:9e782613-0d72:0744411,"Cumberland, Teagan",YAK:OD:SE:9e782613-0d72:0007075,Right,YAK:THOMAS:9e782613-0d72:0936209,Stretch,7,Top,1,3,2,Slider,Curveball,StrikeCalled,,,StrikeoutSwinging,1,0,,76.95,0.55,-0.77,2412.92,52.96,7:45,5.1,0.32,6.0,-55.9,-6.41,-14.67,0.96,-1.62,69.1,-9.91,-3.54,,,,,,,,,,,,,7.79,-3.74,-0.25,50.0,5.12,1.88,-111.8,-0.39,9.19,26.08,-36.59,YAK:NKUHOM:9e782613-0d72:0744411,YAK:THOMAS:9e782613-0d72:0936209,,,,b8025265-b0e8-4bba-9e12-d05e1860d054,1d726f15-0479-a363-1a20-dd1e8dfd2f8b,77.12,5.09,0.32,0.72,-0.75,69.19,0.97,-1.62,-9.74,-3.52,0.51,-14.84,-10.09,-48.07,33.0,1612.42,-1795.07,66.82,0.4,-0.74,0.53,,,,,,,,,,,,,,,,,1.0,,,,medium,high,60.3,-63.28,54.5,"Turner, Tyler",YAK:TU:TY:9e782613-0d72:0703730,YAK:NKUHOM:9e782613-0d72:0744411,2022-11,FALSE,,FALSE,,,,,,,,,,,,,,,,,,,,,,,,,,,,,,,,,,,,,,,,,,,,,,,,,
217,2026-09-15,17:39:10,4,6,"Teke, Jared",YAK:TE:JA:9e782613-0d72:0641893,Right,YAK:NKUHOM:9e782613-0d72:0744411,"Tippie, Austin",YAK:TI:AU:9e782613-0d72:0506154,Right,YAK:THOMAS:9e782613-0d72:0936209,Stretch,7,Top,1,3,2,Slider,Slider,BallCalled,,,,0,0,,78.66,0.73,0.08,2314.71,64.64,8:15,5.5,0.72,6.0,-48.9,-1.67,-11.43,2.11,-0.16,70.45,-8.45,-2.08,,,,,,,,,,,,,6.33,-1.19,-0.72,50.0,5.53,0.14,-114.31,0.15,7.83,26.7,-33.65,YAK:NKUHOM:9e782613-0d72:0744411,YAK:THOMAS:9e782613-0d72:0936209,,,,b8025265-b0e8-4bba-9e12-d05e1860d054,4b0f1823-eacd-6019-c401-5ac6c11ecd1f,78.86,5.49,0.72,0.86,0.08,70.59,2.12,-0.16,-8.3,-2.07,0.49,-11.41,-4.83,-62.54,46.85,1067.25,-2053.99,46.11,0.2,-0.89,0.42,,,,,,,,,,,,,,,,,0.99,,,,medium,high,47.83,-65.07,54.5,"Turner, Tyler",YAK:TU:TY:9e782613-0d72:0703730,YAK:NKUHOM:9e782613-0d72:0744411,2022-11,FALSE,,FALSE,,,,,,,,,,,,,,,,,,,,,,,,,,,,,,,,,,,,,,,,,,,,,,,,,
,2026-09-15,17:39:30,,,,,,,,,,,,,,,,,,Fastball,,,,,,,,89.58,-1.63,-1.62,1640.57,235.3,1:45,6.41,0.7,6.0,-25.32,11.01,11.88,2.76,0.17,80.08,-6.38,0.62,,,,,,,,,,,,,-7.13,6.65,-0.58,50.0,6.27,3.32,-130.13,-4.49,-11.47,33.58,-21.46,,,,,,,5c6f1a57-0bf0-973e-9eda-8cbe6bd79ac5,89.85,6.41,0.71,-1.62,-1.71,80.29,2.76,0.17,-6.36,0.54,0.43,12.68,9.55,-37.76,2.38,1297.06,-1004.55,79.06,-0.45,-0.61,-0.65,,,,,,,,,,,,,,,,,0.99,,,,medium,high,92.14,-30.21,54.5,,,,2022-11,FALSE,,FALSE,,,,,,,,,,,,,,,,,,,,,,,,,,,,,,,,,,,,,,,,,,,,,,,,,
218,2026-09-15,17:39:56,5,1,"Teke, Jared",YAK:TE:JA:9e782613-0d72:0641893,Right,YAK:NKUHOM:9e782613-0d72:0744411,"Tippie, Austin",YAK:CU:TE:9e782613-0d72:0245369,Left,YAK:THOMAS:9e782613-0d72:0936209,,7,Top,2,0,0,,Fastball,,,,,,,,89.52,-1.8,-2.55,1669.72,239.65,2:00,6.31,0.87,6.0,-26.15,10.26,12.52,2.44,-0.49,80.06,-6.71,-0.19,,,,,,,,,,,,,-7.81,6.3,-0.67,50.0,6.16,5.42,-129.95,-4.89,-12.55,33.35,-22.06,YAK:NKUHOM:9e782613-0d72:0744411,YAK:THOMAS:9e782613-0d72:0936209,,,,b8025265-b0e8-4bba-9e12-d05e1860d054,0de97494-07b7-87f8-c057-f162cdce0293,89.78,6.31,0.88,-1.79,-2.64,80.26,2.44,-0.49,-6.68,-0.28,0.43,13.37,8.78,-38.12,1.11,1313.55,-1030.8,78.67,-0.4,-0.62,-0.68,,,,,,,,,,,,,,,,,1.0,,,,medium,high,91.0,-23.46,54.5,"Turner, Tyler",YAK:TU:TY:9e782613-0d72:0703730,YAK:NKUHOM:9e782613-0d72:0744411,2022-11,FALSE,,FALSE,,,,,,,,,,,,,,,,,,,,,,,,,,,,,,,,,,,,,,,,,,,,,,,,,
219,2026-09-15,17:40:14,5,2,"Teke, Jared",YAK:TE:JA:9e782613-0d72:0641893,Right,YAK:NKUHOM:9e782613-0d72:0744411,"Tippie, Austin",YAK:CU:TE:9e782613-0d72:0245369,Left,YAK:THOMAS:9e782613-0d72:0936209,,7,Top,2,0,1,,Fastball,,,,,,,,89.05,-0.98,-2.75,1930.4,236.38,2:00,6.13,1.21,6.0,-24.88,11.9,13.51,3.14,-0.25,79.5,-5.66,-0.21,,,,,,,,,,,,,-8.43,6.9,-1.0,50.0,6.04,5.81,-129.29,-2.97,-13.4,32.98,-21.2,YAK:NKUHOM:9e782613-0d72:0744411,YAK:THOMAS:9e782613-0d72:0936209,,,,b8025265-b0e8-4bba-9e12-d05e1860d054,6cc5d6dc-1d3c-f130-1589-072045282483,89.31,6.13,1.22,-0.98,-2.85,79.71,3.14,-0.26,-5.64,-0.3,0.44,14.41,10.51,-36.43,41.48,1553.23,-1146.25,80.46,-0.45,-0.59,-0.67,,,,,,,,,,,,,,,,,0.99,,,,medium,high,52.67,-31.64,54.5,"Turner, Tyler",YAK:TU:TY:9e782613-0d72:0703730,YAK:NKUHOM:9e782613-0d72:0744411,2022-11,FALSE,,FALSE,,,,,,,,,,,,,,,,,,,,,,,,,,,,,,,,,,,,,,,,,,,,,,,,,
,2026-09-15,17:40:30,,,,,,,,,,,,,,,,,,Changeup,,,,,,,,83.96,-3.48,-4.23,1285.69,244.52,2:15,5.69,1.6,6.0,-31.49,10.11,15.14,-0.21,-1.11,75.47,-9.34,-1.38,,10.09,42.7,44.86,333.18,,,,4.82,,102.94,0.64,-9.84,6.81,-1.28,50.0,5.4,8.55,-121.52,-8.3,-13.84,28.86,-22.6,,,,,,,59f4cbe6-c9fa-0aca-78cf-7afd2a2e4061,84.18,5.69,1.61,-3.44,-4.31,75.66,-0.2,-1.12,-9.28,-1.48,0.46,15.93,8.37,-15.65,30.17,1238.0,-346.91,96.29,-0.41,-0.27,-0.87,5.23,5.25,6.84,0.48,-5.93,-0.66,4.7,-1.08,0.02,-0.02,-0.51,-0.4,-0.28,-0.87,,,1.0,,0.91,-11.79,medium,high,62.85,-70.13,54.5,,,,2022-11,FALSE,,FALSE,,1.07,2,11.91,0,12.27,0,-0.11,5,-104.36,0,17.98,4,0,0,0.26,0,-102.51,0,0,0,-13.69,0,0.04,5,15.1,,-19.3,,16.1,,-15.5,,24.8,,22.7,,113.23,,112.36,,33.29,,45.9,,48.2,,54.6,
,2026-09-15,17:41:02,,,,,,,,,,,,,,,,,,Fastball,,,,,,,,86.41,-1.22,-2.41,2107.63,225.25,1:30,6.23,1.92,6.0,-22.95,16.07,13.09,3.18,0.74,77.19,-5.53,0.05,,,,,,,,,,,,,-8.07,9.28,-1.73,50.0,6.13,4.91,-125.49,-3.35,-12.1,30.96,-18.26,,,,,,,14f11104-1f04-dee9-c62e-0e74d995afb2,86.67,6.23,1.92,-1.23,-2.5,77.39,3.18,0.73,-5.52,-0.04,0.45,13.93,14.78,-30.25,78.29,1820.65,-1061.76,86.38,-0.61,-0.5,-0.61,,,,,,,,,,,,,,,,,1.0,,,,medium,high,19.53,4.98,54.5,,,,2022-11,FALSE,,FALSE,,,,,,,,,,,,,,,,,,,,,,,,,,,,,,,,,,,,,,,,,,,,,,,,,
,2026-09-15,17:41:12,,,,,,,,,,,,,,,,,,Fastball,,,,,,,,87.75,-1.0,-1.07,2084.4,219.92,1:15,6.64,1.62,6.0,-20.62,17.2,12.07,3.99,1.62,78.3,-4.88,1.21,,,,,,,,,,,,,-7.03,9.82,-1.54,50.0,6.55,2.02,-127.53,-2.84,-10.87,32.2,-16.98,,,,,,,6cd6ba1d-fdda-d580-e1aa-5fcc4fac9231,88.02,6.65,1.63,-1.02,-1.15,78.52,3.99,1.62,-4.88,1.13,0.44,12.83,15.98,-27.34,42.47,1851.51,-957.42,88.83,-0.68,-0.46,-0.57,,,,,,,,,,,,,,,,,0.99,,,,medium,high,51.77,-40.5,54.5,,,,2022-11,FALSE,,FALSE,,,,,,,,,,,,,,,,,,,,,,,,,,,,,,,,,,,,,,,,,,,,,,,,,
,2026-09-15,17:41:22,,,,,,,,,,,,,,,,,,Fastball,,,,,,,,87.26,-2.25,-1.88,1867.25,224.2,1:30,6.24,1.14,6.0,-23.17,15.11,11.5,2.19,0.33,78.1,-6.59,0.28,,,,,,,,,,,,,-7.0,9.12,-1.0,50,6.05,3.83,-126.7,-5.68,-10.71,31.51,-18.24,,,,,,,ed2168b3-5556-e2fb-0249-39b6b1273b42,87.52,6.24,1.15,-2.26,-1.96,78.3,2.19,0.32,-6.58,0.2,0.45,12.26,13.78,-32.77,0.51,1570.11,-1010.64,84.09,-0.6,-0.54,-0.59,,,,,,,,,,,,,,,,,0.99,,,,medium,high,90.46,-29.73,54.5,,,,2022-11,FALSE,,FALSE,,,,,,,,,,,,,,,,,,,,,,,,,,,,,,,,,,,,,,,,,,,,,,,,,
,2026-09-15,17:41:32,,,,,,,,,,,,,,,,,,Changeup,,,,,,,,78.56,-0.27,-0.89,663.91,256.04,2:30,6.21,1.94,6.0,-41.67,5.6,11.75,2.49,2.09,70.42,-8.08,1.33,,,,,,,,,,,,,-6.79,3.18,-1.88,50.0,6.17,1.46,-114.17,-1.65,-8.4,26.23,-28.24,,,,,,,6c40afc1-6393-281b-e8aa-46573aa3c4d6,78.78,6.21,1.95,-0.19,-0.94,70.58,2.49,2.08,-7.99,1.28,0.49,12.23,3.02,15.32,72.24,640.31,175.43,96.45,-0.23,0.26,-0.94,,,,,,,,,,,,,,,,,1.0,,,,medium,high,24.98,-4.49,54.5,,,,2022-11,TRUE,Spin rate outside 800-3500rpm range,FALSE,,,,,,,,,,,,,,,,,,,,,,,,,,,,,,,,,,,,,,,,,,,,,,,,,
,2026-09-15,17:41:44,,,,,,,,,,,,,,,,,,Slider,,,,,,,,75.44,2.74,0.83,2230.18,79.5,8:45,5.19,1.47,6.0,-50.16,1.24,-10.18,3.58,1.4,67.29,-6.7,-1.1,,,,,,,,,,,,,5.91,-0.34,-1.53,50.0,5.38,-1.32,-109.51,3.96,6.72,24.23,-32.56,,,,,,,2b624ee7-9c9d-39c7-feae-3b33af70e393,75.65,5.18,1.47,2.86,0.81,67.43,3.59,1.4,-6.56,-1.1,0.52,-10.06,-1.94,-66.46,11.56,890.68,-2044.6,39.94,0.07,-0.92,0.39,,,,,,,,,,,,,,,,,0.99,,,,medium,high,79.59,4.61,54.5,,,,2022-11,FALSE,,FALSE,,,,,,,,,,,,,,,,,,,,,,,,,,,,,,,,,,,,,,,,,,,,,,,,,
,2026-09-15,17:41:55,,,,,,,,,,,,,,,,,,Cutter,,,,,,,,80.98,1.36,-1.79,2070.01,163.77,11:30,5.63,1.04,6.0,-36.03,8.51,-2.24,3.9,-0.83,72.18,-5.42,-2.22,,,,,,,,,,,,,0.57,4.18,-0.9,50.0,5.72,3.74,-117.62,1.8,0.75,27.83,-26.69,,,,,,,f503aafd-7ca7-9738-f8d2-7bb9c82b7495,81.23,5.62,1.05,1.41,-1.83,72.38,3.91,-0.83,-5.35,-2.25,0.48,-1.88,6.25,-76.28,20.17,491.12,-2010.91,23.73,-0.23,-0.97,0.07,,,,,,,,,,,,,,,,,1.0,,,,medium,high,108.16,10.17,54.5,,,,2022-11,FALSE,,FALSE,,,,,,,,,,,,,,,,,,,,,,,,,,,,,,,,,,,,,,,,,,,,,,,,,
,2026-09-15,17:42:09,,,,,,,,,,,,,,,,,,Fastball,,,,,,,,86.87,0.02,-1.66,2084.31,227.12,1:30,6.25,1.74,6.0,-24.08,14.54,12.68,4.26,1.24,77.42,-4.51,0.73,,,,,,,,,,,,,-7.58,7.99,-1.62,50.0,6.24,3.29,-126.23,-0.67,-11.48,31.68,-20.07,,,,,,,fb8e1b37-3f63-fb4e-a8db-0731188b5586,87.13,6.25,1.75,0.01,-1.75,77.63,4.26,1.23,-4.5,0.64,0.45,13.54,13.15,-35.85,40.52,1689.38,-1220.79,81.05,-0.55,-0.59,-0.59,,,,,,,,,,,,,,,,,1.0,,,,medium,high,53.54,-42.37,54.5,,,,2022-11,FALSE,,FALSE,,,,,,,,,,,,,,,,,,,,,,,,,,,,,,,,,,,,,,,,,,,,,,,,,
,2026-09-15,17:42:24,,,,,,,,,,,,,,,,,,Changeup,,,,,,,,79.09,-0.97,-2.29,678.08,251.81,2:30,6.23,1.92,6.0,-40.26,6.39,11.71,1.97,0.74,70.97,-8.5,-0.08,,,,,,,,,,,,,-7.28,3.87,-1.75,50.0,6.13,4.28,-114.86,-3.02,-9.13,26.31,-27.32,,,,,,,6cff9a38-d5cb-ecae-fbf9-3f8df50a0cd0,79.31,6.22,1.92,-0.89,-2.34,71.14,1.97,0.74,-8.41,-0.14,0.49,12.2,3.94,14.25,72.48,657.2,166.96,96.92,-0.3,0.25,-0.92,,,,,,,,,,,,,,,,,1.0,,,,medium,high,24.77,0.85,54.5,,,,2022-11,TRUE,Spin rate outside 800-3500rpm range,FALSE,,,,,,,,,,,,,,,,,,,,,,,,,,,,,,,,,,,,,,,,,,,,,,,,,
,2026-09-15,17:42:38,,,,,,,,,,,,,,,,,,Fastball,,,,,,,,85.96,-1.41,-1.25,1934.71,226.61,1:30,6.32,1.38,6.0,-24.56,14.86,12.58,2.95,1.25,76.84,-6.01,1.13,,,,,,,,,,,,,-7.37,8.69,-1.28,50.0,6.2,2.35,-124.91,-3.79,-10.94,30.87,-19.28,,,,,,,e1ac50c5-db3d-ada7-f2ea-04d8c9b9b0a3,86.22,6.32,1.38,-1.41,-1.33,77.05,2.95,1.25,-6.0,1.04,0.45,13.41,13.44,-31.9,20.83,1642.59,-1022.24,84.9,-0.58,-0.53,-0.62,,,,,,,,,,,,,,,,,1.0,,,,medium,high,71.25,-29.89,54.5,,,,2022-11,FALSE,,FALSE,,,,,,,,,,,,,,,,,,,,,,,,,,,,,,,,,,,,,,,,,,,,,,,,,
,2026-09-15,17:42:52,,,,,,,,,,,,,,,,,,Fastball,,,,,,,,85.67,0.78,-2.31,2127.17,219.59,1:15,6.07,1.63,6.0,-23.15,16.6,11.32,4.87,0.4,76.22,-3.58,-0.18,,76.65,8.93,-3.22,1941.87,0.03,,,110.13,,-0.49,1.6,-7.07,8.85,-1.46,50.0,6.12,4.7,-124.43,1.02,-10.41,30.76,-19.16,,,,,,,8a12d23f-3786-9665-998e-3348546b972b,85.94,6.07,1.64,0.76,-2.4,76.44,4.87,0.4,-3.58,-0.26,0.45,12.11,15.24,-35.9,75.36,1723.19,-1247.18,81.01,-0.62,-0.59,-0.52,-4.26,75.6,11.9,0.89,-38.7,1.37,-0.93,110.13,2.82,37.51,0.03,0.71,0.64,-0.28,,,1.0,,1.0,42.61,medium,high,22.17,-57.19,54.5,,,,2022-11,FALSE,,FALSE,,1.34,1,85.54,3,102.31,5,-0.16,5,-2.41,4,34.23,5,25.42,3,0.56,5,-1.12,5,33.04,3,14.93,4,2.89,5,8.9,,-2.9,,-21.4,,11.8,,9.4,,24.8,,511.81,,775,,1036.93,,-1.4,,39.9,,75.5,
220,2026-09-15,17:43:24,5,3,"Cones, Logan",YAK:CO:LO:9e782613-0d72:0235491,Right,YAK:THOMAS:9e782613-0d72:0936209,"Johnson, Joe",YAK:JO:JO:9e782613-0d72:0371801,Left,YAK:NKUHOM:9e782613-0d72:0744411,Stretch,7,Bottom,0,0,0,Fastball,Fastball,StrikeCalled,,,,0,0,,87.87,-0.91,-0.98,1935.64,221.59,1:30,5.98,1.27,6.0,-23.29,14.43,10.15,3.19,1.19,78.44,-5.29,0.93,,,,,,,,,,,,,-5.94,8.27,-1.2,50.0,5.9,1.88,-127.71,-2.73,-9.21,32.37,-19.35,YAK:NKUHOM:9e782613-0d72:0744411,YAK:THOMAS:9e782613-0d72:0936209,,,,b8025265-b0e8-4bba-9e12-d05e1860d054,65147b60-b67e-ef52-89b6-18e1e8dd1df9,88.14,5.98,1.27,-0.91,-1.06,78.65,3.19,1.19,-5.28,0.86,0.44,10.88,13.06,-39.84,2.25,1486.17,-1240.16,76.78,-0.57,-0.64,-0.51,,,,,,,,,,,,,,,,,0.99,,,,medium,high,92.03,-37.68,54.5,"Marushi, Brady",YAK:MA:BR:9e782613-0d72:0325650,YAK:THOMAS:9e782613-0d72:0936209,2022-11,FALSE,,FALSE,,,,,,,,,,,,,,,,,,,,,,,,,,,,,,,,,,,,,,,,,,,,,,,,,
221,2026-09-15,17:43:36,5,4,"Cones, Logan",YAK:CO:LO:9e782613-0d72:0235491,Right,YAK:THOMAS:9e782613-0d72:0936209,"Johnson, Joe",YAK:JO:JO:9e782613-0d72:0371801,Left,YAK:NKUHOM:9e782613-0d72:0744411,Stretch,7,Bottom,0,0,1,Fastball,Fastball,BallCalled,,,,0,0,,88.64,-0.65,-2.33,2057.11,221.75,1:30,6.13,1.65,6.0,-22.57,14.53,10.07,3.64,0.3,79.06,-4.89,-0.43,,,,,,,,,,,,,-6.38,8.23,-1.47,50.0,6.07,4.93,-128.75,-2.14,-10.07,32.76,-19.2,YAK:NKUHOM:9e782613-0d72:0744411,YAK:THOMAS:9e782613-0d72:0936209,,,,b8025265-b0e8-4bba-9e12-d05e1860d054,c7243df2-b02f-56f4-1a25-61675fea8b32,88.91,6.13,1.65,-0.66,-2.41,79.28,3.64,0.29,-4.89,-0.51,0.44,10.8,13.23,-42.41,45.05,1518.86,-1387.35,73.83,-0.55,-0.67,-0.49,,,,,,,,,,,,,,,,,0.99,,,,medium,high,49.46,-37.22,54.5,"Marushi, Brady",YAK:MA:BR:9e782613-0d72:0325650,YAK:THOMAS:9e782613-0d72:0936209,2022-11,FALSE,,FALSE,,,,,,,,,,,,,,,,,,,,,,,,,,,,,,,,,,,,,,,,,,,,,,,,,
222,2026-09-15,17:43:50,5,5,"Cones, Logan",YAK:CO:LO:9e782613-0d72:0235491,Right,YAK:THOMAS:9e782613-0d72:0936209,"Johnson, Joe",YAK:JO:JO:9e782613-0d72:0371801,Left,YAK:NKUHOM:9e782613-0d72:0744411,Stretch,7,Bottom,0,1,1,Changeup,Changeup,BallCalled,,,,0,0,,80.55,0.33,-0.61,467.54,255.97,2:30,5.84,1.56,6.0,-40.1,4.86,9.08,2.82,1.75,72.04,-7.2,1.11,,,,,,,,,,,,,-5.22,2.55,-1.52,50,5.85,0.99,-117.08,-0.42,-6.79,27.6,-28.86,YAK:NKUHOM:9e782613-0d72:0744411,YAK:THOMAS:9e782613-0d72:0936209,,,,b8025265-b0e8-4bba-9e12-d05e1860d054,fb839e45-2985-9d40-34a9-6b0b13e19bf6,80.78,5.84,1.56,0.41,-0.65,72.22,2.82,1.74,-7.11,1.06,0.48,9.5,2.39,-0.35,59.47,467.53,-2.82,100.0,-0.24,-0.01,-0.97,,,,,,,,,,,,,,,,,0.99,,,,medium,high,36.47,-27.14,54.5,"Marushi, Brady",YAK:MA:BR:9e782613-0d72:0325650,YAK:THOMAS:9e782613-0d72:0936209,2022-11,TRUE,Spin rate outside 800-3500rpm range,FALSE,,,,,,,,,,,,,,,,,,,,,,,,,,,,,,,,,,,,,,,,,,,,,,,,,
223,2026-09-15,17:44:06,5,6,"Cones, Logan",YAK:CO:LO:9e782613-0d72:0235491,Right,YAK:THOMAS:9e782613-0d72:0936209,"Johnson, Joe",YAK:JO:JO:9e782613-0d72:0371801,Left,YAK:NKUHOM:9e782613-0d72:0744411,Stretch,7,Bottom,0,2,1,Fastball,Fastball,StrikeSwinging,,,,0,0,,88.23,-1.46,-1.38,2025.05,220.11,1:15,6.1,1.13,6.0,-21.56,15.85,10.72,2.93,0.72,78.81,-5.51,0.64,,,,,,,,,,,,,-6.4,9.25,-1.03,50,5.98,2.77,-128.19,-3.92,-10.0,32.44,-17.71,YAK:NKUHOM:9e782613-0d72:0744411,YAK:THOMAS:9e782613-0d72:0936209,,,,b8025265-b0e8-4bba-9e12-d05e1860d054,5e586a30-69eb-f6de-1498-d9c3d86912fe,88.5,6.1,1.13,-1.48,-1.46,79.03,2.93,0.72,-5.51,0.56,0.44,11.45,14.6,-35.09,20.42,1657.02,-1164.08,81.83,-0.63,-0.57,-0.53,,,,,,,,,,,,,,,,,0.99,,,,medium,high,71.62,4.23,54.5,"Marushi, Brady",YAK:MA:BR:9e782613-0d72:0325650,YAK:THOMAS:9e782613-0d72:0936209,2022-11,FALSE,,FALSE,,,,,,,,,,,,,,,,,,,,,,,,,,,,,,,,,,,,,,,,,,,,,,,,,
224,2026-09-15,17:44:25,5,7,"Cones, Logan",YAK:CO:LO:9e782613-0d72:0235491,Right,YAK:THOMAS:9e782613-0d72:0936209,"Johnson, Joe",YAK:JO:JO:9e782613-0d72:0371801,Left,YAK:NKUHOM:9e782613-0d72:0744411,Stretch,7,Bottom,0,2,2,Changeup,Changeup,HitByPitch,,,Walk,0,0,,78.97,-0.63,-4.86,648.35,242.75,2:00,5.77,1.67,6.0,-39.05,7.94,10.76,1.92,-2.01,70.77,-7.93,-2.84,,,,,,,,,,,,,-7.68,4.59,-1.29,50,5.7,9.44,-114.38,-2.31,-9.56,25.76,-26.45,YAK:NKUHOM:9e782613-0d72:0744411,YAK:THOMAS:9e782613-0d72:0936209,,,,b8025265-b0e8-4bba-9e12-d05e1860d054,fb69e2fc-a099-835a-3e4a-3f7bd5354b18,79.2,5.76,1.68,-0.56,-4.91,70.95,1.92,-2.01,-7.85,-2.89,0.49,11.2,5.61,12.93,78.63,631.92,145.06,97.46,-0.45,0.22,-0.87,,,,,,,,,,,,,,,,,0.99,,,,medium,high,19.23,23.22,54.5,"Marushi, Brady",YAK:MA:BR:9e782613-0d72:0325650,YAK:THOMAS:9e782613-0d72:0936209,2022-11,TRUE,Spin rate outside 800-3500rpm range,FALSE,,,,,,,,,,,,,,,,,,,,,,,,,,,,,,,,,,,,,,,,,,,,,,,,,
225,2026-09-15,17:44:52,6,1,"Cones, Logan",YAK:CO:LO:9e782613-0d72:0235491,Right,YAK:THOMAS:9e782613-0d72:0936209,"Jeon, SangWoon",YAK:JE:SA:9e782613-0d72:0351706,Left,YAK:NKUHOM:9e782613-0d72:0744411,Stretch,7,Bottom,0,0,0,Fastball,Fastball,InPlay,,LineDrive,Double,0,1,,86.94,-1.63,-2.56,1988.48,223.59,1:30,6.03,0.98,6.0,-23.25,15.32,11.34,2.56,-0.48,77.72,-5.99,-0.43,,112.45,14.22,33.85,1842.3,20.72,,,254.79,,42.24,2.12,-7.16,9.01,-0.79,50.0,5.89,5.32,-126.23,-4.28,-10.86,31.27,-18.5,YAK:NKUHOM:9e782613-0d72:0744411,YAK:THOMAS:9e782613-0d72:0936209,,,,b8025265-b0e8-4bba-9e12-d05e1860d054,b977791e-1a70-2969-4be0-1c1db4bdfae8,87.2,6.03,0.99,-1.64,-2.64,77.93,2.56,-0.49,-5.98,-0.51,0.45,12.11,14.01,-35.9,33.99,1610.83,-1165.87,81.01,-0.59,-0.59,-0.56,60.71,90.53,27.61,0.98,3.7,3.02,171.28,188.63,19.73,-38.58,-0.22,0.03,0.3,-0.95,,,1.0,,1.0,66.9,medium,high,59.41,3.5,54.5,"Marushi, Brady",YAK:MA:BR:9e782613-0d72:0325650,YAK:THOMAS:9e782613-0d72:0936209,2022-11,FALSE,,FALSE,,0.74,5,99.64,5,128.82,3,-0.13,5,-16.22,5,25.65,5,17.07,5,0.49,4,0.58,4,13.39,5,25.5,3,15.19,2,18,,-12.6,,20.6,,-12.7,,22.2,,24.5,,585.73,,909.05,,938.74,,27,,37,,45.3,
226,2026-09-15,17:45:57,7,1,"Cones, Logan",YAK:CO:LO:9e782613-0d72:0235491,Right,YAK:THOMAS:9e782613-0d72:0936209,"Bauerle, Pierce",YAK:BA:PI:9e782613-0d72:0971625,Right,YAK:NKUHOM:9e782613-0d72:0744411,Stretch,7,Bottom,0,0,0,Cutter,Cutter,StrikeSwinging,,,,0,0,,79.96,-0.89,-1.9,2190.85,126.84,10:15,5.68,0.95,6.0,-40.03,5.66,-4.62,1.51,-1.22,71.72,-8.38,-2.77,,,,,,,,,,,,,1.84,3.45,-0.79,50.0,5.59,3.97,-116.15,-2.89,2.35,27.26,-27.76,YAK:NKUHOM:9e782613-0d72:0744411,YAK:THOMAS:9e782613-0d72:0936209,,,,b8025265-b0e8-4bba-9e12-d05e1860d054,6c215f69-78c9-4994-7a74-cbd777f99501,80.2,5.67,0.95,-0.81,-1.93,71.9,1.51,-1.22,-8.29,-2.8,0.49,-4.3,3.13,-81.47,49.82,325.09,-2166.6,14.84,-0.09,-0.99,0.12,,,,,,,,,,,,,,,,,0.99,,,,medium,high,45.17,-79.96,54.5,"Marushi, Brady",YAK:MA:BR:9e782613-0d72:0325650,YAK:THOMAS:9e782613-0d72:0936209,2022-11,FALSE,,FALSE,,,,,,,,,,,,,,,,,,,,,,,,,,,,,,,,,,,,,,,,,,,,,,,,,
227,2026-09-15,17:46:16,7,2,"Cones, Logan",YAK:CO:LO:9e782613-0d72:0235491,Right,YAK:THOMAS:9e782613-0d72:0936209,"Bauerle, Pierce",YAK:BA:PI:9e782613-0d72:0971625,Right,YAK:NKUHOM:9e782613-0d72:0744411,Stretch,7,Bottom,0,0,1,Cutter,Cutter,BallCalled,,,,0,0,,80.43,-0.82,-3.31,2120.58,162.42,11:30,5.53,1.4,6.0,-38.46,6.79,-2.59,1.55,-1.93,72.08,-8.02,-3.8,,,,,,,,,,,,,0.2,4.05,-1.14,50,5.44,6.82,-116.69,-2.73,0.26,27.46,-26.95,YAK:NKUHOM:9e782613-0d72:0744411,YAK:THOMAS:9e782613-0d72:0936209,,,,b8025265-b0e8-4bba-9e12-d05e1860d054,391b2e8a-9ad4-49f1-1387-5db849665193,80.66,5.52,1.4,-0.76,-3.35,72.26,1.55,-1.93,-7.93,-3.84,0.48,-2.2,4.39,-82.8,54.85,265.69,-2103.87,12.53,-0.12,-0.99,0.04,,,,,,,,,,,,,,,,,1.0,,,,medium,high,40.64,-81.74,54.5,"Marushi, Brady",YAK:MA:BR:9e782613-0d72:0325650,YAK:THOMAS:9e782613-0d72:0936209,2022-11,FALSE,,FALSE,,,,,,,,,,,,,,,,,,,,,,,,,,,,,,,,,,,,,,,,,,,,,,,,,
228,2026-09-15,17:46:37,7,3,"Cones, Logan",YAK:CO:LO:9e782613-0d72:0235491,Right,YAK:THOMAS:9e782613-0d72:0936209,"Bauerle, Pierce",YAK:BA:PI:9e782613-0d72:0971625,Right,YAK:NKUHOM:9e782613-0d72:0744411,Stretch,7,Bottom,0,1,1,Fastball,Fastball,Foul,,,,0,0,,87.33,-2.53,-0.62,2001.75,223.05,1:30,5.93,0.67,6.0,-23.64,14.58,10.5,1.59,0.96,78.2,-6.95,1.36,,108.39,23.81,-40.46,2699.44,43.69,,,373.73,,-53.44,4.2,-6.0,8.94,-0.63,50.0,5.72,1.06,-126.83,-6.3,-9.19,31.75,-18.5,YAK:NKUHOM:9e782613-0d72:0744411,YAK:THOMAS:9e782613-0d72:0936209,,,,b8025265-b0e8-4bba-9e12-d05e1860d054,882cf2b9-908b-75a7-13f7-3d6f763e57bd,87.59,5.94,0.68,-2.53,-0.7,78.41,1.59,0.96,-6.94,1.28,0.44,11.25,13.22,-38.53,25.52,1565.96,-1246.91,78.23,-0.57,-0.62,-0.53,-64.34,75.45,43.76,-1.43,5.11,2.41,-300.21,222.6,-83.49,-33.98,0.77,0.74,-0.07,0.67,,,1.0,,1.0,62.7,medium,high,67.03,16.35,54.5,"Marushi, Brady",YAK:MA:BR:9e782613-0d72:0325650,YAK:THOMAS:9e782613-0d72:0936209,2022-11,FALSE,,FALSE,,0.85,5,76.12,2,106.89,5,-0.04,5,-16.19,5,28.68,5,12.3,5,0.6,5,-7.87,5,9.82,5,25.3,3,14.71,3,27.2,,-3.4,,16,,-0.3,,27.4,,16,,652.42,,890.65,,832.64,,20.5,,41.4,,51.3,
229,2026-09-15,17:47:03,7,4,"Cones, Logan",YAK:CO:LO:9e782613-0d72:0235491,Right,YAK:THOMAS:9e782613-0d72:0936209,"Bauerle, Pierce",YAK:BA:PI:9e782613-0d72:0971625,Right,YAK:NKUHOM:9e782613-0d72:0744411,Stretch,7,Bottom,0,1,2,Sweeper,Slider,BallCalled,,,,0,0,,76.34,2.31,-2.12,2275.54,76.54,8:30,5.29,1.42,6.0,-48.67,1.64,-11.17,3.4,-1.5,68.12,-6.84,-4.23,,,,,,,,,,,,,5.35,0.03,-1.25,50.0,5.44,4.39,-110.78,3.21,6.21,25.19,-32.14,YAK:NKUHOM:9e782613-0d72:0744411,YAK:THOMAS:9e782613-0d72:0936209,,,,b8025265-b0e8-4bba-9e12-d05e1860d054,f12bc378-a052-3560-838e-bfc72d67d5cb,76.55,5.28,1.42,2.43,-2.12,68.27,3.41,-1.5,-6.7,-4.22,0.51,-11.13,-1.56,-63.97,11.77,998.55,-2044.74,43.88,0.1,-0.9,0.43,,,,,,,,,,,,,,,,,0.99,,,,medium,high,79.41,50.64,54.5,"Marushi, Brady",YAK:MA:BR:9e782613-0d72:0325650,YAK:THOMAS:9e782613-0d72:0936209,2022-11,FALSE,,FALSE,,,,,,,,,,,,,,,,,,,,,,,,,,,,,,,,,,,,,,,,,,,,,,,,,
230,2026-09-15,17:47:27,7,5,"Cones, Logan",YAK:CO:LO:9e782613-0d72:0235491,Right,YAK:THOMAS:9e782613-0d72:0936209,"Bauerle, Pierce",YAK:BA:PI:9e782613-0d72:0971625,Right,YAK:NKUHOM:9e782613-0d72:0744411,Stretch,7,Bottom,0,2,2,Changeup,Changeup,StrikeCalled,,,StrikeoutLooking,1,0,,79.12,0.29,-3.95,498.22,260.01,2:45,5.65,1.52,6.0,-42.31,4.42,9.86,2.4,-1.37,70.82,-7.64,-2.1,,,,,,,,,,,,,-6.87,2.33,-1.22,50,5.65,7.66,-114.75,-0.55,-8.6,26.2,-29.26,YAK:NKUHOM:9e782613-0d72:0744411,YAK:THOMAS:9e782613-0d72:0936209,,,,b8025265-b0e8-4bba-9e12-d05e1860d054,2e140c0e-cbfa-708f-d31e-13392203fd96,79.35,5.65,1.53,0.37,-4.0,70.99,2.41,-1.37,-7.54,-2.15,0.49,10.33,1.9,0.28,47.38,498.21,2.41,100.0,-0.17,0.0,-0.98,,,,,,,,,,,,,,,,,1.0,,,,medium,high,47.36,-35.73,54.5,"Marushi, Brady",YAK:MA:BR:9e782613-0d72:0325650,YAK:THOMAS:9e782613-0d72:0936209,2022-11,TRUE,Spin rate outside 800-3500rpm range,FALSE,,,,,,,,,,,,,,,,,,,,,,,,,,,,,,,,,,,,,,,,,,,,,,,,,
231,2026-09-15,17:47:58,8,1,"Cones, Logan",YAK:CO:LO:9e782613-0d72:0235491,Right,YAK:THOMAS:9e782613-0d72:0936209,"Friedberg, Hunter",YAK:FR:HU:9e782613-0d72:0161357,Left,YAK:NKUHOM:9e782613-0d72:0744411,Stretch,7,Bottom,1,0,0,Fastball,Fastball,BallCalled,,,,0,0,,87.69,-1.77,-0.26,2053.86,224.81,1:30,6.14,1.02,6.0,-24.36,13.53,10.41,2.45,1.65,78.42,-6.34,1.7,,,,,,,,,,,,,-5.82,8.09,-1.01,50.0,5.99,0.26,-127.42,-4.67,-8.98,32.25,-19.69,YAK:NKUHOM:9e782613-0d72:0744411,YAK:THOMAS:9e782613-0d72:0936209,,,,b8025265-b0e8-4bba-9e12-d05e1860d054,a370ea00-60c2-4dac-8791-53c4c7feb748,87.95,6.14,1.03,-1.77,-0.34,78.63,2.45,1.64,-6.32,1.62,0.44,11.18,12.12,-42.26,10.69,1519.96,-1381.33,74.0,-0.53,-0.67,-0.52,,,,,,,,,,,,,,,,,1.0,,,,medium,high,99.63,-27.09,54.5,"Marushi, Brady",YAK:MA:BR:9e782613-0d72:0325650,YAK:THOMAS:9e782613-0d72:0936209,2022-11,FALSE,,FALSE,,,,,,,,,,,,,,,,,,,,,,,,,,,,,,,,,,,,,,,,,,,,,,,,,
232,2026-09-15,17:48:17,8,2,"Cones, Logan",YAK:CO:LO:9e782613-0d72:0235491,Right,YAK:THOMAS:9e782613-0d72:0936209,"Friedberg, Hunter",YAK:FR:HU:9e782613-0d72:0161357,Left,YAK:NKUHOM:9e782613-0d72:0744411,Stretch,7,Bottom,1,1,0,Fastball,Fastball,StrikeCalled,,,,0,0,,86.51,-2.8,-3.09,1986.13,225.9,1:30,6.06,1.61,6.0,-25.58,13.45,9.52,1.29,-0.5,77.55,-7.58,-1.3,,,,,,,,,,,,,-6.34,8.4,-1.37,50.0,5.83,6.49,-125.45,-6.9,-9.51,30.77,-19.58,YAK:NKUHOM:9e782613-0d72:0744411,YAK:THOMAS:9e782613-0d72:0936209,,,,b8025265-b0e8-4bba-9e12-d05e1860d054,062c46f7-d842-bb18-71e5-4da8b83c7090,86.77,6.06,1.62,-2.79,-3.17,77.75,1.3,-0.5,-7.56,-1.37,0.45,10.26,12.03,-46.0,14.9,1379.59,-1428.79,69.46,-0.48,-0.72,-0.5,,,,,,,,,,,,,,,,,0.99,,,,medium,high,76.59,-47.74,54.5,"Marushi, Brady",YAK:MA:BR:9e782613-0d72:0325650,YAK:THOMAS:9e782613-0d72:0936209,2022-11,FALSE,,FALSE,,,,,,,,,,,,,,,,,,,,,,,,,,,,,,,,,,,,,,,,,,,,,,,,,
233,2026-09-15,17:48:38,8,3,"Cones, Logan",YAK:CO:LO:9e782613-0d72:0235491,Right,YAK:THOMAS:9e782613-0d72:0936209,"Friedberg, Hunter",YAK:FR:HU:9e782613-0d72:0161357,Left,YAK:NKUHOM:9e782613-0d72:0744411,Stretch,7,Bottom,1,1,1,Cutter,Cutter,BallCalled,,,,0,0,,80.32,0.53,0.24,2087.15,146.95,11:00,5.26,0.52,6.0,-39.05,6.15,-3.48,2.5,0.45,71.79,-6.81,-0.42,,,,,,,,,,,,,2.0,3.19,-0.54,50.0,5.28,-0.39,-116.74,0.01,2.59,27.38,-28.05,YAK:NKUHOM:9e782613-0d72:0744411,YAK:THOMAS:9e782613-0d72:0936209,,,,b8025265-b0e8-4bba-9e12-d05e1860d054,e096dc80-90f2-78fb-df5d-5fbddd025a71,80.56,5.25,0.52,0.6,0.2,71.97,2.51,0.45,-6.72,-0.45,0.48,-3.13,3.71,-79.45,8.31,382.31,-2051.84,18.32,-0.15,-0.98,0.1,,,,,,,,,,,,,,,,,1.0,,,,medium,high,97.48,19.74,54.5,"Marushi, Brady",YAK:MA:BR:9e782613-0d72:0325650,YAK:THOMAS:9e782613-0d72:0936209,2022-11,FALSE,,FALSE,,,,,,,,,,,,,,,,,,,,,,,,,,,,,,,,,,,,,,,,,,,,,,,,,
234,2026-09-15,17:48:57,8,4,"Cones, Logan",YAK:CO:LO:9e782613-0d72:0235491,Right,YAK:THOMAS:9e782613-0d72:0936209,"Friedberg, Hunter",YAK:FR:HU:9e782613-0d72:0161357,Left,YAK:NKUHOM:9e782613-0d72:0744411,Stretch,7,Bottom,1,2,1,Sweeper,Slider,StrikeSwinging,,,,0,0,,78.25,1.09,0.42,2160.35,109.85,9:45,5.26,1.11,6.0,-42.56,5.09,-7.35,2.74,0.89,69.93,-6.91,-0.97,,,,,,,,,,,,,4.2,2.4,-1.13,50.0,5.32,-0.64,-113.71,1.03,5.15,26.04,-29.23,YAK:NKUHOM:9e782613-0d72:0744411,YAK:THOMAS:9e782613-0d72:0936209,,,,b8025265-b0e8-4bba-9e12-d05e1860d054,6dd8bb20-c7f0-c25e-e93f-a12031c32be7,78.48,5.25,1.11,1.18,0.4,70.1,2.74,0.89,-6.81,-0.98,0.5,-7.16,2.39,-73.55,0.37,611.76,-2071.92,28.32,-0.1,-0.96,0.27,,,,,,,,,,,,,,,,,0.99,,,,medium,high,90.33,31.95,54.5,"Marushi, Brady",YAK:MA:BR:9e782613-0d72:0325650,YAK:THOMAS:9e782613-0d72:0936209,2022-11,FALSE,,FALSE,,,,,,,,,,,,,,,,,,,,,,,,,,,,,,,,,,,,,,,,,,,,,,,,,
235,2026-09-15,17:49:17,8,5,"Cones, Logan",YAK:CO:LO:9e782613-0d72:0235491,Right,YAK:THOMAS:9e782613-0d72:0936209,"Friedberg, Hunter",YAK:FR:HU:9e782613-0d72:0161357,Left,YAK:NKUHOM:9e782613-0d72:0744411,Stretch,7,Bottom,1,2,2,Changeup,Fastball,InPlay,,Popup,Out,1,0,,79.44,-0.58,-3.12,685.6,230.47,1:45,5.67,1.59,6.0,-35.82,10.43,9.68,2.14,-0.54,71.14,-7.29,-1.3,,50.71,37.7,1.94,2671.98,13.04,,,125.83,,6.54,2.41,-6.46,5.95,-1.35,50.0,5.6,6.03,-115.31,-2.14,-8.16,26.27,-24.65,YAK:NKUHOM:9e782613-0d72:0744411,YAK:THOMAS:9e782613-0d72:0936209,,,,b8025265-b0e8-4bba-9e12-d05e1860d054,96775e41-3c65-0f9e-a6ee-d2f8a271e2e3,79.68,5.66,1.59,-0.53,-3.16,71.33,2.14,-0.54,-7.23,-1.34,0.49,10.09,8.23,9.65,75.8,675.89,114.97,98.58,-0.63,0.17,-0.76,1.36,40.1,31.01,0.53,1.53,2.35,14.34,125.01,9.25,-11.0,-0.39,-0.76,0.22,-0.61,,,1.0,,1,21.01,medium,high,21.78,-23.34,54.5,"Marushi, Brady",YAK:MA:BR:9e782613-0d72:0325650,YAK:THOMAS:9e782613-0d72:0936209,2022-11,TRUE,Spin rate outside 800-3500rpm range,FALSE,,0.82,5,92.57,4,112.26,4,-0.09,5,-12.03,5,30.95,5,10.19,4,0.57,5,-13.24,4,10.98,5,26.93,3,0.94,5,18.6,,-11,,24.7,,-6.4,,21.8,,25.6,,697.24,,838.41,,862.53,,22.2,,40.7,,49.2,
236,2026-09-15,17:49:56,9,1,"Cones, Logan",YAK:CO:LO:9e782613-0d72:0235491,Right,YAK:THOMAS:9e782613-0d72:0936209,"Nowak, Mark",YAK:NO:MA:9e782613-0d72:0541523,Right,YAK:NKUHOM:9e782613-0d72:0744411,Stretch,7,Bottom,2,0,0,Sweeper,Slider,InPlay,,FlyBall,Out,1,0,,77.67,1.27,-1.21,2263.66,76.45,8:30,5.31,1.09,6.0,-46.69,1.76,-8.8,2.62,-0.78,69.46,-7.5,-2.87,,79.7,27.89,-3.76,2142.51,47.59,,,280.19,,2.44,4.05,4.39,0.49,-0.99,50.0,5.39,2.61,-112.84,1.28,5.3,25.94,-31.58,YAK:NKUHOM:9e782613-0d72:0744411,YAK:THOMAS:9e782613-0d72:0936209,,,,b8025265-b0e8-4bba-9e12-d05e1860d054,a28d9b78-6462-bb75-83f5-0f5ee52df58b,77.89,5.3,1.09,1.39,-1.23,69.61,2.62,-0.78,-7.37,-2.88,0.5,-8.63,-1.25,-70.97,37.43,738.21,-2139.91,32.61,0.08,-0.95,0.32,-4.61,70.29,37.28,0.82,-0.05,2.36,11.92,279.94,26.62,43.34,0.91,0.87,0.3,-0.39,,,1.0,,0.99,44.72,medium,high,56.32,11.02,54.5,"Marushi, Brady",YAK:MA:BR:9e782613-0d72:0325650,YAK:THOMAS:9e782613-0d72:0936209,2022-11,FALSE,,FALSE,,0.68,5,109.23,4,156.02,0,0.01,2,7.26,2,42.88,3,3.61,2,0.43,3,25.62,0,11.98,5,38.65,0,9.97,4,24.1,,-4.5,,24,,-7.3,,24.5,,25.3,,657.84,,1077.84,,1113,,18.9,,34,,44.3,
,2026-09-15,17:50:44,,,,,,,,,,,,,,,,,,Fastball,,,,,,,,85.29,-2.31,-2.33,1777.02,240.27,2:00,6.18,0.93,6.0,-28.93,11.19,14.17,1.59,-0.08,76.45,-7.72,0.34,,,,,,,,,,,,,-8.64,6.99,-0.76,50.0,5.98,4.63,-123.79,-5.84,-12.59,30.21,-21.98,,,,,,,3145e1bb-0c29-0ee1-14dc-9840a985f93b,85.53,6.17,0.94,-2.3,-2.43,76.64,1.59,-0.08,-7.69,0.24,0.46,15.1,9.57,-33.23,1.18,1486.43,-973.82,83.65,-0.41,-0.55,-0.73,,,,,,,,,,,,,,,,,0.96,,,,medium,high,91.07,-40.21,54.5,,,,2022-11,FALSE,,FALSE,,,,,,,,,,,,,,,,,,,,,,,,,,,,,,,,,,,,,,,,,,,,,,,,,
,2026-09-15,17:50:57,,,,,,,,,,,,,,,,,,Fastball,,,,,,,,83.89,-1.59,-2.94,1727.63,246.19,2:15,6.07,1.25,6.0,-31.51,9.96,15.76,1.95,-0.2,75.15,-7.49,0.03,,,,,,,,,,,,,-9.73,6.06,-1.03,50.0,5.93,5.8,-121.76,-4.29,-13.73,29.23,-23.63,,,,,,,fe4814a6-d12c-5c78-4410-212a29680b4c,84.13,6.07,1.26,-1.56,-3.05,75.33,1.95,-0.2,-7.45,-0.08,0.46,16.77,8.21,-29.36,10.43,1505.78,-846.96,87.16,-0.35,-0.49,-0.8,,,,,,,,,,,,,,,,,1.0,,,,medium,high,99.39,-35.18,54.5,,,,2022-11,FALSE,,FALSE,,,,,,,,,,,,,,,,,,,,,,,,,,,,,,,,,,,,,,,,,,,,,,,,,
,2026-09-15,17:51:12,,,,,,,,,,,,,,,,,,Curveball,,,,,,,,75.61,0.73,-0.56,2324.77,57.34,8:00,5.27,1.11,6.0,-52.88,-1.74,-9.82,1.55,-0.24,67.85,-9.18,-2.42,,,,,,,,,,,,,5.2,-1.23,-1.06,50.0,5.3,1.34,-109.88,0.04,5.94,24.75,-33.58,,,,,,,eeb80f5d-6bda-d1e9-9379-da9e2e1f0a41,75.81,5.26,1.11,0.87,-0.59,67.97,1.56,-0.24,-9.03,-2.43,0.51,-9.63,-5.14,-66.56,39.76,924.86,-2132.88,39.78,0.21,-0.92,0.33,,,,,,,,,,,,,,,,,1.0,,,,medium,high,54.21,4.93,54.5,,,,2022-11,FALSE,,FALSE,,,,,,,,,,,,,,,,,,,,,,,,,,,,,,,,,,,,,,,,,,,,,,,,,
,2026-09-15,17:51:25,,,,,,,,,,,,,,,,,,Changeup,,,,,,,,80.62,-0.83,-1.38,1670.91,249.51,2:15,5.76,1.6,6.0,-36.38,8.48,14.88,1.95,1.55,72.24,-7.65,1.43,,,,,,,,,,,,,-8.69,4.97,-1.5,50.0,5.68,2.4,-117.14,-2.69,-11.33,27.43,-25.7,,,,,,,cf3210c2-b274-eb19-9331-bd422664cd9c,80.84,5.76,1.61,-0.79,-1.49,72.41,1.95,1.54,-7.59,1.32,0.48,15.93,6.38,-35.82,48.5,1354.83,-977.94,81.08,-0.28,-0.59,-0.76,,,,,,,,,,,,,,,,,1.0,,,,medium,high,46.35,-54.34,54.5,,,,2022-11,FALSE,,FALSE,,,,,,,,,,,,,,,,,,,,,,,,,,,,,,,,,,,,,,,,,,,,,,,,,
,2026-09-15,17:51:39,,,,,,,,,,,,,,,,,,Fastball,,,,,,,,83.14,-1.17,-1.88,1798.03,242.41,2:00,6.2,1.44,6.0,-32.09,10.09,13.38,2.42,0.78,74.44,-7.19,0.64,,,,,,,,,,,,,-8.05,5.98,-1.29,50.0,6.09,3.59,-120.77,-3.39,-11.16,28.95,-23.88,,,,,,,8e8befc6-f2c6-e7ff-aa70-fc716a76ecaa,83.38,6.19,1.44,-1.15,-1.98,74.62,2.42,0.78,-7.15,0.54,0.47,14.35,8.27,-40.11,17.9,1375.06,-1158.49,76.48,-0.35,-0.64,-0.68,,,,,,,,,,,,,,,,,1.0,,,,medium,high,73.89,-57.67,54.5,,,,2022-11,FALSE,,FALSE,,,,,,,,,,,,,,,,,,,,,,,,,,,,,,,,,,,,,,,,,,,,,,,,,
237,2026-09-15,17:52:10,1,1,"Teke, Jared",YAK:TE:JA:9e782613-0d72:0641893,Right,YAK:NKUHOM:9e782613-0d72:0744411,"Mann, Ian",YAK:MA:IA:9e782613-0d72:0385325,Left,YAK:THOMAS:9e782613-0d72:0936209,Stretch,8,Top,0,0,0,Sinker,Fastball,StrikeSwinging,,,,0,0,,87.6,-2.73,-1.7,1768.0,242.14,2:00,6.22,0.98,6.0,-26.98,11.07,15.93,1.41,0.71,78.52,-7.77,1.3,,,,,,,,,,,,,-9.38,7.08,-0.85,50.0,6.0,3.3,-127.14,-6.88,-14.42,31.99,-21.29,YAK:NKUHOM:9e782613-0d72:0744411,YAK:THOMAS:9e782613-0d72:0936209,,,,b8025265-b0e8-4bba-9e12-d05e1860d054,d423ea23-1424-a827-c2d3-ca9bcf47ccb3,87.84,6.22,0.99,-2.72,-1.8,78.7,1.41,0.7,-7.74,1.2,0.44,16.9,9.53,-23.27,1.89,1624.24,-698.34,91.87,-0.43,-0.39,-0.81,,,,,,,,,,,,,,,,,0.95,,,,medium,high,88.3,-38.32,54.5,"Turner, Tyler",YAK:TU:TY:9e782613-0d72:0703730,YAK:NKUHOM:9e782613-0d72:0744411,2022-11,FALSE,,FALSE,,,,,,,,,,,,,,,,,,,,,,,,,,,,,,,,,,,,,,,,,,,,,,,,,
238,2026-09-15,17:52:27,1,2,"Teke, Jared",YAK:TE:JA:9e782613-0d72:0641893,Right,YAK:NKUHOM:9e782613-0d72:0744411,"Mann, Ian",YAK:MA:IA:9e782613-0d72:0385325,Left,YAK:THOMAS:9e782613-0d72:0936209,Stretch,8,Top,0,0,1,Changeup,Fastball,BallCalled,,,,0,0,,82.11,-3.12,-3.48,1862.32,248.37,2:15,6.07,1.29,6.0,-33.32,10.08,17.14,0.35,-0.56,73.85,-9.33,-0.25,,,,,,,,,,,,,-10.67,6.67,-1.02,50.0,5.81,6.75,-118.98,-7.43,-14.39,27.71,-23.19,YAK:NKUHOM:9e782613-0d72:0744411,YAK:THOMAS:9e782613-0d72:0936209,,,,b8025265-b0e8-4bba-9e12-d05e1860d054,c7203a08-f368-1a8f-7a68-19da2e737664,82.33,6.07,1.3,-3.09,-3.59,74.02,0.35,-0.56,-9.28,-0.36,0.47,18.24,8.27,-26.11,28.79,1672.3,-819.53,89.8,-0.33,-0.44,-0.83,,,,,,,,,,,,,,,,,1.0,,,,medium,high,64.09,-68.88,54.5,"Turner, Tyler",YAK:TU:TY:9e782613-0d72:0703730,YAK:NKUHOM:9e782613-0d72:0744411,2022-11,FALSE,,FALSE,,,,,,,,,,,,,,,,,,,,,,,,,,,,,,,,,,,,,,,,,,,,,,,,,
239,2026-09-15,17:52:42,1,3,"Teke, Jared",YAK:TE:JA:9e782613-0d72:0641893,Right,YAK:NKUHOM:9e782613-0d72:0744411,"Mann, Ian",YAK:MA:IA:9e782613-0d72:0385325,Left,YAK:THOMAS:9e782613-0d72:0936209,Stretch,8,Top,0,1,1,Sinker,Fastball,StrikeSwinging,,,,0,0,,87.04,-1.91,-2.99,1800.09,245.45,2:15,6.12,1.0,6.0,-28.68,9.86,15.15,1.94,-0.55,77.93,-7.28,-0.14,,,,,,,,,,,,,-9.42,6.11,-0.77,50.0,5.96,6.15,-126.3,-5.06,-14.29,31.43,-22.89,YAK:NKUHOM:9e782613-0d72:0744411,YAK:THOMAS:9e782613-0d72:0936209,,,,b8025265-b0e8-4bba-9e12-d05e1860d054,e26adc34-0b8f-e155-01dd-2c6492eacc8b,87.28,6.12,1.01,-1.89,-3.09,78.11,1.94,-0.56,-7.24,-0.24,0.45,16.14,8.27,-32.12,35.48,1524.62,-957.0,84.7,-0.35,-0.53,-0.77,,,,,,,,,,,,,,,,,1.0,,,,medium,high,58.07,-52.91,54.5,"Turner, Tyler",YAK:TU:TY:9e782613-0d72:0703730,YAK:NKUHOM:9e782613-0d72:0744411,2022-11,FALSE,,FALSE,,,,,,,,,,,,,,,,,,,,,,,,,,,,,,,,,,,,,,,,,,,,,,,,,
240,2026-09-15,17:53:18,1,4,"Teke, Jared",YAK:TE:JA:9e782613-0d72:0641893,Right,YAK:NKUHOM:9e782613-0d72:0744411,"Mann, Ian",YAK:MA:IA:9e782613-0d72:0385325,Left,YAK:THOMAS:9e782613-0d72:0936209,Stretch,8,Top,0,1,2,Changeup,Changeup,Foul,,,,0,0,,80.72,0.07,-2.2,1614.02,242.33,2:00,5.63,1.62,6.0,-33.09,11.66,16.9,2.94,0.96,72.12,-6.15,0.99,,,,,,,,,,,,,-10.1,6.39,-1.45,50.0,5.62,4.03,-117.26,-0.77,-13.2,27.3,-23.82,YAK:NKUHOM:9e782613-0d72:0744411,YAK:THOMAS:9e782613-0d72:0936209,,,,b8025265-b0e8-4bba-9e12-d05e1860d054,38bb4024-25ae-6ec0-1498-c6c68d39f524,80.95,5.63,1.63,0.1,-2.3,72.3,2.94,0.96,-6.1,0.88,0.48,17.9,9.72,-17.66,37.89,1537.92,-489.76,95.28,-0.44,-0.3,-0.84,,,,,,,,,,,,,,,,,1.0,,,,medium,high,124.1,-8.19,54.5,"Turner, Tyler",YAK:TU:TY:9e782613-0d72:0703730,YAK:NKUHOM:9e782613-0d72:0744411,2022-11,FALSE,,FALSE,,,,,,,,,,,,,,,,,,,,,,,,,,,,,,,,,,,,,,,,,,,,,,,,,
241,2026-09-15,17:53:40,1,5,"Teke, Jared",YAK:TE:JA:9e782613-0d72:0641893,Right,YAK:NKUHOM:9e782613-0d72:0744411,"Mann, Ian",YAK:MA:IA:9e782613-0d72:0385325,Left,YAK:THOMAS:9e782613-0d72:0936209,Stretch,8,Top,0,1,2,Sinker,Fastball,Foul,,,,0,0,,84.48,-1.59,-1.53,1634.53,250.02,2:15,6.11,0.93,6.0,-32.25,8.63,16.55,1.92,0.87,75.68,-7.63,1.59,,,,,,,,,,,,,-9.67,5.33,-0.82,50,5.96,2.81,-122.71,-4.34,-13.83,30.05,-24.55,YAK:NKUHOM:9e782613-0d72:0744411,YAK:THOMAS:9e782613-0d72:0936209,,,,b8025265-b0e8-4bba-9e12-d05e1860d054,16804597-d3fb-08aa-bda6-5d07df60452d,84.71,6.1,0.94,-1.56,-1.64,75.86,1.92,0.86,-7.58,1.48,0.46,17.58,6.76,-24.23,47.98,1490.5,-670.91,91.19,-0.31,-0.41,-0.86,,,,,,,,,,,,,,,,,1.0,,,,medium,high,46.82,-70.24,54.5,"Turner, Tyler",YAK:TU:TY:9e782613-0d72:0703730,YAK:NKUHOM:9e782613-0d72:0744411,2022-11,FALSE,,FALSE,,,,,,,,,,,,,,,,,,,,,,,,,,,,,,,,,,,,,,,,,,,,,,,,,
242,2026-09-15,17:54:03,1,6,"Teke, Jared",YAK:TE:JA:9e782613-0d72:0641893,Right,YAK:NKUHOM:9e782613-0d72:0744411,"Mann, Ian",YAK:MA:IA:9e782613-0d72:0385325,Left,YAK:THOMAS:9e782613-0d72:0936209,Stretch,8,Top,0,1,2,Slider,Slider,BallCalled,,,,0,0,,77.24,-0.64,0.5,2033.84,61.59,8:00,5.52,0.93,6.0,-49.67,-0.7,-8.64,0.78,0.67,69.45,-9.92,-1.14,,,,,,,,,,,,,4.95,-0.15,-0.96,50.0,5.44,-0.75,-112.25,-2.55,5.9,25.72,-32.35,YAK:NKUHOM:9e782613-0d72:0744411,YAK:THOMAS:9e782613-0d72:0936209,,,,b8025265-b0e8-4bba-9e12-d05e1860d054,3cfd1867-d603-ac0c-3184-41b91ba7739b,77.44,5.51,0.93,-0.51,0.48,69.59,0.79,0.67,-9.78,-1.15,0.5,-8.45,-3.86,-70.52,,678.24,-1917.41,33.35,0.16,-0.94,0.29,,,,,,,,,,,,,,,,,1,,,,medium,high,,,54.5,"Turner, Tyler",YAK:TU:TY:9e782613-0d72:0703730,YAK:NKUHOM:9e782613-0d72:0744411,2022-11,FALSE,,FALSE,,,,,,,,,,,,,,,,,,,,,,,,,,,,,,,,,,,,,,,,,,,,,,,,,
243,2026-09-15,17:54:23,1,7,"Teke, Jared",YAK:TE:JA:9e782613-0d72:0641893,Right,YAK:NKUHOM:9e782613-0d72:0744411,"Mann, Ian",YAK:MA:IA:9e782613-0d72:0385325,Left,YAK:THOMAS:9e782613-0d72:0936209,Stretch,8,Top,0,2,2,Sinker,Fastball,InPlay,,GroundBall,Out,1,0,,88.24,-2.12,-1.9,1662.2,243.74,2:00,6.2,0.85,6.0,-27.72,9.75,14.28,1.89,0.25,79.0,-7.31,0.79,,87.55,1.72,33.42,3559.33,,,,49.08,,34.19,0.4,-8.55,6.14,-0.7,50.0,6.02,3.82,-128.12,-5.58,-13.34,32.55,-22.6,YAK:NKUHOM:9e782613-0d72:0744411,YAK:THOMAS:9e782613-0d72:0936209,,,,b8025265-b0e8-4bba-9e12-d05e1860d054,cb275ea6-3c8b-984d-6fa6-19619d7c5dcf,88.49,6.2,0.85,-2.1,-2.0,79.2,1.9,0.24,-7.28,0.7,0.44,15.2,8.17,-31.76,17.43,1413.38,-874.81,85.03,-0.38,-0.53,-0.76,48.2,73.04,2.62,-0.43,0.92,1.95,27.58,40.6,-4.41,-9.77,-0.15,-0.41,0.25,-0.88,,,0.99,,1.0,47.39,medium,high,74.32,-39.75,54.5,"Turner, Tyler",YAK:TU:TY:9e782613-0d72:0703730,YAK:NKUHOM:9e782613-0d72:0744411,2022-11,FALSE,,FALSE,,0.91,5,99.81,5,111.54,4,-0.15,5,-14.35,5,31.81,5,9.67,4,0.48,4,-15.04,4,11.48,5,27.32,3,2.71,5,18.1,,-14,,17.2,,-5.2,,23.1,,18,,616.63,,839.53,,876.32,,30.9,,40.3,,54.1,
244,2026-09-15,17:54:57,2,1,"Teke, Jared",YAK:TE:JA:9e782613-0d72:0641893,Right,YAK:NKUHOM:9e782613-0d72:0744411,"Flack, Lucas",YAK:FL:LU:9e782613-0d72:0656874,Right,YAK:THOMAS:9e782613-0d72:0936209,Stretch,8,Top,1,0,0,Changeup,Changeup,StrikeSwinging,,,,0,0,,79.24,-2.14,-4.16,1517.19,243.42,2:00,6.11,1.19,6.0,-35.29,11.28,15.58,1.16,-1.42,71.21,-8.72,-1.23,,,,,,,,,,,,,-10.06,6.97,-0.88,50.0,5.92,7.94,-114.83,-5.25,-12.64,25.69,-23.42,YAK:NKUHOM:9e782613-0d72:0744411,YAK:THOMAS:9e782613-0d72:0936209,,,,b8025265-b0e8-4bba-9e12-d05e1860d054,b46244d4-48cc-77f5-157c-7ccc2ec91581,79.46,6.11,1.2,-2.1,-4.26,71.38,1.16,-1.43,-8.67,-1.33,0.49,16.56,9.34,-24.68,18.56,1378.57,-633.57,90.86,-0.41,-0.42,-0.81,,,,,,,,,,,,,,,,,1.0,,,,medium,high,106.71,-25.58,54.5,"Turner, Tyler",YAK:TU:TY:9e782613-0d72:0703730,YAK:NKUHOM:9e782613-0d72:0744411,2022-11,FALSE,,FALSE,,,,,,,,,,,,,,,,,,,,,,,,,,,,,,,,,,,,,,,,,,,,,,,,,
245,2026-09-15,17:55:14,2,2,"Teke, Jared",YAK:TE:JA:9e782613-0d72:0641893,Right,YAK:NKUHOM:9e782613-0d72:0744411,"Flack, Lucas",YAK:FL:LU:9e782613-0d72:0656874,Right,YAK:THOMAS:9e782613-0d72:0936209,Stretch,8,Top,1,0,1,Slider,Curveball,StrikeSwinging,,,,0,0,,76.8,0.71,-0.9,2142.01,56.5,8:00,5.3,0.65,6.0,-51.32,-1.74,-9.47,1.68,-0.98,68.87,-8.91,-2.68,,,,,,,,,,,,,4.87,-1.23,-0.58,50.0,5.33,1.99,-111.6,0.04,5.74,25.55,-33.62,YAK:NKUHOM:9e782613-0d72:0744411,YAK:THOMAS:9e782613-0d72:0936209,,,,b8025265-b0e8-4bba-9e12-d05e1860d054,5ecdc680-15d5-2b77-d15a-4d69582b0029,77.0,5.29,0.65,0.84,-0.91,69.0,1.69,-0.98,-8.77,-2.7,0.51,-9.3,-5.04,-66.16,6.89,865.92,-1959.18,40.43,0.22,-0.91,0.34,,,,,,,,,,,,,,,,,0.98,,,,medium,high,96.2,21.42,54.5,"Turner, Tyler",YAK:TU:TY:9e782613-0d72:0703730,YAK:NKUHOM:9e782613-0d72:0744411,2022-11,FALSE,,FALSE,,,,,,,,,,,,,,,,,,,,,,,,,,,,,,,,,,,,,,,,,,,,,,,,,
246,2026-09-15,17:55:32,2,3,"Teke, Jared",YAK:TE:JA:9e782613-0d72:0641893,Right,YAK:NKUHOM:9e782613-0d72:0744411,"Flack, Lucas",YAK:FL:LU:9e782613-0d72:0656874,Right,YAK:THOMAS:9e782613-0d72:0936209,Stretch,8,Top,1,0,2,Sinker,Fastball,Foul,,,,0,0,,87.83,-1.53,-2.78,1623.93,244.69,2:15,6.43,1.04,6.0,-28.56,9.27,13.48,2.62,-0.45,78.56,-6.88,-0.24,,,,,,,,,,,,,-8.42,5.65,-0.83,50.0,6.3,5.79,-127.49,-4.26,-13.02,32.13,-23.43,YAK:NKUHOM:9e782613-0d72:0744411,YAK:THOMAS:9e782613-0d72:0936209,,,,b8025265-b0e8-4bba-9e12-d05e1860d054,225bd95a-ce6a-1c5c-4e64-484472ffbffc,88.08,6.43,1.05,-1.5,-2.87,78.76,2.62,-0.46,-6.84,-0.33,0.44,14.38,7.66,-36.4,18.47,1307.06,-963.73,80.49,-0.34,-0.59,-0.73,,,,,,,,,,,,,,,,,0.99,,,,medium,high,73.37,-57.22,54.5,"Turner, Tyler",YAK:TU:TY:9e782613-0d72:0703730,YAK:NKUHOM:9e782613-0d72:0744411,2022-11,FALSE,,FALSE,,,,,,,,,,,,,,,,,,,,,,,,,,,,,,,,,,,,,,,,,,,,,,,,,
247,2026-09-15,17:56:26,2,4,"Teke, Jared",YAK:TE:JA:9e782613-0d72:0641893,Right,YAK:NKUHOM:9e782613-0d72:0744411,"Flack, Lucas",YAK:FL:LU:9e782613-0d72:0656874,Right,YAK:THOMAS:9e782613-0d72:0936209,Stretch,8,Top,1,0,2,Slider,Slider,StrikeCalled,,,StrikeoutLooking,1,0,,77.89,1.14,-1.21,2243.72,66.07,8:15,5.16,0.98,6.0,-48.66,-0.45,-10.38,2.18,-1.02,69.7,-7.99,-3.17,,,,,,,,,,,,,5.26,-0.68,-0.88,50.0,5.22,2.67,-113.15,0.97,6.37,26.24,-32.99,YAK:NKUHOM:9e782613-0d72:0744411,YAK:THOMAS:9e782613-0d72:0936209,,,,b8025265-b0e8-4bba-9e12-d05e1860d054,149ff477-cbea-57b1-2e87-1b47ab7c67fb,78.09,5.15,0.98,1.26,-1.22,69.84,2.18,-1.02,-7.86,-3.18,0.5,-10.3,-3.6,-65.33,32.99,936.48,-2038.94,41.74,0.17,-0.91,0.38,,,,,,,,,,,,,,,,,0.99,,,,medium,high,60.31,45.59,54.5,"Turner, Tyler",YAK:TU:TY:9e782613-0d72:0703730,YAK:NKUHOM:9e782613-0d72:0744411,2022-11,FALSE,,FALSE,,,,,,,,,,,,,,,,,,,,,,,,,,,,,,,,,,,,,,,,,,,,,,,,,
248,2026-09-15,17:56:53,3,1,"Teke, Jared",YAK:TE:JA:9e782613-0d72:0641893,Right,YAK:NKUHOM:9e782613-0d72:0744411,"Geers, Jack",YAK:GE:JA:9e782613-0d72:0630021,Right,YAK:THOMAS:9e782613-0d72:0936209,Stretch,8,Top,2,0,0,Sinker,Fastball,StrikeCalled,,,,0,0,,88.89,-2.21,-3.68,1805.93,240.94,2:00,6.26,1.17,6.0,-26.08,10.91,13.98,2.0,-1.12,79.55,-7.1,-1.05,,,,,,,,,,,,,-9.01,6.8,-0.89,50.0,6.07,7.86,-128.87,-5.78,-14.25,32.53,-21.43,YAK:NKUHOM:9e782613-0d72:0744411,YAK:THOMAS:9e782613-0d72:0936209,,,,b8025265-b0e8-4bba-9e12-d05e1860d054,1323a54d-c8ad-327e-14f4-80806857d2bf,89.14,6.26,1.18,-2.2,-3.77,79.75,2.0,-1.12,-7.07,-1.14,0.44,14.88,9.49,-34.44,3.73,1489.36,-1021.36,82.47,-0.4,-0.57,-0.72,,,,,,,,,,,,,,,,,1.0,,,,medium,high,93.35,-32.4,54.5,"Turner, Tyler",YAK:TU:TY:9e782613-0d72:0703730,YAK:NKUHOM:9e782613-0d72:0744411,2022-11,FALSE,,FALSE,,,,,,,,,,,,,,,,,,,,,,,,,,,,,,,,,,,,,,,,,,,,,,,,,
249,2026-09-15,17:57:09,3,2,"Teke, Jared",YAK:TE:JA:9e782613-0d72:0641893,Right,YAK:NKUHOM:9e782613-0d72:0744411,"Geers, Jack",YAK:GE:JA:9e782613-0d72:0630021,Right,YAK:THOMAS:9e782613-0d72:0936209,Stretch,8,Top,2,0,1,Sinker,Fastball,BallCalled,,,,0,0,,88.15,-2.71,-3.97,1795.61,243.75,2:00,6.12,1.12,6.0,-26.93,10.73,15.55,1.33,-1.32,78.99,-7.74,-1.05,,,,,,,,,,,,,-9.97,6.87,-0.81,50,5.9,8.4,-127.72,-6.86,-15.5,31.83,-21.5,YAK:NKUHOM:9e782613-0d72:0744411,YAK:THOMAS:9e782613-0d72:0936209,,,,b8025265-b0e8-4bba-9e12-d05e1860d054,94322f44-bf61-01b0-9c2d-2ab11a213709,88.39,6.12,1.12,-2.69,-4.07,79.18,1.33,-1.33,-7.71,-1.15,0.44,16.52,9.27,-27.95,21.06,1586.12,-841.69,88.33,-0.39,-0.47,-0.79,,,,,,,,,,,,,,,,,1.0,,,,medium,high,71.04,-39.51,54.5,"Turner, Tyler",YAK:TU:TY:9e782613-0d72:0703730,YAK:NKUHOM:9e782613-0d72:0744411,2022-11,FALSE,,FALSE,,,,,,,,,,,,,,,,,,,,,,,,,,,,,,,,,,,,,,,,,,,,,,,,,
250,2026-09-15,17:57:26,3,3,"Teke, Jared",YAK:TE:JA:9e782613-0d72:0641893,Right,YAK:NKUHOM:9e782613-0d72:0744411,"Geers, Jack",YAK:GE:JA:9e782613-0d72:0630021,Right,YAK:THOMAS:9e782613-0d72:0936209,Stretch,8,Top,2,1,1,Changeup,Fastball,StrikeSwinging,,,,0,0,,82.5,-2.14,-2.82,1567.8,241.55,2:00,6.19,1.25,6.0,-31.46,11.42,15.45,1.55,-0.11,74.01,-8.03,0.09,,,,,,,,,,,,,-9.52,7.06,-1.04,50.0,6.0,5.47,-119.71,-5.37,-12.98,28.16,-22.55,YAK:NKUHOM:9e782613-0d72:0744411,YAK:THOMAS:9e782613-0d72:0936209,,,,b8025265-b0e8-4bba-9e12-d05e1860d054,25d31e5e-91b8-dcbd-5043-29df97e16405,82.73,6.18,1.26,-2.12,-2.92,74.19,1.55,-0.12,-7.98,-0.01,0.47,16.39,9.65,-23.23,29.97,1440.65,-618.48,91.89,-0.44,-0.39,-0.81,,,,,,,,,,,,,,,,,1.0,,,,medium,high,63.03,-59.72,54.5,"Turner, Tyler",YAK:TU:TY:9e782613-0d72:0703730,YAK:NKUHOM:9e782613-0d72:0744411,2022-11,FALSE,,FALSE,,,,,,,,,,,,,,,,,,,,,,,,,,,,,,,,,,,,,,,,,,,,,,,,,
251,2026-09-15,17:57:42,3,4,"Teke, Jared",YAK:TE:JA:9e782613-0d72:0641893,Right,YAK:NKUHOM:9e782613-0d72:0744411,"Geers, Jack",YAK:GE:JA:9e782613-0d72:0630021,Right,YAK:THOMAS:9e782613-0d72:0936209,Stretch,8,Top,2,1,2,Changeup,Changeup,BallCalled,,,,0,0,,84.93,-3.48,-3.29,1828.14,250.82,2:15,5.96,0.88,6.0,-31.69,8.9,16.78,0.05,-0.81,76.34,-9.38,-0.13,,,,,,,,,,,,,-10.42,6.15,-0.63,50.0,5.67,6.59,-123.04,-8.41,-15.01,29.77,-23.31,YAK:NKUHOM:9e782613-0d72:0744411,YAK:THOMAS:9e782613-0d72:0936209,,,,b8025265-b0e8-4bba-9e12-d05e1860d054,ffef6889-ee7f-0e60-14ff-3425e394002c,85.15,5.96,0.89,-3.45,-3.4,76.52,0.05,-0.82,-9.33,-0.24,0.46,17.84,7.18,-27.21,40.3,1625.85,-835.88,88.93,-0.29,-0.46,-0.84,,,,,,,,,,,,,,,,,1.0,,,,medium,high,53.73,-48.29,54.5,"Turner, Tyler",YAK:TU:TY:9e782613-0d72:0703730,YAK:NKUHOM:9e782613-0d72:0744411,2022-11,FALSE,,FALSE,,,,,,,,,,,,,,,,,,,,,,,,,,,,,,,,,,,,,,,,,,,,,,,,,
252,2026-09-15,17:58:02,3,5,"Teke, Jared",YAK:TE:JA:9e782613-0d72:0641893,Right,YAK:NKUHOM:9e782613-0d72:0744411,"Geers, Jack",YAK:GE:JA:9e782613-0d72:0630021,Right,YAK:THOMAS:9e782613-0d72:0936209,Stretch,8,Top,2,2,2,Slider,Slider,InPlay,,LineDrive,Out,1,0,,78.7,1.63,-0.53,2301.82,65.68,8:15,5.19,0.8,6.0,-48.48,-1.27,-11.17,2.68,-0.63,70.33,-7.48,-2.64,,94.23,21.15,-18.3,1352.73,35.81,,,306.84,,-26.29,3.52,5.95,-1.31,-0.76,50.0,5.29,1.37,-114.33,1.95,7.36,26.71,-33.8,YAK:NKUHOM:9e782613-0d72:0744411,YAK:THOMAS:9e782613-0d72:0936209,,,,b8025265-b0e8-4bba-9e12-d05e1860d054,e149e36a-aa65-3f4b-0b03-2bcde36e56ac,78.91,5.18,0.8,1.76,-0.54,70.48,2.69,-0.63,-7.34,-2.64,0.49,-11.15,-4.4,-62.46,29.91,1064.26,-2041.01,46.24,0.19,-0.89,0.42,-27.6,83.44,34.0,0.55,1.71,2.82,-135.92,275.09,-53.89,23.79,0.69,0.65,0.13,0.75,,,1.0,,0.99,55.68,medium,high,63.08,44.48,54.5,"Turner, Tyler",YAK:TU:TY:9e782613-0d72:0703730,YAK:NKUHOM:9e782613-0d72:0744411,2022-11,FALSE,,FALSE,,1.01,3,63.21,1,83.85,4,-0.03,3,-31.07,4,33.08,5,36.57,0,0.57,5,-36.49,1,50.29,0,29.49,3,-2.38,5,24.1,,1.4,,14.3,,-2.3,,24.1,,14.5,,626.81,,947.71,,988.32,,15,,44,,55,
,2026-09-15,17:58:39,,,,,,,,,,,,,,,,,,Fastball,,,,,,,,92.17,-0.55,0.26,2478.24,206.27,1:00,6.24,1.3,6.0,-16.12,18.18,7.62,4.38,2.17,82.07,-3.58,1.7,,,,,,,,,,,,,-4.1,10.2,-1.32,50.0,6.19,-0.85,-133.98,-1.79,-6.98,35.82,-14.78,,,,,,,ed51e256-5023-3f2d-56cd-e03a303ac59b,92.45,6.25,1.3,-0.58,0.2,82.31,4.38,2.17,-3.6,1.64,0.42,8.16,17.18,-37.89,61.61,1955.81,-1522.0,78.92,-0.71,-0.61,-0.35,,,,,,,,,,,,,,,,,0.99,,,,medium,high,34.55,53.29,54.5,,,,2022-11,FALSE,,FALSE,,,,,,,,,,,,,,,,,,,,,,,,,,,,,,,,,,,,,,,,,,,,,,,,,
,2026-09-15,17:58:49,,,,,,,,,,,,,,,,,,Fastball,,,,,,,,90.45,-1.75,-0.76,2355.58,209.47,1:00,6.22,0.81,6.0,-16.29,19.3,9.1,3.22,0.85,80.74,-4.81,0.95,,,,,,,,,,,,,-5.28,11.25,-0.75,50.0,6.08,1.46,-131.43,-4.52,-8.68,34.02,-13.69,,,,,,,1806b8bb-a4b7-84f0-9de0-7862db97822c,90.73,6.22,0.81,-1.79,-0.82,80.96,3.22,0.85,-4.83,0.89,0.43,9.7,18.34,-30.27,81.58,2034.47,-1187.3,86.37,-0.75,-0.5,-0.42,,,,,,,,,,,,,,,,,0.99,,,,medium,high,16.58,55.63,54.5,,,,2022-11,FALSE,,FALSE,,,,,,,,,,,,,,,,,,,,,,,,,,,,,,,,,,,,,,,,,,,,,,,,,
,2026-09-15,17:58:59,,,,,,,,,,,,,,,,,,Fastball,,,,,,,,92.02,-2.02,0.44,2333.93,205.62,12:45,6.39,0.56,6.0,-15.8,18.61,7.3,3.17,1.59,82.14,-4.99,1.82,,,,,,,,,,,,,-3.85,10.97,-0.6,50,6.22,-1.26,-133.69,-5.21,-6.55,35.32,-13.53,,,,,,,ef7c6464-d676-6e3b-4e41-9729c94bc3ac,92.3,6.39,0.57,-2.06,0.39,82.37,3.17,1.58,-5.01,1.76,0.42,7.8,17.65,-34.56,88.28,1922.18,-1323.8,82.36,-0.74,-0.57,-0.36,,,,,,,,,,,,,,,,,1.0,,,,medium,high,10.55,88.84,54.5,,,,2022-11,FALSE,,FALSE,,,,,,,,,,,,,,,,,,,,,,,,,,,,,,,,,,,,,,,,,,,,,,,,,
,2026-09-15,17:59:11,,,,,,,,,,,,,,,,,,Fastball,,,,,,,,91.42,-1.61,0.65,2432.78,202.7,12:45,6.27,0.96,6.0,-16.32,18.54,6.26,3.4,2.09,81.57,-4.68,1.83,,,,,,,,,,,,,-3.21,10.78,-1.01,50.0,6.13,-1.7,-132.85,-4.24,-5.38,34.96,-14.08,,,,,,,a90c6136-b861-f9d9-b5b1-259874cf5a86,91.7,6.27,0.96,-1.64,0.6,81.8,3.4,2.08,-4.69,1.78,0.42,6.73,17.54,-38.03,57.22,1916.41,-1498.61,78.77,-0.73,-0.62,-0.3,,,,,,,,,,,,,,,,,1.0,,,,medium,high,38.51,51.21,54.5,,,,2022-11,FALSE,,FALSE,,,,,,,,,,,,,,,,,,,,,,,,,,,,,,,,,,,,,,,,,,,,,,,,,
,2026-09-15,17:59:26,,,,,,,,,,,,,,,,,,Fastball,,,,,,,,91.18,-1.62,-1.07,2340.05,206.22,12:45,6.29,0.56,6.0,-16.31,18.72,7.46,3.42,0.17,81.36,-4.68,0.34,,,,,,,,,,,,,-4.49,10.88,-0.47,50.0,6.16,2.25,-132.49,-4.24,-7.5,34.58,-14.0,,,,,,,83375c74-3d6e-a2ee-3986-07f697c09eb2,91.46,6.3,0.56,-1.65,-1.13,81.59,3.42,0.17,-4.7,0.28,0.43,7.99,17.75,-35.77,81.26,1898.64,-1367.85,81.14,-0.73,-0.58,-0.36,,,,,,,,,,,,,,,,,1.0,,,,medium,high,16.86,-72.43,54.5,,,,2022-11,FALSE,,FALSE,,,,,,,,,,,,,,,,,,,,,,,,,,,,,,,,,,,,,,,,,,,,,,,,,
,2026-09-15,17:59:39,,,,,,,,,,,,,,,,,,Fastball,,,,,,,,83.63,-2.03,-4.83,2300.99,244.71,2:15,5.92,1.36,6.0,-29.48,12.34,21.5,1.54,-1.4,74.96,-7.55,-0.79,,,,,,,,,,,,,-13.53,7.51,-0.99,50.0,5.74,9.62,-121.1,-5.16,-18.93,28.3,-21.67,,,,,,,02140295-9df7-35e0-25e3-59bb7e5990b0,83.85,5.92,1.37,-2.01,-4.94,75.13,1.55,-1.4,-7.51,-0.91,0.47,22.61,10.7,6.1,41.4,2287.94,244.66,99.43,-0.42,0.11,-0.9,,,,,,,,,,,,,,,,,0.99,,,,medium,high,52.74,-78.4,54.5,,,,2022-11,FALSE,,FALSE,,,,,,,,,,,,,,,,,,,,,,,,,,,,,,,,,,,,,,,,,,,,,,,,,
,2026-09-15,17:59:53,,,,,,,,,,,,,,,,,,Curveball,,,,,,,,85.55,-0.77,-1.12,2412.96,28.7,7:00,5.68,0.46,6.0,-42.26,-2.3,-4.72,1.43,-0.99,76.64,-8.69,-2.01,,,,,,,,,,,,,2.18,-0.98,-0.37,50.0,5.6,2.57,-124.3,-2.91,3.18,31.63,-33.6,,,,,,,f3a9938f-ca51-3739-b808-aea5283e5407,85.78,5.67,0.46,-0.66,-1.16,76.81,1.44,-0.99,-8.57,-2.04,0.45,-4.38,-4.97,-75.46,84.62,605.7,-2335.71,25.1,0.22,-0.97,0.12,,,,,,,,,,,,,,,,,1.0,,,,medium,high,13.84,6.06,54.5,,,,2022-11,FALSE,,FALSE,,,,,,,,,,,,,,,,,,,,,,,,,,,,,,,,,,,,,,,,,,,,,,,,,
,2026-09-15,18:00:04,,,,,,,,,,,,,,,,,,Curveball,,,,,,,,80.39,1.2,0.22,2563.49,38.35,7:15,5.56,0.57,6.0,-57.76,-12.41,-13.21,1.88,-0.33,72.04,-9.63,-2.28,,,,,,,,,,,,,7.36,-7.3,-0.58,50.0,5.63,-0.09,-116.78,0.88,9.48,28.44,-41.57,,,,,,,d3553d0e-fe93-76c5-fc28-968c09d1da73,80.54,5.55,0.56,1.4,0.24,72.12,1.89,-0.32,-9.44,-2.25,0.48,-13.4,-16.11,-38.22,71.5,2014.01,-1585.96,78.57,0.62,-0.62,0.49,,,,,,,,,,,,,,,,,0.99,,,,medium,high,25.65,20.32,54.5,,,,2022-11,FALSE,,FALSE,,,,,,,,,,,,,,,,,,,,,,,,,,,,,,,,,,,,,,,,,,,,,,,,,
,2026-09-15,18:00:15,,,,,,,,,,,,,,,,,,Fastball,,,,,,,,90.17,-1.34,-0.4,2216.59,205.25,12:45,6.19,0.61,6.0,-16.81,18.99,7.4,3.53,0.85,80.43,-4.5,0.99,,,,,,,,,,,,,-4.22,10.93,-0.58,50.0,6.07,0.69,-131.04,-3.58,-6.89,33.94,-14.31,,,,,,,ec4d41ee-6c88-fa34-ace0-c2677ae96ef4,90.44,6.19,0.62,-1.37,-0.46,80.66,3.53,0.85,-4.52,0.94,0.43,7.92,17.97,-32.96,81.51,1859.83,-1205.94,83.91,-0.76,-0.54,-0.36,,,,,,,,,,,,,,,,,0.99,,,,medium,high,16.64,-71.55,54.5,,,,2022-11,FALSE,,FALSE,,,,,,,,,,,,,,,,,,,,,,,,,,,,,,,,,,,,,,,,,,,,,,,,,
253,2026-09-15,18:00:47,1,1,"Adkins, Karson",YAK:AD:KA:9e782613-0d72:0035930,Right,YAK:THOMAS:9e782613-0d72:0936209,"Altman, Jake",YAK:AL:JA:9e782613-0d72:0781326,Left,YAK:NKUHOM:9e782613-0d72:0744411,Stretch,8,Bottom,0,0,0,Fastball,Fastball,StrikeCalled,,,,0,0,,92.99,-3.73,-0.2,2326.46,206.73,1:00,6.26,0.31,6.0,-13.9,19.84,8.11,1.59,0.81,83.21,-6.33,1.33,,,,,,,,,,,,,-4.53,12.24,-0.3,50,5.96,0.2,-134.92,-9.24,-7.86,35.46,-10.94,YAK:NKUHOM:9e782613-0d72:0744411,YAK:THOMAS:9e782613-0d72:0936209,,,,b8025265-b0e8-4bba-9e12-d05e1860d054,6eae5dac-80e0-9745-6efe-7e416eb69bec,93.26,6.26,0.32,-3.77,-0.25,83.44,1.59,0.8,-6.36,1.28,0.42,8.62,19.03,-27.44,86.02,2064.64,-1072.22,88.75,-0.79,-0.46,-0.4,,,,,,,,,,,,,,,,,1.0,,,,medium,high,12.58,-84.47,54.5,"Marushi, Brady",YAK:MA:BR:9e782613-0d72:0325650,YAK:THOMAS:9e782613-0d72:0936209,2022-11,FALSE,,FALSE,,,,,,,,,,,,,,,,,,,,,,,,,,,,,,,,,,,,,,,,,,,,,,,,,
254,2026-09-15,18:01:00,1,2,"Adkins, Karson",YAK:AD:KA:9e782613-0d72:0035930,Right,YAK:THOMAS:9e782613-0d72:0936209,"Altman, Jake",YAK:AL:JA:9e782613-0d72:0781326,Left,YAK:NKUHOM:9e782613-0d72:0744411,Stretch,8,Bottom,0,0,1,Changeup,Fastball,BallCalled,,,,0,0,,84.52,-2.46,-4.4,2185.57,246.37,2:15,5.89,1.36,6.0,-29.35,11.6,21.18,1.12,-1.01,75.8,-7.94,-0.42,,,,,,,,,,,,,-13.2,7.25,-1.03,50.0,5.68,8.8,-122.42,-6.12,-18.87,29.04,-21.81,YAK:NKUHOM:9e782613-0d72:0744411,YAK:THOMAS:9e782613-0d72:0936209,,,,b8025265-b0e8-4bba-9e12-d05e1860d054,2778f93b-d2b0-3e96-ae0b-1aa5ffe3e132,84.74,5.88,1.37,-2.43,-4.51,75.97,1.13,-1.01,-7.9,-0.53,0.46,22.3,9.97,1.44,21.69,2184.89,54.78,99.97,-0.4,0.03,-0.92,,,,,,,,,,,,,,,,,0.99,,,,medium,high,70.48,-50.14,54.5,"Marushi, Brady",YAK:MA:BR:9e782613-0d72:0325650,YAK:THOMAS:9e782613-0d72:0936209,2022-11,FALSE,,FALSE,,,,,,,,,,,,,,,,,,,,,,,,,,,,,,,,,,,,,,,,,,,,,,,,,
255,2026-09-15,18:01:14,1,3,"Adkins, Karson",YAK:AD:KA:9e782613-0d72:0035930,Right,YAK:THOMAS:9e782613-0d72:0936209,"Altman, Jake",YAK:AL:JA:9e782613-0d72:0781326,Left,YAK:NKUHOM:9e782613-0d72:0744411,Stretch,8,Bottom,0,1,1,Fastball,Fastball,StrikeCalled,,,,0,0,,90.78,-1.66,-0.31,2328.72,203.12,12:45,6.21,0.55,6.0,-16.6,18.73,6.39,3.26,0.8,81.01,-4.78,0.9,,,,,,,,,,,,,-3.63,10.9,-0.53,50.0,6.07,0.51,-131.91,-4.34,-6.0,34.33,-14.12,YAK:NKUHOM:9e782613-0d72:0744411,YAK:THOMAS:9e782613-0d72:0936209,,,,b8025265-b0e8-4bba-9e12-d05e1860d054,75447113-dcde-8f4c-5dbf-d75664111afb,91.05,6.21,0.56,-1.69,-0.36,81.24,3.26,0.79,-4.8,0.85,0.43,6.87,17.73,-36.96,60.82,1860.82,-1400.1,79.91,-0.73,-0.6,-0.31,,,,,,,,,,,,,,,,,1.0,,,,medium,high,35.26,71.25,54.5,"Marushi, Brady",YAK:MA:BR:9e782613-0d72:0325650,YAK:THOMAS:9e782613-0d72:0936209,2022-11,FALSE,,FALSE,,,,,,,,,,,,,,,,,,,,,,,,,,,,,,,,,,,,,,,,,,,,,,,,,
256,2026-09-15,18:01:31,1,4,"Adkins, Karson",YAK:AD:KA:9e782613-0d72:0035930,Right,YAK:THOMAS:9e782613-0d72:0936209,"Altman, Jake",YAK:AL:JA:9e782613-0d72:0781326,Left,YAK:NKUHOM:9e782613-0d72:0744411,Stretch,8,Bottom,0,1,2,Curveball,Curveball,InPlay,,FlyBall,Out,1,0,,79.74,1.97,1.32,2483.81,36.21,7:15,5.58,0.52,6.0,-61.15,-15.04,-13.65,2.33,0.62,71.4,-9.51,-1.27,,77.09,35.04,-23.88,2779.68,47.55,,,229.16,,-13.63,3.26,8.03,-9.04,-0.62,50.0,5.7,-2.29,-115.77,2.33,10.16,27.81,-43.62,YAK:NKUHOM:9e782613-0d72:0744411,YAK:THOMAS:9e782613-0d72:0936209,,,,b8025265-b0e8-4bba-9e12-d05e1860d054,e4329e5f-eca8-a578-5df0-3ba61beff984,79.88,5.56,0.52,2.17,1.35,71.46,2.34,0.62,-9.31,-1.23,0.49,-14.0,-18.86,-27.03,73.03,2212.6,-1128.59,89.08,0.72,-0.45,0.53,-25.55,57.72,44.25,-0.58,0.57,2.29,-54.0,222.71,45.14,-0.6,-0.4,-0.32,-0.19,-0.93,,,1.0,,1,41.29,medium,high,24.28,-0.04,54.5,"Marushi, Brady",YAK:MA:BR:9e782613-0d72:0325650,YAK:THOMAS:9e782613-0d72:0936209,2022-11,FALSE,,FALSE,,0.95,5,84.75,3,97.2,5,-0.11,5,-27.55,5,28.61,5,7.55,3,0.54,5,-32.19,2,6.76,4,26.21,3,-10.41,3,5.2,,-16.6,,14.6,,-24.5,,17.4,,29,,531.93,,662.07,,671.63,,23.9,,38.6,,45.9,
257,2026-09-15,18:02:22,2,1,"Adkins, Karson",YAK:AD:KA:9e782613-0d72:0035930,Right,YAK:THOMAS:9e782613-0d72:0936209,"Fernandez, Mayo",YAK:FE:MA:9e782613-0d72:0091969,Right,YAK:NKUHOM:9e782613-0d72:0744411,Stretch,8,Bottom,1,0,1,Slider,Curveball,BallCalled,,,,0,0,,86.62,-1.99,-1.62,2311.04,356.79,6:00,5.93,0.33,6.0,-39.37,-0.36,-2.06,0.78,-1.37,77.72,-9.34,-2.01,,,,,,,,,,,,,0.53,0.55,-0.2,50.0,5.76,3.62,-125.76,-5.53,0.79,32.28,-31.35,YAK:NKUHOM:9e782613-0d72:0744411,YAK:THOMAS:9e782613-0d72:0936209,,,,b8025265-b0e8-4bba-9e12-d05e1860d054,c9e27f27-73a7-a945-1a02-af0488bca71e,86.85,5.93,0.33,-1.9,-1.67,77.89,0.79,-1.37,-9.24,-2.05,0.45,-1.61,-2.81,-81.75,72.36,331.72,-2287.11,14.35,0.14,-0.99,-0.01,,,,,,,,,,,,,,,,,1.0,,,,medium,high,24.87,22.79,54.5,"Marushi, Brady",YAK:MA:BR:9e782613-0d72:0325650,YAK:THOMAS:9e782613-0d72:0936209,2022-11,FALSE,,FALSE,,,,,,,,,,,,,,,,,,,,,,,,,,,,,,,,,,,,,,,,,,,,,,,,,
258,2026-09-15,18:02:37,2,2,"Adkins, Karson",YAK:AD:KA:9e782613-0d72:0035930,Right,YAK:THOMAS:9e782613-0d72:0936209,"Fernandez, Mayo",YAK:FE:MA:9e782613-0d72:0091969,Right,YAK:NKUHOM:9e782613-0d72:0744411,Stretch,8,Bottom,1,1,1,Fastball,Fastball,StrikeCalled,,,,0,0,,91.47,-1.69,-1.41,2363.02,202.82,12:45,6.2,0.04,6.0,-15.75,19.06,6.36,3.3,-0.75,81.61,-4.65,-0.21,,,,,,,,,,,,,-4.01,11.09,0.07,50.0,6.06,3.07,-132.88,-4.42,-6.73,34.74,-13.53,YAK:NKUHOM:9e782613-0d72:0744411,YAK:THOMAS:9e782613-0d72:0936209,,,,b8025265-b0e8-4bba-9e12-d05e1860d054,19f4ba79-e1f6-c324-6f3b-a22783e233cc,91.74,6.2,0.04,-1.73,-1.46,81.84,3.3,-0.76,-4.67,-0.26,0.42,6.82,18.12,-36.97,82.09,1887.85,-1421.22,79.89,-0.74,-0.6,-0.31,,,,,,,,,,,,,,,,,0.99,,,,medium,high,16.12,-79.51,54.5,"Marushi, Brady",YAK:MA:BR:9e782613-0d72:0325650,YAK:THOMAS:9e782613-0d72:0936209,2022-11,FALSE,,FALSE,,,,,,,,,,,,,,,,,,,,,,,,,,,,,,,,,,,,,,,,,,,,,,,,,
259,2026-09-15,18:02:54,2,3,"Adkins, Karson",YAK:AD:KA:9e782613-0d72:0035930,Right,YAK:THOMAS:9e782613-0d72:0936209,"Fernandez, Mayo",YAK:FE:MA:9e782613-0d72:0091969,Right,YAK:NKUHOM:9e782613-0d72:0744411,Stretch,8,Bottom,1,1,2,Fastball,Fastball,BallCalled,,,,0,0,,90.93,-1.17,-2.12,2342.65,201.17,12:45,6.45,0.3,6.0,-15.55,19.69,6.12,4.05,-1.18,81.06,-4.1,-0.96,,,,,,,,,,,,,-4.13,11.25,-0.14,50.0,6.35,4.69,-132.08,-3.19,-6.86,34.35,-13.49,YAK:NKUHOM:9e782613-0d72:0744411,YAK:THOMAS:9e782613-0d72:0936209,,,,b8025265-b0e8-4bba-9e12-d05e1860d054,9413ae8e-d3f5-e57d-3fee-9ceb6405147d,91.21,6.45,0.31,-1.21,-2.16,81.29,4.05,-1.18,-4.12,-1.01,0.43,6.57,18.76,-35.71,65.77,1902.26,-1367.26,81.2,-0.76,-0.58,-0.29,,,,,,,,,,,,,,,,,0.93,,,,medium,high,30.81,64.04,54.5,"Marushi, Brady",YAK:MA:BR:9e782613-0d72:0325650,YAK:THOMAS:9e782613-0d72:0936209,2022-11,FALSE,,FALSE,,,,,,,,,,,,,,,,,,,,,,,,,,,,,,,,,,,,,,,,,,,,,,,,,
260,2026-09-15,18:03:09,2,4,"Adkins, Karson",YAK:AD:KA:9e782613-0d72:0035930,Right,YAK:THOMAS:9e782613-0d72:0936209,"Fernandez, Mayo",YAK:FE:MA:9e782613-0d72:0091969,Right,YAK:NKUHOM:9e782613-0d72:0744411,Stretch,8,Bottom,1,2,2,Curveball,Curveball,InPlay,,Popup,Out,1,0,,80.26,1.23,0.86,2468.0,32.48,7:00,5.52,0.27,6.0,-58.85,-13.35,-11.31,1.78,0.13,71.94,-9.8,-1.28,,72.86,55.18,37.67,,91.52,,,209.69,,37.36,4.75,6.56,-7.83,-0.33,50.0,5.59,-1.44,-116.58,0.91,8.42,28.27,-42.23,YAK:NKUHOM:9e782613-0d72:0744411,YAK:THOMAS:9e782613-0d72:0936209,,,,b8025265-b0e8-4bba-9e12-d05e1860d054,9d9c2278-3486-c2a6-98d1-eebfef2ba102,80.41,5.51,0.27,1.42,0.87,72.01,1.79,0.14,-9.61,-1.27,0.49,-11.38,-17.06,-39.2,72.68,1912.64,-1559.75,77.5,0.65,-0.63,0.42,25.42,32.93,59.82,-0.23,1.33,1.79,127.25,166.66,,,,,,,,,0.96,,,35.06,medium,high,24.59,32.72,54.5,"Marushi, Brady",YAK:MA:BR:9e782613-0d72:0325650,YAK:THOMAS:9e782613-0d72:0936209,2022-11,FALSE,,FALSE,,0.87,5,101.09,5,122.66,3,-0.1,5,-6.06,4,34.49,5,7.13,3,0.59,5,-0.05,5,9.1,5,21.59,4,12.01,3,18.9,,-7.7,,19.6,,0.2,,20.5,,19.6,,510.55,,839.11,,918.73,,21.9,,36,,51.5,
261,2026-09-15,18:03:43,3,1,"Adkins, Karson",YAK:AD:KA:9e782613-0d72:0035930,Right,YAK:THOMAS:9e782613-0d72:0936209,"Andersen, Austin",YAK:AN:AU:9e782613-0d72:0885352,Right,YAK:NKUHOM:9e782613-0d72:0744411,Stretch,8,Bottom,2,0,0,Curveball,Curveball,BallCalled,,,,0,0,,80.34,0.79,-0.26,2527.95,33.55,7:00,5.54,0.48,6.0,-57.84,-12.42,-11.53,1.47,-0.73,72.07,-10.04,-2.44,,,,,,,,,,,,,6.25,-7.16,-0.45,50.0,5.58,0.85,-116.73,0.05,8.04,28.53,-41.37,YAK:NKUHOM:9e782613-0d72:0744411,YAK:THOMAS:9e782613-0d72:0936209,,,,b8025265-b0e8-4bba-9e12-d05e1860d054,665fcd67-fcf7-c914-02c0-0e18306629ae,80.5,5.53,0.48,0.98,-0.26,72.15,1.48,-0.73,-9.86,-2.43,0.48,-11.58,-16.14,-41.54,61.27,1892.29,-1676.24,74.85,0.62,-0.66,0.41,,,,,,,,,,,,,,,,,1.0,,,,medium,high,34.86,11.75,54.5,"Marushi, Brady",YAK:MA:BR:9e782613-0d72:0325650,YAK:THOMAS:9e782613-0d72:0936209,2022-11,FALSE,,FALSE,,,,,,,,,,,,,,,,,,,,,,,,,,,,,,,,,,,,,,,,,,,,,,,,,
262,2026-09-15,18:03:58,3,2,"Adkins, Karson",YAK:AD:KA:9e782613-0d72:0035930,Right,YAK:THOMAS:9e782613-0d72:0936209,"Andersen, Austin",YAK:AN:AU:9e782613-0d72:0885352,Right,YAK:NKUHOM:9e782613-0d72:0744411,Stretch,8,Bottom,2,1,0,Fastball,Fastball,InPlay,,GroundBall,Out,1,0,,91.25,-2.48,-1.28,2366.88,204.47,12:45,6.29,0.25,6.0,-15.57,19.41,6.98,2.67,-0.37,81.53,-5.4,0.04,,,,,,,,,,,,,-4.29,11.56,-0.15,50.0,6.09,2.73,-132.52,-6.21,-7.18,34.36,-12.83,YAK:NKUHOM:9e782613-0d72:0744411,YAK:THOMAS:9e782613-0d72:0936209,,,,b8025265-b0e8-4bba-9e12-d05e1860d054,3c9814a7-b05c-fb2a-c4bd-a5d31b46471c,91.53,6.29,0.25,-2.51,-1.33,81.76,2.67,-0.37,-5.42,-0.01,0.43,7.47,18.51,-34.38,74.9,1953.38,-1336.57,82.53,-0.75,-0.56,-0.34,,,,,,,,,,,,,,,,,0.99,,,,medium,high,22.59,55.59,54.5,"Marushi, Brady",YAK:MA:BR:9e782613-0d72:0325650,YAK:THOMAS:9e782613-0d72:0936209,2022-11,FALSE,,FALSE,,,,,,,,,,,,,,,,,,,,,,,,,,,,,,,,,,,,,,,,,,,,,,,,,
,2026-09-15,18:04:46,,,,,,,,,,,,,,,,,,Fastball,,,,,,,,92.14,-1.96,-2.12,2022.34,233.54,1:45,5.77,0.88,6.0,-20.6,13.75,15.21,2.21,0.16,82.31,-5.82,0.75,,,,,,,,,,,,,-9.13,8.27,-0.72,50.0,5.61,4.46,-133.78,-5.23,-15.55,35.26,-18.09,,,,,,,d36c9da0-56ef-a294-812b-a3a7fd6ced8b,92.4,5.77,0.89,-1.97,-2.21,82.52,2.21,0.15,-5.82,0.66,0.42,16.12,12.58,-23.19,75.55,1858.98,-796.28,91.92,-0.55,-0.39,-0.74,,,,,,,,,,,,,,,,,1.0,,,,medium,high,22.0,72.72,54.5,,,,2022-11,FALSE,,FALSE,,,,,,,,,,,,,,,,,,,,,,,,,,,,,,,,,,,,,,,,,,,,,,,,,
,2026-09-15,18:05:01,,,,,,,,,,,,,,,,,,Fastball,,,,,,,,93.97,-2.65,-2.81,2114.76,227.78,1:30,5.97,0.62,6.0,-18.03,15.02,13.38,1.98,-0.91,83.98,-6.03,-0.29,,,,,,,,,,,,,-8.37,9.21,-0.41,50.0,5.75,6.27,-136.32,-6.89,-14.81,36.31,-15.87,,,,,,,66952554-f782-a5c8-d1ca-3e6d64810e6b,94.24,5.97,0.63,-2.66,-2.9,84.2,1.98,-0.91,-6.03,-0.38,0.41,14.19,14.03,-28.12,17.2,1865.07,-996.86,88.19,-0.59,-0.47,-0.65,,,,,,,,,,,,,,,,,1.0,,,,medium,high,105.48,13.5,54.5,,,,2022-11,FALSE,,FALSE,,,,,,,,,,,,,,,,,,,,,,,,,,,,,,,,,,,,,,,,,,,,,,,,,
,2026-09-15,18:05:16,,,,,,,,,,,,,,,,,,Slider,,,,,,,,80.51,1.63,-0.16,2516.98,69.8,8:15,5.43,0.38,6.0,-45.55,-0.46,-10.49,3.17,-0.64,71.88,-6.94,-2.14,,,,,,,,,,,,,5.72,-0.87,-0.36,50,5.54,0.61,-116.97,2.08,7.41,27.85,-33.3,,,,,,,d4cc137f-6d7c-d283-5c4e-79245c3ef4ce,80.73,5.42,0.38,1.75,-0.17,72.04,3.18,-0.64,-6.81,-2.14,0.48,-10.44,-3.39,-65.74,53.92,1034.27,-2294.66,41.09,0.14,-0.91,0.39,,,,,,,,,,,,,,,,,1.0,,,,medium,high,41.47,-22.35,54.5,,,,2022-11,FALSE,,FALSE,,,,,,,,,,,,,,,,,,,,,,,,,,,,,,,,,,,,,,,,,,,,,,,,,
,2026-09-15,18:05:29,,,,,,,,,,,,,,,,,,Curveball,,,,,,,,77.14,1.58,1.26,2574.34,51.08,7:45,5.66,0.18,6.0,-58.43,-9.21,-16.07,2.27,0.03,69.14,-9.38,-1.78,,,,,,,,,,,,,9.33,-5.68,-0.27,50.0,5.75,-2.05,-112.03,1.56,11.08,25.88,-38.91,,,,,,,37ef32a6-334f-76c9-ce10-18a1a02d702e,77.29,5.64,0.18,1.76,1.3,69.22,2.28,0.03,-9.2,-1.74,0.5,-16.39,-12.95,-40.16,61.5,1967.32,-1660.39,76.42,0.48,-0.64,0.59,,,,,,,,,,,,,,,,,0.99,,,,medium,high,34.65,-24.17,54.5,,,,2022-11,FALSE,,FALSE,,,,,,,,,,,,,,,,,,,,,,,,,,,,,,,,,,,,,,,,,,,,,,,,,
,2026-09-15,18:05:48,,,,,,,,,,,,,,,,,,Changeup,,,,,,,,86.21,-1.39,-2.91,1588.92,253.38,2:30,5.58,0.96,6.0,-31.95,7.33,15.28,1.61,-0.5,77.17,-7.38,-0.03,,,,,,,,,,,,,-9.46,4.54,-0.74,50.0,5.46,5.91,-125.14,-3.98,-14.09,31.04,-25.42,,,,,,,b3cecb4a-5965-cb72-307a-87b728e0e4f2,86.45,5.58,0.97,-1.35,-3.01,77.35,1.62,-0.51,-7.33,-0.13,0.45,16.26,5.53,-31.53,4.58,1354.28,-831.01,85.23,-0.24,-0.52,-0.82,,,,,,,,,,,,,,,,,1.0,,,,medium,high,85.88,-11.07,54.5,,,,2022-11,FALSE,,FALSE,,,,,,,,,,,,,,,,,,,,,,,,,,,,,,,,,,,,,,,,,,,,,,,,,
,2026-09-15,18:06:10,,,,,,,,,,,,,,,,,,Fastball,,,,,,,,91.83,-2.34,-1.21,2106.75,226.76,1:30,5.82,0.8,6.0,-18.03,16.53,15.13,2.12,0.93,82.06,-5.72,1.64,,,,,,,,,,,,,-8.76,9.94,-0.72,50.0,5.62,2.35,-133.36,-6.01,-14.82,35.06,-15.35,,,,,,,8861df20-0257-fb4b-9afb-9d6e4fd42a37,92.09,5.82,0.81,-2.36,-1.3,82.27,2.12,0.92,-5.73,1.55,0.42,15.98,15.46,-12.65,85.59,2055.65,-461.19,97.57,-0.67,-0.22,-0.71,,,,,,,,,,,,,,,,,1.0,,,,medium,high,12.97,25.28,54.5,,,,2022-11,FALSE,,FALSE,,,,,,,,,,,,,,,,,,,,,,,,,,,,,,,,,,,,,,,,,,,,,,,,,
263,2026-09-15,18:06:44,1,1,"Henderson, Christian",YAK:HE:CH:9e782613-0d72:0282706,Right,YAK:NKUHOM:9e782613-0d72:0744411,"Flack, Lucas",YAK:MA:BR:9e782613-0d72:0325650,Right,YAK:THOMAS:9e782613-0d72:0936209,Stretch,9,Top,0,0,0,Fastball,Fastball,InPlay,,LineDrive,Out,1,0,,93.28,-2.18,-2.65,1994.45,233.79,1:45,5.84,0.45,6.0,-20.74,12.79,13.66,2.06,-0.91,83.35,-6.07,-0.08,,94.14,15.24,19.3,2707.82,23.37,,,264.11,,29.42,2.75,-8.47,7.82,-0.24,50.0,5.65,5.84,-135.38,-5.82,-14.78,36.02,-18.53,YAK:NKUHOM:9e782613-0d72:0744411,YAK:THOMAS:9e782613-0d72:0936209,,,,b8025265-b0e8-4bba-9e12-d05e1860d054,66b4857c-c030-cdd3-47e2-29ef2721eff4,93.55,5.84,0.45,-2.19,-2.74,83.56,2.06,-0.91,-6.07,-0.17,0.42,14.52,11.64,-31.98,9.18,1691.83,-1056.2,84.83,-0.5,-0.53,-0.68,30.02,85.72,24.75,0.75,0.83,1.99,129.73,230.06,57.32,24.15,0.59,0.58,0.1,-0.81,,,1.0,,1.0,52.41,medium,high,98.26,-10.41,54.5,"Turner, Tyler",YAK:TU:TY:9e782613-0d72:0703730,YAK:NKUHOM:9e782613-0d72:0744411,2022-11,FALSE,,FALSE,,0.9,5,84.07,3,95.37,5,-0.07,5,-19.33,5,43.24,3,6.78,3,0.54,5,-25.22,3,6.32,4,29.05,3,-4.99,5,21.9,,-7.8,,12.1,,-5,,23.4,,13.1,,575.67,,952.95,,915.79,,24.3,,41.8,,52.7,
264,2026-09-15,18:07:15,2,1,"Henderson, Christian",YAK:HE:CH:9e782613-0d72:0282706,Right,YAK:NKUHOM:9e782613-0d72:0744411,"McCarty, Noah",YAK:MA:BR:9e782613-0d72:0325650,Right,YAK:THOMAS:9e782613-0d72:0936209,,9,Top,1,0,0,,Slider,,,,,,,,82.19,-0.58,-0.66,2362.36,66.61,8:15,5.82,0.65,6.0,-42.72,0.53,-7.58,1.72,-0.6,73.67,-8.58,-2.09,,,,,,,,,,,,,3.93,0.51,-0.59,50,5.75,1.58,-119.43,-2.4,5.31,29.07,-31.48,YAK:NKUHOM:9e782613-0d72:0744411,YAK:THOMAS:9e782613-0d72:0936209,,,,b8025265-b0e8-4bba-9e12-d05e1860d054,ff9a57a3-a3af-2ed5-12c2-293650329603,82.41,5.81,0.65,-0.47,-0.68,73.83,1.72,-0.6,-8.46,-2.1,0.47,-7.39,-2.21,-74.72,72.63,622.46,-2278.88,26.35,0.1,-0.96,0.24,,,,,,,,,,,,,,,,,0.98,,,,medium,high,24.63,13.73,54.5,"Turner, Tyler",YAK:TU:TY:9e782613-0d72:0703730,YAK:NKUHOM:9e782613-0d72:0744411,2022-11,FALSE,,FALSE,,,,,,,,,,,,,,,,,,,,,,,,,,,,,,,,,,,,,,,,,,,,,,,,,
265,2026-09-15,18:07:31,2,2,"Henderson, Christian",YAK:HE:CH:9e782613-0d72:0282706,Right,YAK:NKUHOM:9e782613-0d72:0744411,"McCarty, Noah",YAK:MA:BR:9e782613-0d72:0325650,Right,YAK:THOMAS:9e782613-0d72:0936209,,9,Top,1,0,1,,Slider,,,,,,,,83.25,0.18,-1.09,2373.08,72.11,8:30,5.51,0.16,6.0,-41.38,0.78,-8.84,2.23,-1.6,74.46,-7.59,-2.76,,,,,,,,,,,,,4.46,0.36,-0.07,50.0,5.5,2.55,-120.97,-0.79,6.18,29.85,-31.67,YAK:NKUHOM:9e782613-0d72:0744411,YAK:THOMAS:9e782613-0d72:0936209,,,,b8025265-b0e8-4bba-9e12-d05e1860d054,1cafe982-b1fe-d512-d8f5-bd128aec5193,83.48,5.5,0.16,0.28,-1.1,74.63,2.23,-1.6,-7.47,-2.76,0.47,-8.74,-1.9,-70.88,80.99,777.13,-2242.23,32.75,0.1,-0.94,0.31,,,,,,,,,,,,,,,,,1.0,,,,medium,high,17.11,-63.55,54.5,"Turner, Tyler",YAK:TU:TY:9e782613-0d72:0703730,YAK:NKUHOM:9e782613-0d72:0744411,2022-11,FALSE,,FALSE,,,,,,,,,,,,,,,,,,,,,,,,,,,,,,,,,,,,,,,,,,,,,,,,,
266,2026-09-15,18:07:50,2,3,"Henderson, Christian",YAK:HE:CH:9e782613-0d72:0282706,Right,YAK:NKUHOM:9e782613-0d72:0744411,"McCarty, Noah",YAK:MA:BR:9e782613-0d72:0325650,Right,YAK:THOMAS:9e782613-0d72:0936209,,9,Top,1,1,1,,Fastball,,,,,,,,93.82,-1.0,-1.57,2061.98,237.07,2:00,5.55,0.42,6.0,-21.56,11.55,14.21,2.81,0.13,83.67,-5.06,1.11,,,,,,,,,,,,,-8.39,6.72,-0.3,50.0,5.46,3.28,-136.32,-3.08,-14.82,36.97,-20.3,YAK:NKUHOM:9e782613-0d72:0744411,YAK:THOMAS:9e782613-0d72:0936209,,,,b8025265-b0e8-4bba-9e12-d05e1860d054,32591a59-a48d-16ff-5466-2c7478e39a1c,94.09,5.55,0.43,-1.0,-1.67,83.89,2.82,0.12,-5.05,1.01,0.41,15.11,10.32,-33.56,,1718.24,-1139.93,83.33,-0.45,-0.55,-0.7,,,,,,,,,,,,,,,,,1,,,,medium,high,,,54.5,"Turner, Tyler",YAK:TU:TY:9e782613-0d72:0703730,YAK:NKUHOM:9e782613-0d72:0744411,2022-11,FALSE,,FALSE,,,,,,,,,,,,,,,,,,,,,,,,,,,,,,,,,,,,,,,,,,,,,,,,,
267,2026-09-15,18:08:21,2,4,"Henderson, Christian",YAK:HE:CH:9e782613-0d72:0282706,Right,YAK:NKUHOM:9e782613-0d72:0744411,"McCarty, Noah",YAK:MA:BR:9e782613-0d72:0325650,Right,YAK:THOMAS:9e782613-0d72:0936209,,9,Top,1,1,2,,Slider,,,,,,,,83.69,0.75,0.54,2324.73,67.81,8:15,5.52,0.44,6.0,-42.36,-0.67,-8.98,2.69,0.2,74.77,-7.21,-1.16,,76.71,36.83,64.82,3290.2,65.09,,,262.74,,75.81,4.44,5.14,-0.65,-0.48,50.0,5.56,-0.89,-121.62,0.38,7.21,30.01,-33.08,YAK:NKUHOM:9e782613-0d72:0744411,YAK:THOMAS:9e782613-0d72:0936209,,,,b8025265-b0e8-4bba-9e12-d05e1860d054,b52ba839-9c6d-7845-c0e2-1f8c3d60aa33,83.91,5.51,0.44,0.86,0.53,74.94,2.7,0.2,-7.09,-1.16,0.46,-8.89,-3.37,-69.09,83.05,829.85,-2171.57,35.7,0.13,-0.93,0.33,55.57,26.13,45.98,-0.38,1.08,2.64,254.72,64.41,34.5,-40.61,0.65,0.66,-0.47,-0.59,,,0.99,,1.0,35.18,medium,high,15.25,78.32,54.5,"Turner, Tyler",YAK:TU:TY:9e782613-0d72:0703730,YAK:NKUHOM:9e782613-0d72:0744411,2022-11,FALSE,,FALSE,,1.08,2,60.34,1,73.3,3,-0.23,5,-35.04,4,19.95,4,0.6,2,0.64,4,-32.97,2,0,0,15.12,4,6.54,4,22.7,,-5,,14.7,,6.8,,23.3,,16.3,,420.55,,636.25,,958.87,,33.7,,40.7,,58.7,
268,2026-09-15,18:08:42,2,5,"Henderson, Christian",YAK:HE:CH:9e782613-0d72:0282706,Right,YAK:NKUHOM:9e782613-0d72:0744411,"McCarty, Noah",YAK:MA:BR:9e782613-0d72:0325650,Right,YAK:THOMAS:9e782613-0d72:0936209,,9,Top,1,1,2,,Curveball,,,,,,,,75.35,2.67,1.05,2312.61,48.33,7:30,5.46,0.43,6.0,-60.93,-9.31,-14.72,2.89,0.19,67.42,-8.78,-1.73,,83.6,34.8,-44.83,2326.77,47.53,,,238.8,,-37.89,3.05,8.51,-6.14,-0.51,50,5.64,-1.64,-109.37,3.54,9.63,24.56,-39.12,YAK:NKUHOM:9e782613-0d72:0744411,YAK:THOMAS:9e782613-0d72:0936209,,,,b8025265-b0e8-4bba-9e12-d05e1860d054,50b838e8-1017-2bef-f51e-b354bb24a205,75.51,5.44,0.43,2.86,1.08,67.49,2.9,0.2,-8.59,-1.7,0.52,-14.95,-13.17,-40.42,19.73,1760.64,-1499.45,76.13,0.51,-0.65,0.57,-48.4,48.68,47.71,-0.29,3.87,3.33,-146.67,188.45,44.92,-7.85,-0.82,-0.81,-0.31,-0.51,,,1.0,,1,45.9,medium,high,107.75,-5.71,54.5,"Turner, Tyler",YAK:TU:TY:9e782613-0d72:0703730,YAK:NKUHOM:9e782613-0d72:0744411,2022-11,FALSE,,FALSE,,0.88,5,96.56,5,122.3,3,-0.26,5,-2.94,4,22.6,5,2.73,2,0.66,3,12.79,2,1.72,3,19.08,5,23.92,1,23.1,,-4.6,,17.3,,14.2,,23.6,,22.7,,468.61,,801.83,,1220.98,,35.4,,45.2,,63,
269,2026-09-15,18:09:06,2,6,"Henderson, Christian",YAK:HE:CH:9e782613-0d72:0282706,Right,YAK:NKUHOM:9e782613-0d72:0744411,"McCarty, Noah",YAK:MA:BR:9e782613-0d72:0325650,Right,YAK:THOMAS:9e782613-0d72:0936209,,9,Top,1,1,2,,Cutter,,,,,,,,94.23,-4.5,-1.37,2244.35,221.3,1:30,6.22,-0.66,6.0,-15.24,17.68,13.0,0.72,-0.86,84.42,-7.34,1.08,,,,,,,,,,,,,-7.63,11.33,0.76,50.0,5.86,2.84,-136.55,-11.24,-13.57,36.22,-12.04,YAK:NKUHOM:9e782613-0d72:0744411,YAK:THOMAS:9e782613-0d72:0936209,,,,b8025265-b0e8-4bba-9e12-d05e1860d054,beb3c416-9fa0-2f78-5429-24922eab5d11,94.49,6.22,-0.65,-4.53,-1.45,84.64,0.71,-0.86,-7.36,1.0,0.41,13.74,16.84,-19.93,73.32,2109.89,-765.18,94.01,-0.71,-0.34,-0.62,,,,,,,,,,,,,,,,,1.0,,,,medium,high,24.01,-58.3,54.5,"Turner, Tyler",YAK:TU:TY:9e782613-0d72:0703730,YAK:NKUHOM:9e782613-0d72:0744411,2022-11,FALSE,,FALSE,,,,,,,,,,,,,,,,,,,,,,,,,,,,,,,,,,,,,,,,,,,,,,,,,
270,2026-09-15,18:09:30,2,7,"Henderson, Christian",YAK:HE:CH:9e782613-0d72:0282706,Right,YAK:NKUHOM:9e782613-0d72:0744411,"McCarty, Noah",YAK:MA:BR:9e782613-0d72:0325650,Right,YAK:THOMAS:9e782613-0d72:0936209,Stretch,9,Top,1,2,2,Slider,Slider,StrikeSwinging,,,StrikeoutSwinging,1,0,,82.13,0.7,-0.23,2407.3,61.88,8:00,5.65,0.37,6.0,-45.12,-1.8,-10.16,2.55,-0.69,73.45,-7.77,-2.15,,,,,,,,,,,,,5.51,-1.25,-0.35,50.0,5.68,0.76,-119.35,0.21,7.43,29.1,-33.86,YAK:NKUHOM:9e782613-0d72:0744411,YAK:THOMAS:9e782613-0d72:0936209,,,,b8025265-b0e8-4bba-9e12-d05e1860d054,e9b0f937-7535-a13c-9096-a1d8f690ebb4,82.34,5.64,0.37,0.82,-0.23,73.6,2.56,-0.69,-7.64,-2.15,0.47,-10.11,-4.7,-65.33,96.18,1004.71,-2187.61,41.74,0.2,-0.91,0.37,,,,,,,,,,,,,,,,,1.0,,,,medium,high,3.43,19.04,54.5,"Turner, Tyler",YAK:TU:TY:9e782613-0d72:0703730,YAK:NKUHOM:9e782613-0d72:0744411,2022-11,FALSE,,FALSE,,,,,,,,,,,,,,,,,,,,,,,,,,,,,,,,,,,,,,,,,,,,,,,,,
271,2026-09-15,18:09:59,3,1,"Henderson, Christian",YAK:HE:CH:9e782613-0d72:0282706,Right,YAK:NKUHOM:9e782613-0d72:0744411,"Cones, Logan",YAK:MC:NO:9e782613-0d72:0596191,Left,YAK:THOMAS:9e782613-0d72:0936209,,9,Top,2,0,0,,Cutter,,,,,,,,93.31,-4.22,-3.88,2080.36,231.39,1:45,5.96,-0.07,6.0,-19.99,13.68,12.61,0.31,-2.67,83.63,-7.95,-1.51,,,,,,,,,,,,,-8.31,9.02,0.37,50.0,5.61,8.75,-135.0,-10.63,-14.45,35.29,-16.49,YAK:NKUHOM:9e782613-0d72:0744411,YAK:THOMAS:9e782613-0d72:0936209,,,,b8025265-b0e8-4bba-9e12-d05e1860d054,a794058c-7f26-1495-2c69-bd4b18477184,93.58,5.96,-0.07,-4.23,-3.96,83.84,0.31,-2.67,-7.95,-1.59,0.42,13.41,12.64,-34.9,27.48,1706.24,-1190.23,82.02,-0.51,-0.57,-0.64,,,,,,,,,,,,,,,,,0.93,,,,medium,high,65.27,-27.92,54.5,"Turner, Tyler",YAK:TU:TY:9e782613-0d72:0703730,YAK:NKUHOM:9e782613-0d72:0744411,2022-11,FALSE,,FALSE,,,,,,,,,,,,,,,,,,,,,,,,,,,,,,,,,,,,,,,,,,,,,,,,,
272,2026-09-15,18:10:21,3,2,"Henderson, Christian",YAK:HE:CH:9e782613-0d72:0282706,Right,YAK:NKUHOM:9e782613-0d72:0744411,"Cones, Logan",YAK:MC:NO:9e782613-0d72:0596191,Left,YAK:THOMAS:9e782613-0d72:0936209,,9,Top,2,1,0,,Fastball,,,,,,,,92.99,-1.35,-1.9,1972.26,236.18,1:45,5.73,0.61,6.0,-21.59,12.12,14.44,2.66,0.03,82.99,-5.4,0.83,,,,,,,,,,,,,-8.63,7.16,-0.47,50.0,5.61,4.02,-135.07,-3.86,-14.97,36.15,-19.76,YAK:NKUHOM:9e782613-0d72:0744411,YAK:THOMAS:9e782613-0d72:0936209,,,,b8025265-b0e8-4bba-9e12-d05e1860d054,e49fd2f6-4483-3d77-9bda-09cfc09178d5,93.25,5.73,0.62,-1.35,-1.99,83.2,2.66,0.02,-5.39,0.73,0.42,15.33,10.89,-29.91,,1709.52,-983.53,86.68,-0.48,-0.5,-0.72,,,,,,,,,,,,,,,,,1,,,,medium,high,,,54.5,"Turner, Tyler",YAK:TU:TY:9e782613-0d72:0703730,YAK:NKUHOM:9e782613-0d72:0744411,2022-11,FALSE,,FALSE,,,,,,,,,,,,,,,,,,,,,,,,,,,,,,,,,,,,,,,,,,,,,,,,,
273,2026-09-15,18:10:45,3,3,"Henderson, Christian",YAK:HE:CH:9e782613-0d72:0282706,Right,YAK:NKUHOM:9e782613-0d72:0744411,"Cones, Logan",YAK:MC:NO:9e782613-0d72:0596191,Left,YAK:THOMAS:9e782613-0d72:0936209,,9,Top,2,1,1,,Changeup,,,,,,,,85.01,-1.22,-1.8,1692.9,245.26,2:15,5.77,0.61,6.0,-30.55,9.8,15.36,2.08,0.2,76.07,-6.95,1.1,,95.6,6.54,-63.57,2792.71,,,,98.12,,-66.17,0.79,-9.11,5.84,-0.48,50.0,5.66,3.44,-123.49,-3.51,-13.2,30.33,-23.72,YAK:NKUHOM:9e782613-0d72:0744411,YAK:THOMAS:9e782613-0d72:0936209,,,,b8025265-b0e8-4bba-9e12-d05e1860d054,352545f2-2e6c-fbf0-f85e-2ae6d2db63ab,85.25,5.77,0.62,-1.19,-1.9,76.25,2.08,0.19,-6.91,0.99,0.46,16.35,8.05,-29.74,38.34,1469.96,-839.71,86.83,-0.36,-0.5,-0.79,-85.05,42.27,10.89,0.14,1.25,2.12,-89.75,39.65,24.72,-18.96,-0.34,-0.15,-0.54,0.83,,,0.99,,0.99,50.69,medium,high,55.5,7.96,54.5,"Turner, Tyler",YAK:TU:TY:9e782613-0d72:0703730,YAK:NKUHOM:9e782613-0d72:0744411,2022-11,FALSE,,FALSE,,,,,,,,,,,,,,,,,,,,,,,,,,,,,,,,,,,,,,,,,,,,,,,,,
274,2026-09-15,18:11:16,3,4,"Henderson, Christian",YAK:HE:CH:9e782613-0d72:0282706,Right,YAK:NKUHOM:9e782613-0d72:0744411,"Cones, Logan",YAK:MC:NO:9e782613-0d72:0596191,Left,YAK:THOMAS:9e782613-0d72:0936209,Stretch,9,Top,2,1,2,Slider,Slider,StrikeSwinging,,,StrikeoutSwinging,1,0,,82.97,1.31,1.2,2406.94,74.87,8:30,5.44,0.4,6.0,-42.38,0.05,-9.35,3.14,0.75,74.05,-6.66,-0.56,,,,,,,,,,,,,5.59,-0.46,-0.49,50,5.52,-2.26,-120.53,1.57,7.7,29.35,-32.81,YAK:NKUHOM:9e782613-0d72:0744411,YAK:THOMAS:9e782613-0d72:0936209,,,,b8025265-b0e8-4bba-9e12-d05e1860d054,c95062ce-14b4-b180-a1df-7b9e908ba77f,83.19,5.43,0.4,1.42,1.19,74.21,3.15,0.75,-6.54,-0.56,0.47,-9.28,-2.65,-68.82,24.45,869.74,-2244.31,36.13,0.09,-0.93,0.35,,,,,,,,,,,,,,,,,1.0,,,,medium,high,112.01,-12.81,54.5,"Turner, Tyler",YAK:TU:TY:9e782613-0d72:0703730,YAK:NKUHOM:9e782613-0d72:0744411,2022-11,FALSE,,FALSE,,,,,,,,,,,,,,,,,,,,,,,,,,,,,,,,,,,,,,,,,,,,,,,,,
,2026-09-15,18:11:49,,,,,,,,,,,,,,,,,,Fastball,,,,,,,,83.42,0.4,0.28,1421.27,194.2,12:30,6.79,0.39,6.0,-29.01,12.86,2.08,4.75,0.83,74.39,-5.06,0.67,,,,,,,,,,,,,-1.04,6.93,-0.42,50.0,6.81,-0.66,-121.26,0.03,-1.45,29.38,-22.5,,,,,,,9dacbd43-12db-d1a7-ad11-023e1b81b6b9,83.69,6.79,0.4,0.42,0.24,74.6,4.75,0.83,-5.02,0.64,0.47,2.45,11.04,-54.5,67.01,825.33,-1157.09,58.07,-0.56,-0.81,-0.14,,,,,,,,,,,,,,,,,0.91,,,,medium,high,29.7,-75.5,54.5,,,,2022-11,FALSE,,FALSE,,,,,,,,,,,,,,,,,,,,,,,,,,,,,,,,,,,,,,,,,,,,,,,,,
,2026-09-15,18:11:57,,,,,,,,,,,,,,,,,,Fastball,,,,,,,,82.83,0.37,-0.43,1435.66,190.09,12:15,6.69,0.54,6.0,-31.56,10.91,0.76,4.41,0.2,73.91,-5.56,-0.28,,,,,,,,,,,,,-0.58,5.87,-0.51,50.0,6.7,0.88,-120.4,-0.1,-0.8,28.97,-24.1,,,,,,,d2b2939f-28db-3399-efdb-a9f24874e46d,83.09,6.68,0.55,0.41,-0.47,74.12,4.41,0.2,-5.51,-0.32,0.47,1.12,8.95,-63.09,,649.77,-1280.2,45.26,-0.45,-0.89,-0.08,,,,,,,,,,,,,,,,,1,,,,medium,high,,,54.5,,,,2022-11,FALSE,,FALSE,,,,,,,,,,,,,,,,,,,,,,,,,,,,,,,,,,,,,,,,,,,,,,,,,
,2026-09-15,18:12:06,,,,,,,,,,,,,,,,,,Fastball,,,,,,,,83.76,-0.29,-1.21,1620.49,190.06,12:15,6.53,0.58,6.0,-28.54,12.99,0.97,3.87,-0.48,74.79,-5.66,-1.03,,,,,,,,,,,,,-0.98,7.25,-0.48,50,6.49,2.55,-121.73,-1.44,-1.37,29.49,-21.96,,,,,,,a10dfe6a-71dc-efbe-06eb-f93445f71714,84.02,6.53,0.58,-0.27,-1.25,75.0,3.88,-0.48,-5.62,-1.06,0.46,1.31,11.22,-58.67,78.57,842.66,-1384.17,52.0,-0.51,-0.85,-0.09,,,,,,,,,,,,,,,,,1.0,,,,medium,high,19.28,89.99,54.5,,,,2022-11,FALSE,,FALSE,,,,,,,,,,,,,,,,,,,,,,,,,,,,,,,,,,,,,,,,,,,,,,,,,
,2026-09-15,18:12:14,,,,,,,,,,,,,,,,,,Changeup,,,,,,,,70.07,3.71,2.56,1995.52,56.17,7:45,5.59,-0.42,6.0,-67.91,-8.09,-17.44,3.42,0.53,62.7,-9.03,-0.74,,,,,,,,,,,,,10.56,-5.84,0.23,50.0,5.85,-4.12,-101.53,4.98,10.31,20.92,-37.88,,,,,,,5a59baf0-5920-3bcf-30ad-3ee80e48981e,70.21,5.58,-0.43,3.91,2.61,62.76,3.44,0.53,-8.83,-0.68,0.56,-17.9,-12.26,-31.28,62.7,1705.52,-1036.0,85.47,0.48,-0.52,0.71,,,,,,,,,,,,,,,,,1.0,,,,medium,high,33.57,-56.55,54.5,,,,2022-11,FALSE,,FALSE,,,,,,,,,,,,,,,,,,,,,,,,,,,,,,,,,,,,,,,,,,,,,,,,,
,2026-09-15,18:12:24,,,,,,,,,,,,,,,,,,Cutter,,,,,,,,78.47,2.36,2.1,849.58,147.73,11:00,5.58,0.03,6.0,-43.24,4.26,-1.67,4.2,1.86,69.91,-5.77,1.78,,,,,,,,,,,,,1.7,1.47,-0.19,50.0,5.75,-4.12,-113.89,3.55,2.09,26.11,-30.36,,,,,,,9478a0d1-dacc-bf48-d121-6f4e0ee753b7,78.71,5.58,0.03,2.45,2.06,70.09,4.21,1.85,-5.67,1.75,0.5,-1.38,1.61,-80.48,20.92,140.44,-837.89,16.53,-0.14,-0.99,0.09,,,,,,,,,,,,,,,,,0.99,,,,medium,high,71.17,-7.39,54.5,,,,2022-11,FALSE,,FALSE,,,,,,,,,,,,,,,,,,,,,,,,,,,,,,,,,,,,,,,,,,,,,,,,,
,2026-09-15,18:12:37,,,,,,,,,,,,,,,,,,Cutter,,,,,,,,76.29,1.73,4.97,756.86,200.77,12:45,6.19,-0.36,6.0,-44.27,6.29,1.2,4.13,4.42,68.08,-6.57,5.2,,,,,,,,,,,,,1.2,2.82,-0.03,50.0,6.3,-9.64,-110.42,2.21,1.39,24.66,-28.92,,,,,,,1d1c8097-46cb-9e99-a0bf-2c67930b8284,76.53,6.18,-0.36,1.81,4.93,68.26,4.14,4.42,-6.47,5.16,0.51,1.61,3.54,-69.41,4.91,266.12,-708.54,35.16,-0.33,-0.94,-0.12,,,,,,,,,,,,,,,,,1.0,,,,medium,high,94.42,-6.3,54.5,,,,2022-11,TRUE,Spin rate outside 800-3500rpm range,FALSE,,,,,,,,,,,,,,,,,,,,,,,,,,,,,,,,,,,,,,,,,,,,,,,,,
,2026-09-15,18:12:51,,,,,,,,,,,,,,,,,,Fastball,,,,,,,,86.72,-0.8,-1.63,2039.26,187.17,12:15,6.0,0.19,6.0,-23.66,15.08,0.64,3.27,-1.29,77.41,-5.24,-1.51,,,,,,,,,,,,,-0.95,8.59,-0.06,50.0,5.92,3.57,-126.01,-2.45,-1.43,31.52,-19.21,,,,,,,9aca56fa-a6a7-e045-54b0-84e17673605f,87.0,5.99,0.19,-0.8,-1.66,77.63,3.28,-1.29,-5.23,-1.54,0.45,0.93,13.6,-55.47,77.04,1156.02,-1679.95,56.69,-0.56,-0.82,-0.07,,,,,,,,,,,,,,,,,1.0,,,,medium,high,20.67,12.96,54.5,,,,2022-11,FALSE,,FALSE,,,,,,,,,,,,,,,,,,,,,,,,,,,,,,,,,,,,,,,,,,,,,,,,,
,2026-09-15,18:13:04,,,,,,,,,,,,,,,,,,Fastball,,,,,,,,83.95,-0.05,-1.79,1922.04,197.46,12:30,6.25,0.44,6.0,-25.66,15.69,3.36,4.07,-0.96,74.87,-4.87,-1.15,,85.73,9.86,-2.66,2023.93,8.73,,,156.76,,0.98,1.94,-2.5,8.65,-0.3,50.0,6.23,3.71,-121.99,-0.83,-3.54,29.55,-19.94,,,,,,,36649525-3aed-ec48-53c3-ef817dcf17fb,84.22,6.25,0.44,-0.04,-1.83,75.09,4.07,-0.96,-4.85,-1.2,0.46,3.8,14.12,-51.52,73.52,1195.89,-1504.68,62.22,-0.59,-0.78,-0.19,-3.92,84.37,14.68,1.98,-34.23,0.37,2.67,156.74,6.72,53.04,0.28,0.71,0.63,-0.32,,,0.99,,0.98,49.73,medium,high,23.83,35.88,54.5,,,,2022-11,FALSE,,FALSE,,0.86,5,3.27,0,2.38,0,0.1,1,-96.8,0,5.95,1,0.5,2,0.16,0,-101.3,0,7.25,5,4.04,2,-2.6,5,-8.6,,0.4,,-6.3,,-0.4,,8.6,,6.3,,28.39,,16.04,,93.08,,9.1,,42.1,,30.4,
275,2026-09-15,18:13:37,1,1,"Forton, Adam",YAK:FO:AD:9e782613-0d72:0168034,Right,YAK:THOMAS:9e782613-0d72:0936209,"Fonte, Andrew",YAK:FO:AN:9e782613-0d72:0121971,Right,YAK:NKUHOM:9e782613-0d72:0744411,Stretch,9,Bottom,0,0,0,Fastball,Fastball,BallCalled,,,,0,0,,86.99,0.18,-1.51,2029.41,181.68,12:00,6.29,0.33,6.0,-22.37,16.15,-0.15,4.59,-1.1,77.47,-4.03,-1.53,,,,,,,,,,,,,-0.47,8.82,-0.21,50.0,6.29,3.33,-126.42,-0.26,-0.71,31.88,-18.78,YAK:NKUHOM:9e782613-0d72:0744411,YAK:THOMAS:9e782613-0d72:0936209,,,,b8025265-b0e8-4bba-9e12-d05e1860d054,1dcb5c38-f449-31b8-8ba5-1ae0466d5d4f,87.27,6.29,0.33,0.18,-1.53,77.7,4.59,-1.1,-4.02,-1.56,0.45,0.07,14.71,-51.92,60.81,1251.78,-1597.36,61.68,-0.62,-0.79,-0.02,,,,,,,,,,,,,,,,,1.0,,,,medium,high,35.27,-14.63,54.5,"Marushi, Brady",YAK:MA:BR:9e782613-0d72:0325650,YAK:THOMAS:9e782613-0d72:0936209,2022-11,FALSE,,FALSE,,,,,,,,,,,,,,,,,,,,,,,,,,,,,,,,,,,,,,,,,,,,,,,,,
276,2026-09-15,18:13:52,1,2,"Forton, Adam",YAK:FO:AD:9e782613-0d72:0168034,Right,YAK:THOMAS:9e782613-0d72:0936209,"Fonte, Andrew",YAK:FO:AN:9e782613-0d72:0121971,Right,YAK:NKUHOM:9e782613-0d72:0744411,Stretch,9,Bottom,0,1,0,Splitter,Cutter,StrikeSwinging,,,,0,0,,80.32,-0.01,1.12,1015.62,184.39,12:15,5.76,-0.26,6.0,-37.6,7.6,-0.5,2.62,0.75,71.85,-7.07,1.02,,,,,,,,,,,,,0.69,4.19,0.17,50.0,5.74,-2.26,-116.73,-1.05,0.89,27.3,-26.76,YAK:NKUHOM:9e782613-0d72:0744411,YAK:THOMAS:9e782613-0d72:0936209,,,,b8025265-b0e8-4bba-9e12-d05e1860d054,01e9d733-4530-15b6-8087-8e3eafe6d520,80.56,5.76,-0.26,0.05,1.08,72.04,2.62,0.75,-6.99,0.99,0.48,-0.18,5.27,-70.58,21.03,337.75,-957.81,33.26,-0.33,-0.94,-0.03,,,,,,,,,,,,,,,,,1.0,,,,medium,high,108.92,6.77,54.5,"Marushi, Brady",YAK:MA:BR:9e782613-0d72:0325650,YAK:THOMAS:9e782613-0d72:0936209,2022-11,FALSE,,FALSE,,,,,,,,,,,,,,,,,,,,,,,,,,,,,,,,,,,,,,,,,,,,,,,,,
277,2026-09-15,18:14:09,1,3,"Forton, Adam",YAK:FO:AD:9e782613-0d72:0168034,Right,YAK:THOMAS:9e782613-0d72:0936209,"Fonte, Andrew",YAK:FO:AN:9e782613-0d72:0121971,Right,YAK:NKUHOM:9e782613-0d72:0744411,Stretch,9,Bottom,0,1,1,Curveball,Changeup,StrikeCalled,,,,0,0,,70.1,3.09,0.68,2208.65,48.78,7:45,5.55,-0.31,6.0,-70.41,-10.66,-17.04,2.59,-1.09,62.89,-10.11,-2.54,,,,,,,,,,,,,9.65,-7.06,0.27,50.0,5.76,-0.81,-101.71,3.83,9.43,21.45,-39.07,YAK:NKUHOM:9e782613-0d72:0744411,YAK:THOMAS:9e782613-0d72:0936209,,,,b8025265-b0e8-4bba-9e12-d05e1860d054,2d40fab2-2aa1-e077-82e1-8d1659ff79fb,70.22,5.53,-0.31,3.31,0.73,62.93,2.61,-1.09,-9.9,-2.49,0.56,-17.48,-15.12,-28.52,35.79,1940.57,-1054.66,87.86,0.58,-0.48,0.66,,,,,,,,,,,,,,,,,0.99,,,,medium,high,57.79,-0.94,54.5,"Marushi, Brady",YAK:MA:BR:9e782613-0d72:0325650,YAK:THOMAS:9e782613-0d72:0936209,2022-11,FALSE,,FALSE,,,,,,,,,,,,,,,,,,,,,,,,,,,,,,,,,,,,,,,,,,,,,,,,,
278,2026-09-15,18:14:26,1,4,"Forton, Adam",YAK:FO:AD:9e782613-0d72:0168034,Right,YAK:THOMAS:9e782613-0d72:0936209,"Fonte, Andrew",YAK:FO:AN:9e782613-0d72:0121971,Right,YAK:NKUHOM:9e782613-0d72:0744411,Stretch,9,Bottom,0,1,2,Fastball,Cutter,BallCalled,,,,0,0,,85.79,-0.61,-2.01,1949.06,172.36,11:45,6.36,0.09,6.0,-26.09,13.54,-2.38,3.62,-1.99,76.59,-5.51,-2.46,,,,,,,,,,,,,0.57,7.67,0.07,50.0,6.3,4.44,-124.63,-2.09,0.84,30.98,-20.85,YAK:NKUHOM:9e782613-0d72:0744411,YAK:THOMAS:9e782613-0d72:0936209,,,,b8025265-b0e8-4bba-9e12-d05e1860d054,7be84faf-101a-5a5e-9a94-b292ab4b63a9,86.06,6.36,0.09,-0.6,-2.03,76.81,3.62,-1.99,-5.48,-2.47,0.45,-2.21,11.87,-60.6,71.72,956.73,-1698.09,49.09,-0.49,-0.87,0.07,,,,,,,,,,,,,,,,,1.0,,,,medium,high,25.45,-57.99,54.5,"Marushi, Brady",YAK:MA:BR:9e782613-0d72:0325650,YAK:THOMAS:9e782613-0d72:0936209,2022-11,FALSE,,FALSE,,,,,,,,,,,,,,,,,,,,,,,,,,,,,,,,,,,,,,,,,,,,,,,,,
279,2026-09-15,18:14:42,1,5,"Forton, Adam",YAK:FO:AD:9e782613-0d72:0168034,Right,YAK:THOMAS:9e782613-0d72:0936209,"Fonte, Andrew",YAK:FO:AN:9e782613-0d72:0121971,Right,YAK:NKUHOM:9e782613-0d72:0744411,Stretch,9,Bottom,0,2,2,Splitter,Fastball,Foul,,,,0,0,,78.99,0.42,-1.03,1020.96,203.38,12:45,5.92,0.13,6.0,-34.5,12.2,3.46,3.44,-0.54,70.56,-6.06,-0.37,,,,,,,,,,,,,-2.28,6.56,-0.06,50,5.94,1.96,-114.8,-0.08,-2.86,26.27,-23.96,YAK:NKUHOM:9e782613-0d72:0744411,YAK:THOMAS:9e782613-0d72:0936209,,,,b8025265-b0e8-4bba-9e12-d05e1860d054,b14a6b62-f4db-4991-ca27-8136563dca6d,79.24,5.92,0.14,0.46,-1.07,70.76,3.44,-0.54,-6.01,-0.42,0.49,3.9,10.07,-50.75,49.02,645.92,-790.67,63.27,-0.58,-0.77,-0.25,,,,,,,,,,,,,,,,,0.99,,,,medium,high,45.88,-80.56,54.5,"Marushi, Brady",YAK:MA:BR:9e782613-0d72:0325650,YAK:THOMAS:9e782613-0d72:0936209,2022-11,FALSE,,FALSE,,,,,,,,,,,,,,,,,,,,,,,,,,,,,,,,,,,,,,,,,,,,,,,,,
280,2026-09-15,18:15:04,1,6,"Forton, Adam",YAK:FO:AD:9e782613-0d72:0168034,Right,YAK:THOMAS:9e782613-0d72:0936209,"Fonte, Andrew",YAK:FO:AN:9e782613-0d72:0121971,Right,YAK:NKUHOM:9e782613-0d72:0744411,Stretch,9,Bottom,0,2,2,Splitter,Fastball,HitByPitch,,,Walk,0,0,,75.6,1.92,2.32,836.84,186.76,12:15,6.04,0.46,6.0,-40.96,10.18,0.52,4.43,2.68,67.41,-5.79,2.42,,8.01,-54.46,-127.02,,,,,3.46,,-134.14,0.11,0.57,4.9,-0.64,50.0,6.17,-4.46,-109.74,2.62,0.66,24.17,-26.58,YAK:NKUHOM:9e782613-0d72:0744411,YAK:THOMAS:9e782613-0d72:0936209,,,,b8025265-b0e8-4bba-9e12-d05e1860d054,f4180a21-813b-59c4-ca4f-5f290bea7f90,75.85,6.03,0.46,1.98,2.28,67.6,4.43,2.68,-5.71,2.38,0.51,0.86,7.61,-57.86,20.55,445.24,-708.57,53.2,-0.53,-0.85,-0.06,-3.72,-2.8,-6.52,-4.69,-1.98,-7.86,-2.48,-2.41,,,,,,,,,1.0,,,-17.65,medium,high,108.49,-7.23,54.5,"Marushi, Brady",YAK:MA:BR:9e782613-0d72:0325650,YAK:THOMAS:9e782613-0d72:0936209,2022-11,FALSE,,FALSE,,0.93,5,4.38,0,5.0,0,0.15,1,-69.56,0,3.12,0,99.15,0,0.21,0,-68.41,0,107.95,0,0.14,1,0.66,5,-2.2,,-4.7,,-3.3,,-4.7,,5.2,,5.7,,55.35,,25.39,,1.23,,-93.1,,8.5,,14.8,
281,2026-09-15,18:15:37,2,1,"Forton, Adam",YAK:FO:AD:9e782613-0d72:0168034,Right,YAK:THOMAS:9e782613-0d72:0936209,"Johnson, Joe",YAK:JO:JO:9e782613-0d72:0371801,Left,YAK:NKUHOM:9e782613-0d72:0744411,Stretch,9,Bottom,0,0,0,Fastball,Fastball,BallCalled,,,,0,0,,83.97,0.49,-0.92,1724.98,188.07,12:15,6.38,0.5,6.0,-25.96,15.36,1.29,4.68,-0.26,74.82,-4.4,-0.68,,,,,,,,,,,,,-1.05,8.27,-0.43,50.0,6.41,1.92,-122.05,0.3,-1.48,29.7,-20.47,YAK:NKUHOM:9e782613-0d72:0744411,YAK:THOMAS:9e782613-0d72:0936209,,,,b8025265-b0e8-4bba-9e12-d05e1860d054,6aad8486-7ba5-eeab-8898-198322cf0a9d,84.25,6.38,0.5,0.49,-0.95,75.04,4.68,-0.26,-4.38,-0.71,0.46,1.61,13.72,-51.32,80.41,1078.03,-1346.62,62.5,-0.62,-0.78,-0.09,,,,,,,,,,,,,,,,,0.99,,,,medium,high,17.63,55.8,54.5,"Marushi, Brady",YAK:MA:BR:9e782613-0d72:0325650,YAK:THOMAS:9e782613-0d72:0936209,2022-11,FALSE,,FALSE,,,,,,,,,,,,,,,,,,,,,,,,,,,,,,,,,,,,,,,,,,,,,,,,,
282,2026-09-15,18:15:56,2,2,"Forton, Adam",YAK:FO:AD:9e782613-0d72:0168034,Right,YAK:THOMAS:9e782613-0d72:0936209,"Johnson, Joe",YAK:JO:JO:9e782613-0d72:0371801,Left,YAK:NKUHOM:9e782613-0d72:0744411,Stretch,9,Bottom,0,1,0,Curveball,Changeup,StrikeCalled,,,,0,0,,68.26,2.67,1.94,2213.98,51.34,7:45,5.46,-0.19,6.0,-73.23,-10.23,-18.1,1.86,0.12,61.42,-11.04,-1.48,,,,,,,,,,,,,10.71,-6.65,0.05,50.0,5.63,-2.93,-99.04,2.92,9.93,20.26,-38.34,YAK:NKUHOM:9e782613-0d72:0744411,YAK:THOMAS:9e782613-0d72:0936209,,,,b8025265-b0e8-4bba-9e12-d05e1860d054,1f6501e6-6cdd-627c-9aa6-b5cf5a6bee2d,68.38,5.44,-0.19,2.89,1.99,61.45,1.88,0.13,-10.83,-1.43,0.57,-18.61,-14.84,-27.63,53.99,1961.56,-1026.65,88.6,0.55,-0.46,0.69,,,,,,,,,,,,,,,,,0.99,,,,medium,high,41.4,54.86,54.5,"Marushi, Brady",YAK:MA:BR:9e782613-0d72:0325650,YAK:THOMAS:9e782613-0d72:0936209,2022-11,FALSE,,FALSE,,,,,,,,,,,,,,,,,,,,,,,,,,,,,,,,,,,,,,,,,,,,,,,,,
283,2026-09-15,18:16:17,2,3,"Forton, Adam",YAK:FO:AD:9e782613-0d72:0168034,Right,YAK:THOMAS:9e782613-0d72:0936209,"Johnson, Joe",YAK:JO:JO:9e782613-0d72:0371801,Left,YAK:NKUHOM:9e782613-0d72:0744411,Stretch,9,Bottom,0,1,1,Fastball,Fastball,StrikeSwinging,,,,0,0,,85.11,-1.22,-0.56,1824.14,187.11,12:15,6.48,0.28,6.0,-24.07,16.12,0.77,3.33,-0.17,76.06,-5.74,-0.41,,,,,,,,,,,,,-0.62,9.31,-0.24,50.0,6.38,1.18,-123.7,-3.33,-0.91,30.25,-18.62,YAK:NKUHOM:9e782613-0d72:0744411,YAK:THOMAS:9e782613-0d72:0936209,,,,b8025265-b0e8-4bba-9e12-d05e1860d054,fed3e7b9-705c-9bfe-3291-2d0a3ddc634c,85.38,6.48,0.29,-1.22,-0.58,76.28,3.33,-0.18,-5.72,-0.44,0.46,1.04,14.62,-49.15,58.61,1193.15,-1379.81,65.41,-0.65,-0.76,-0.08,,,,,,,,,,,,,,,,,0.95,,,,medium,high,37.25,-65.32,54.5,"Marushi, Brady",YAK:MA:BR:9e782613-0d72:0325650,YAK:THOMAS:9e782613-0d72:0936209,2022-11,FALSE,,FALSE,,,,,,,,,,,,,,,,,,,,,,,,,,,,,,,,,,,,,,,,,,,,,,,,,
284,2026-09-15,18:16:35,2,4,"Forton, Adam",YAK:FO:AD:9e782613-0d72:0168034,Right,YAK:THOMAS:9e782613-0d72:0936209,"Johnson, Joe",YAK:JO:JO:9e782613-0d72:0371801,Left,YAK:NKUHOM:9e782613-0d72:0744411,Stretch,9,Bottom,0,1,2,Splitter,Fastball,InPlay,,FlyBall,Out,1,0,,79.09,-0.09,0.84,878.52,162.52,11:30,5.47,-0.46,6.0,-41.55,5.07,-1.79,1.92,0.17,70.85,-7.88,0.5,,17.21,68.16,-44.56,,,,,6.33,,3.53,1.11,1.29,2.82,0.4,50.0,5.44,-1.63,-114.95,-1.29,1.62,26.57,-28.64,YAK:NKUHOM:9e782613-0d72:0744411,YAK:THOMAS:9e782613-0d72:0936209,,,,b8025265-b0e8-4bba-9e12-d05e1860d054,0bf26aaf-81ad-8fd5-cf37-df447120278b,79.32,5.46,-0.46,-0.01,0.81,71.02,1.93,0.17,-7.78,0.47,0.49,-1.51,2.51,-79.51,19.23,159.98,-863.83,18.21,-0.17,-0.98,0.05,-4.49,4.56,15.97,3.26,-0.99,-0.72,0.39,6.32,,,,,,,,,0.99,,,-8.45,medium,high,72.7,-2.25,54.5,"Marushi, Brady",YAK:MA:BR:9e782613-0d72:0325650,YAK:THOMAS:9e782613-0d72:0936209,2022-11,FALSE,,FALSE,,0.92,5,113.72,4,134.04,2,-0.01,3,-11.03,5,30.82,5,23.6,4,0.59,5,-4.42,5,28.14,4,30.69,2,10.87,3,19.9,,-17.6,,25.7,,-10.8,,27.1,,28.2,,622.68,,861.9,,918.17,,11.5,,41,,52.2,
285,2026-09-15,18:17:13,3,1,"Forton, Adam",YAK:FO:AD:9e782613-0d72:0168034,Right,YAK:THOMAS:9e782613-0d72:0936209,"Jeon, SangWoon",YAK:JE:SA:9e782613-0d72:0351706,Left,YAK:NKUHOM:9e782613-0d72:0744411,Stretch,9,Bottom,1,0,0,Curveball,Curveball,BallCalled,,,,0,0,,66.75,4.94,2.93,2086.87,52.35,7:45,5.49,0.24,6.0,-75.8,-9.66,-17.52,3.83,1.54,59.68,-9.28,-0.37,,,,,,,,,,,,,10.73,-7.16,-0.46,50.0,5.84,-4.55,-96.54,6.64,9.49,18.84,-38.5,YAK:NKUHOM:9e782613-0d72:0744411,YAK:THOMAS:9e782613-0d72:0936209,,,,b8025265-b0e8-4bba-9e12-d05e1860d054,d20b5cd9-1f1e-f37e-693e-b2be6bf32dff,66.88,5.47,0.24,5.16,2.98,59.72,3.84,1.54,-9.06,-0.32,0.59,-17.97,-14.28,-28.94,87.17,1826.25,-1009.88,87.51,0.53,-0.48,0.69,,,,,,,,,,,,,,,,,1.0,,,,medium,high,11.55,50.75,54.5,"Marushi, Brady",YAK:MA:BR:9e782613-0d72:0325650,YAK:THOMAS:9e782613-0d72:0936209,2022-11,FALSE,,FALSE,,,,,,,,,,,,,,,,,,,,,,,,,,,,,,,,,,,,,,,,,,,,,,,,,
286,2026-09-15,18:17:34,3,2,"Forton, Adam",YAK:FO:AD:9e782613-0d72:0168034,Right,YAK:THOMAS:9e782613-0d72:0936209,"Jeon, SangWoon",YAK:JE:SA:9e782613-0d72:0351706,Left,YAK:NKUHOM:9e782613-0d72:0744411,Stretch,9,Bottom,1,1,0,Fastball,Fastball,BallCalled,,,,0,0,,84.05,0.57,-0.24,1872.47,187.95,12:15,6.25,0.06,6.0,-24.78,16.46,1.5,4.73,-0.04,74.85,-4.09,0.04,,,,,,,,,,,,,-0.91,8.85,-0.04,50.0,6.29,0.47,-122.17,0.52,-1.29,29.79,-19.63,YAK:NKUHOM:9e782613-0d72:0744411,YAK:THOMAS:9e782613-0d72:0936209,,,,b8025265-b0e8-4bba-9e12-d05e1860d054,574d2d64-b03b-b359-9e03-27f14d975111,84.32,6.25,0.06,0.57,-0.27,75.07,4.73,-0.04,-4.08,0.01,0.46,1.82,14.89,-48.43,76.88,1242.42,-1400.91,66.35,-0.66,-0.75,-0.09,,,,,,,,,,,,,,,,,0.99,,,,medium,high,20.8,61.38,54.5,"Marushi, Brady",YAK:MA:BR:9e782613-0d72:0325650,YAK:THOMAS:9e782613-0d72:0936209,2022-11,FALSE,,FALSE,,,,,,,,,,,,,,,,,,,,,,,,,,,,,,,,,,,,,,,,,,,,,,,,,
287,2026-09-15,18:17:55,3,3,"Forton, Adam",YAK:FO:AD:9e782613-0d72:0168034,Right,YAK:THOMAS:9e782613-0d72:0936209,"Jeon, SangWoon",YAK:JE:SA:9e782613-0d72:0351706,Left,YAK:NKUHOM:9e782613-0d72:0744411,Stretch,9,Bottom,1,2,0,Splitter,Fastball,StrikeSwinging,,,,0,0,,76.12,-0.01,1.74,821.89,163.33,11:30,5.5,-0.12,6.0,-42.92,7.42,-2.4,1.91,1.32,68.25,-8.05,1.29,,,,,,,,,,,,,1.96,4.09,-0.02,50,5.47,-3.31,-110.6,-1.13,2.28,24.48,-27.43,YAK:NKUHOM:9e782613-0d72:0744411,YAK:THOMAS:9e782613-0d72:0936209,,,,b8025265-b0e8-4bba-9e12-d05e1860d054,685e3e16-cb5a-a34e-aa0f-004da1b41729,76.35,5.49,-0.11,0.07,1.72,68.42,1.92,1.32,-7.96,1.27,0.51,-2.16,4.76,-69.39,2.55,289.32,-769.29,35.2,-0.34,-0.94,0.1,,,,,,,,,,,,,,,,,0.99,,,,medium,high,87.7,3.46,54.5,"Marushi, Brady",YAK:MA:BR:9e782613-0d72:0325650,YAK:THOMAS:9e782613-0d72:0936209,2022-11,FALSE,,FALSE,,,,,,,,,,,,,,,,,,,,,,,,,,,,,,,,,,,,,,,,,,,,,,,,,
288,2026-09-15,18:18:20,3,4,"Forton, Adam",YAK:FO:AD:9e782613-0d72:0168034,Right,YAK:THOMAS:9e782613-0d72:0936209,"Jeon, SangWoon",YAK:JE:SA:9e782613-0d72:0351706,Left,YAK:NKUHOM:9e782613-0d72:0744411,Stretch,9,Bottom,1,2,1,Curveball,Changeup,StrikeCalled,,,,0,0,,70.48,2.06,0.96,2233.49,55.36,7:45,5.64,-0.32,6.0,-67.13,-8.1,-17.91,1.98,-0.92,63.36,-10.51,-2.43,,,,,,,,,,,,,10.23,-5.25,0.26,50.0,5.77,-1.28,-102.33,2.08,10.12,21.7,-37.37,YAK:NKUHOM:9e782613-0d72:0744411,YAK:THOMAS:9e782613-0d72:0936209,,,,b8025265-b0e8-4bba-9e12-d05e1860d054,650eb7fc-0eda-9282-af24-285c269bb6f4,70.61,5.62,-0.33,2.26,1.0,63.41,2.0,-0.91,-10.31,-2.38,0.55,-18.34,-12.4,-33.89,53.11,1854.0,-1245.46,83.01,0.47,-0.56,0.68,,,,,,,,,,,,,,,,,1.0,,,,medium,high,42.2,54.58,54.5,"Marushi, Brady",YAK:MA:BR:9e782613-0d72:0325650,YAK:THOMAS:9e782613-0d72:0936209,2022-11,FALSE,,FALSE,,,,,,,,,,,,,,,,,,,,,,,,,,,,,,,,,,,,,,,,,,,,,,,,,
289,2026-09-15,18:18:41,3,5,"Forton, Adam",YAK:FO:AD:9e782613-0d72:0168034,Right,YAK:THOMAS:9e782613-0d72:0936209,"Jeon, SangWoon",YAK:JE:SA:9e782613-0d72:0351706,Left,YAK:NKUHOM:9e782613-0d72:0744411,Stretch,9,Bottom,1,2,2,Splitter,Cutter,BallCalled,,,,0,0,,76.33,3.03,0.21,762.02,156.74,11:15,5.54,0.56,6.0,-44.24,5.94,-1.56,4.7,0.63,67.93,-5.31,-0.08,,,,,,,,,,,,,0.94,2.15,-0.57,50.0,5.76,-0.37,-110.8,4.71,1.09,24.71,-29.67,YAK:NKUHOM:9e782613-0d72:0744411,YAK:THOMAS:9e782613-0d72:0936209,,,,b8025265-b0e8-4bba-9e12-d05e1860d054,a2aa59b8-59a6-963c-2ff7-eb7b785ac5c7,76.57,5.53,0.56,3.11,0.18,68.11,4.71,0.63,-5.21,-0.11,0.51,-1.27,3.2,-75.89,8.43,185.71,-739.05,24.37,-0.22,-0.97,0.1,,,,,,,,,,,,,,,,,0.91,,,,medium,high,82.41,16.84,54.5,"Marushi, Brady",YAK:MA:BR:9e782613-0d72:0325650,YAK:THOMAS:9e782613-0d72:0936209,2022-11,TRUE,Spin rate outside 800-3500rpm range,FALSE,,,,,,,,,,,,,,,,,,,,,,,,,,,,,,,,,,,,,,,,,,,,,,,,,
290,2026-09-15,18:18:58,3,6,"Forton, Adam",YAK:FO:AD:9e782613-0d72:0168034,Right,YAK:THOMAS:9e782613-0d72:0936209,"Jeon, SangWoon",YAK:JE:SA:9e782613-0d72:0351706,Left,YAK:NKUHOM:9e782613-0d72:0744411,Stretch,9,Bottom,1,3,2,Curveball,Changeup,StrikeSwinging,,,StrikeoutSwinging,1,0,,70.2,1.27,-0.06,2209.77,50.45,7:45,5.45,-0.13,6.0,-68.51,-8.98,-16.82,0.93,-1.59,63.29,-11.52,-3.25,,,,,,,,,,,,,9.25,-5.45,0.14,50,5.51,0.51,-101.98,0.64,9.07,21.85,-37.52,YAK:NKUHOM:9e782613-0d72:0744411,YAK:THOMAS:9e782613-0d72:0936209,,,,b8025265-b0e8-4bba-9e12-d05e1860d054,9f0363f4-df54-ba8d-2cdf-e2acab4b7b0b,70.33,5.43,-0.13,1.48,-0.03,63.34,0.95,-1.58,-11.32,-3.21,0.56,-17.15,-13.45,-35.4,51.56,1801.33,-1279.95,81.52,0.52,-0.58,0.63,,,,,,,,,,,,,,,,,0.99,,,,medium,high,43.59,-3.86,54.5,"Marushi, Brady",YAK:MA:BR:9e782613-0d72:0325650,YAK:THOMAS:9e782613-0d72:0936209,2022-11,FALSE,,FALSE,,,,,,,,,,,,,,,,,,,,,,,,,,,,,,,,,,,,,,,,,,,,,,,,,
291,2026-09-15,18:19:32,4,1,"Forton, Adam",YAK:FO:AD:9e782613-0d72:0168034,Right,YAK:THOMAS:9e782613-0d72:0936209,"Bauerle, Pierce",YAK:BA:PI:9e782613-0d72:0971625,Right,YAK:NKUHOM:9e782613-0d72:0744411,Stretch,9,Bottom,2,0,0,Fastball,Cutter,BallCalled,,,,0,0,,85.76,-1.4,-2.67,1890.94,189.01,12:15,6.08,-0.02,6.0,-25.31,14.37,0.65,2.66,-2.48,76.67,-6.15,-2.55,,,,,,,,,,,,,-1.33,8.42,0.23,50,5.96,5.79,-124.5,-3.79,-1.96,30.69,-19.77,YAK:NKUHOM:9e782613-0d72:0744411,YAK:THOMAS:9e782613-0d72:0936209,,,,b8025265-b0e8-4bba-9e12-d05e1860d054,fbf47335-0736-d16a-18ab-a0611f205d2b,86.03,6.08,-0.02,-1.39,-2.7,76.88,2.66,-2.48,-6.12,-2.58,0.45,0.96,12.81,-57.78,48.69,1008.3,-1599.69,53.32,-0.53,-0.85,-0.08,,,,,,,,,,,,,,,,,0.99,,,,medium,high,46.18,-28.38,54.5,"Marushi, Brady",YAK:MA:BR:9e782613-0d72:0325650,YAK:THOMAS:9e782613-0d72:0936209,2022-11,FALSE,,FALSE,,,,,,,,,,,,,,,,,,,,,,,,,,,,,,,,,,,,,,,,,,,,,,,,,
292,2026-09-15,18:19:51,4,2,"Forton, Adam",YAK:FO:AD:9e782613-0d72:0168034,Right,YAK:THOMAS:9e782613-0d72:0936209,"Bauerle, Pierce",YAK:BA:PI:9e782613-0d72:0971625,Right,YAK:NKUHOM:9e782613-0d72:0744411,Stretch,9,Bottom,2,1,0,Curveball,Curveball,StrikeCalled,,,,0,0,,67.4,3.59,2.04,2113.45,53.17,7:45,5.41,0.22,6.0,-73.59,-8.93,-17.5,2.66,0.67,60.49,-10.2,-1.27,,,,,,,,,,,,,10.4,-6.28,-0.37,50.0,5.66,-3.07,-97.71,4.45,9.4,19.55,-37.84,YAK:NKUHOM:9e782613-0d72:0744411,YAK:THOMAS:9e782613-0d72:0936209,,,,b8025265-b0e8-4bba-9e12-d05e1860d054,11570c51-b5c9-1f63-51cd-1ddf35a16569,67.53,5.39,0.21,3.81,2.08,60.53,2.67,0.67,-9.99,-1.23,0.58,-17.9,-13.51,-31.83,91.01,1795.55,-1114.76,84.96,0.51,-0.53,0.68,,,,,,,,,,,,,,,,,1.0,,,,medium,high,8.1,58.26,54.5,"Marushi, Brady",YAK:MA:BR:9e782613-0d72:0325650,YAK:THOMAS:9e782613-0d72:0936209,2022-11,FALSE,,FALSE,,,,,,,,,,,,,,,,,,,,,,,,,,,,,,,,,,,,,,,,,,,,,,,,,
293,2026-09-15,18:20:11,4,3,"Forton, Adam",YAK:FO:AD:9e782613-0d72:0168034,Right,YAK:THOMAS:9e782613-0d72:0936209,"Bauerle, Pierce",YAK:BA:PI:9e782613-0d72:0971625,Right,YAK:NKUHOM:9e782613-0d72:0744411,Stretch,9,Bottom,2,1,1,Splitter,Fastball,BallCalled,,,,0,0,,76.64,2.6,1.38,865.95,143.71,10:45,5.45,-0.24,6.0,-44.63,5.15,-2.28,4.17,0.86,68.28,-5.8,0.95,,,,,,,,,,,,,1.77,1.87,0.14,50.0,5.63,-2.63,-111.25,3.89,2.07,24.89,-29.97,YAK:NKUHOM:9e782613-0d72:0744411,YAK:THOMAS:9e782613-0d72:0936209,,,,b8025265-b0e8-4bba-9e12-d05e1860d054,949cf83d-f76a-847b-68c2-57fff4f52b0a,76.87,5.44,-0.24,2.68,1.35,68.45,4.18,0.86,-5.7,0.93,0.51,-1.99,2.39,-77.52,15.47,187.19,-845.48,21.62,-0.17,-0.98,0.13,,,,,,,,,,,,,,,,,1.0,,,,medium,high,76.07,20.3,54.5,"Marushi, Brady",YAK:MA:BR:9e782613-0d72:0325650,YAK:THOMAS:9e782613-0d72:0936209,2022-11,FALSE,,FALSE,,,,,,,,,,,,,,,,,,,,,,,,,,,,,,,,,,,,,,,,,,,,,,,,,
294,2026-09-15,18:20:32,4,4,"Forton, Adam",YAK:FO:AD:9e782613-0d72:0168034,Right,YAK:THOMAS:9e782613-0d72:0936209,"Bauerle, Pierce",YAK:BA:PI:9e782613-0d72:0971625,Right,YAK:NKUHOM:9e782613-0d72:0744411,Stretch,9,Bottom,2,2,1,Fastball,Fastball,BallCalled,,,,0,0,,84.54,-0.64,-2.41,1878.29,186.23,12:15,6.17,0.26,6.0,-26.2,14.62,0.33,3.38,-1.98,75.49,-5.56,-2.35,,,,,,,,,,,,,-1.06,8.28,-0.07,50.0,6.1,5.16,-122.78,-2.13,-1.52,29.94,-20.32,YAK:NKUHOM:9e782613-0d72:0744411,YAK:THOMAS:9e782613-0d72:0936209,,,,b8025265-b0e8-4bba-9e12-d05e1860d054,f43ae20b-cc58-88da-3097-005feb90b5a8,84.81,6.17,0.26,-0.63,-2.44,75.71,3.38,-1.98,-5.54,-2.38,0.46,0.63,12.98,-57.25,45.4,1015.99,-1579.79,54.09,-0.54,-0.84,-0.06,,,,,,,,,,,,,,,,,0.99,,,,medium,high,49.14,-27.83,54.5,"Marushi, Brady",YAK:MA:BR:9e782613-0d72:0325650,YAK:THOMAS:9e782613-0d72:0936209,2022-11,FALSE,,FALSE,,,,,,,,,,,,,,,,,,,,,,,,,,,,,,,,,,,,,,,,,,,,,,,,,
295,2026-09-15,18:20:53,4,5,"Forton, Adam",YAK:FO:AD:9e782613-0d72:0168034,Right,YAK:THOMAS:9e782613-0d72:0936209,"Bauerle, Pierce",YAK:BA:PI:9e782613-0d72:0971625,Right,YAK:NKUHOM:9e782613-0d72:0744411,Stretch,9,Bottom,2,3,1,Curveball,Changeup,StrikeCalled,,,,0,0,,67.37,2.76,2.07,2097.82,50.9,7:45,5.54,-0.37,6.0,-74.7,-10.02,-17.65,1.91,0.11,60.64,-11.22,-1.26,,,,,,,,,,,,,10.51,-6.57,0.21,50.0,5.72,-3.14,-97.73,3.01,9.49,19.7,-38.11,YAK:NKUHOM:9e782613-0d72:0744411,YAK:THOMAS:9e782613-0d72:0936209,,,,b8025265-b0e8-4bba-9e12-d05e1860d054,2083bb12-53be-22b7-b2da-e3223593fc92,67.48,5.52,-0.37,2.98,2.12,60.67,1.92,0.11,-11.0,-1.21,0.58,-18.12,-14.7,-28.29,47.86,1847.31,-994.14,88.06,0.56,-0.47,0.68,,,,,,,,,,,,,,,,,0.99,,,,medium,high,46.93,-18.23,54.5,"Marushi, Brady",YAK:MA:BR:9e782613-0d72:0325650,YAK:THOMAS:9e782613-0d72:0936209,2022-11,FALSE,,FALSE,,,,,,,,,,,,,,,,,,,,,,,,,,,,,,,,,,,,,,,,,,,,,,,,,
296,2026-09-15,18:21:14,4,6,"Forton, Adam",YAK:FO:AD:9e782613-0d72:0168034,Right,YAK:THOMAS:9e782613-0d72:0936209,"Bauerle, Pierce",YAK:BA:PI:9e782613-0d72:0971625,Right,YAK:NKUHOM:9e782613-0d72:0744411,Stretch,9,Bottom,2,3,2,Curveball,Curveball,BallCalled,,,Walk,0,0,,69.66,3.9,0.17,2201.77,48.0,7:30,5.48,0.0,6.0,-71.05,-10.46,-16.46,3.22,-1.2,62.36,-9.43,-2.94,,,,,,,,,,,,,9.13,-7.26,-0.01,50.0,5.75,0.08,-100.99,5.22,8.8,21.11,-39.17,YAK:NKUHOM:9e782613-0d72:0744411,YAK:THOMAS:9e782613-0d72:0936209,,,,b8025265-b0e8-4bba-9e12-d05e1860d054,2d324017-86ec-9b3a-afe0-d74e133af822,69.79,5.46,0.0,4.12,0.21,62.4,3.24,-1.2,-9.22,-2.9,0.56,-16.83,-14.98,-30.34,88.57,1900.22,-1112.19,86.3,0.58,-0.51,0.64,,,,,,,,,,,,,,,,,1.0,,,,medium,high,10.28,57.81,54.5,"Marushi, Brady",YAK:MA:BR:9e782613-0d72:0325650,YAK:THOMAS:9e782613-0d72:0936209,2022-11,FALSE,,FALSE,,,,,,,,,,,,,,,,,,,,,,,,,,,,,,,,,,,,,,,,,,,,,,,,,
297,2026-09-15,18:21:46,5,1,"Forton, Adam",YAK:FO:AD:9e782613-0d72:0168034,Right,YAK:THOMAS:9e782613-0d72:0936209,"Friedberg, Hunter",YAK:FR:HU:9e782613-0d72:0161357,Left,YAK:NKUHOM:9e782613-0d72:0744411,Stretch,9,Bottom,2,0,0,Fastball,Fastball,Foul,,,,0,0,,84.89,-2.44,-1.47,1874.71,186.36,12:15,6.42,0.26,6.0,-24.73,15.72,0.08,2.06,-1.11,76.07,-7.07,-1.46,,94.22,9.88,48.03,2604.43,8.5,,,162.82,,54.59,1.44,-0.57,9.53,-0.15,50.0,6.22,3.16,-123.27,-5.98,-0.83,29.88,-18.4,YAK:NKUHOM:9e782613-0d72:0744411,YAK:THOMAS:9e782613-0d72:0936209,,,,b8025265-b0e8-4bba-9e12-d05e1860d054,43eb7512-48b1-f948-755a-53e4684c3ddd,85.16,6.42,0.27,-2.44,-1.5,76.28,2.07,-1.11,-7.05,-1.48,0.46,0.33,14.2,-52.57,50.48,1139.51,-1488.64,60.78,-0.6,-0.79,-0.07,69.01,62.08,16.17,0.67,0.9,2.04,132.7,94.35,10.11,-16.85,-0.09,0.17,0.17,-0.97,,,0.99,,1.0,51.67,medium,high,44.57,-59.42,54.5,"Marushi, Brady",YAK:MA:BR:9e782613-0d72:0325650,YAK:THOMAS:9e782613-0d72:0936209,2022-11,FALSE,,FALSE,,0.78,5,102.29,5,115.47,3,0.03,2,-9.06,4,41.71,3,14.69,5,0.54,5,-22.45,3,22.18,4,40.34,0,-9.38,4,18.2,,-11.4,,24.4,,-7.2,,21.7,,25.6,,754.83,,910.83,,899.36,,10.9,,37.2,,46.5,
298,2026-09-15,18:22:24,5,2,"Forton, Adam",YAK:FO:AD:9e782613-0d72:0168034,Right,YAK:THOMAS:9e782613-0d72:0936209,"Friedberg, Hunter",YAK:FR:HU:9e782613-0d72:0161357,Left,YAK:NKUHOM:9e782613-0d72:0744411,Stretch,9,Bottom,2,0,1,Splitter,Cutter,BallCalled,,,,0,0,,75.08,3.83,0.39,609.21,143.84,10:45,5.1,0.64,6.0,-47.99,3.98,-0.89,4.71,0.93,66.74,-5.21,0.22,,,,,,,,,,,,,0.63,0.77,-0.67,50.0,5.38,-0.71,-108.89,6.07,0.71,23.89,-31.31,YAK:NKUHOM:9e782613-0d72:0744411,YAK:THOMAS:9e782613-0d72:0936209,,,,b8025265-b0e8-4bba-9e12-d05e1860d054,8a2b9524-43cb-5a47-cb7b-fef71e6bd4e6,75.32,5.1,0.64,3.92,0.36,66.91,4.71,0.93,-5.1,0.19,0.52,-0.58,1.04,-83.7,21.98,66.81,-605.54,10.97,-0.09,-0.99,0.06,,,,,,,,,,,,,,,,,1.0,,,,medium,high,70.22,-8.76,54.5,"Marushi, Brady",YAK:MA:BR:9e782613-0d72:0325650,YAK:THOMAS:9e782613-0d72:0936209,2022-11,TRUE,Spin rate outside 800-3500rpm range,FALSE,,,,,,,,,,,,,,,,,,,,,,,,,,,,,,,,,,,,,,,,,,,,,,,,,
299,2026-09-15,18:22:45,5,3,"Forton, Adam",YAK:FO:AD:9e782613-0d72:0168034,Right,YAK:THOMAS:9e782613-0d72:0936209,"Friedberg, Hunter",YAK:FR:HU:9e782613-0d72:0161357,Left,YAK:NKUHOM:9e782613-0d72:0744411,Stretch,9,Bottom,2,1,1,Curveball,Changeup,StrikeSwinging,,,,0,0,,69.41,3.09,2.96,1910.43,57.84,8:00,5.48,-0.31,6.0,-67.87,-6.95,-16.83,2.74,1.07,62.24,-9.63,-0.22,,,,,,,,,,,,,10.37,-4.98,0.09,50.0,5.69,-4.81,-100.61,3.84,9.95,20.52,-36.95,YAK:NKUHOM:9e782613-0d72:0744411,YAK:THOMAS:9e782613-0d72:0936209,,,,b8025265-b0e8-4bba-9e12-d05e1860d054,bdd5bac2-da55-e34b-106f-2d532f1ac32a,69.55,5.47,-0.31,3.28,3.0,62.3,2.75,1.07,-9.43,-0.18,0.56,-17.2,-11.12,-36.02,49.2,1545.26,-1123.34,80.89,0.43,-0.59,0.68,,,,,,,,,,,,,,,,,0.99,,,,medium,high,45.72,-37.76,54.5,"Marushi, Brady",YAK:MA:BR:9e782613-0d72:0325650,YAK:THOMAS:9e782613-0d72:0936209,2022-11,FALSE,,FALSE,,,,,,,,,,,,,,,,,,,,,,,,,,,,,,,,,,,,,,,,,,,,,,,,,
300,2026-09-15,18:23:05,5,4,"Forton, Adam",YAK:FO:AD:9e782613-0d72:0168034,Right,YAK:THOMAS:9e782613-0d72:0936209,"Friedberg, Hunter",YAK:FR:HU:9e782613-0d72:0161357,Left,YAK:NKUHOM:9e782613-0d72:0744411,Stretch,9,Bottom,2,1,2,Fastball,Cutter,BallCalled,,,,0,0,,82.97,2.12,-0.12,1583.83,182.53,12:00,6.67,0.37,6.0,-28.43,13.98,0.38,6.29,0.29,73.7,-3.24,-0.04,,,,,,,,,,,,,-0.25,6.91,-0.36,50.0,6.82,0.23,-120.52,3.66,-0.35,29.21,-22.65,YAK:NKUHOM:9e782613-0d72:0744411,YAK:THOMAS:9e782613-0d72:0936209,,,,b8025265-b0e8-4bba-9e12-d05e1860d054,02921944-eee4-b8ab-3d16-583ae3655ad4,83.24,6.67,0.37,2.13,-0.15,73.92,6.29,0.29,-3.21,-0.07,0.47,0.68,12.16,-54.58,79.46,917.92,-1290.71,57.96,-0.58,-0.81,-0.03,,,,,,,,,,,,,,,,,1.0,,,,medium,high,18.48,-87.77,54.5,"Marushi, Brady",YAK:MA:BR:9e782613-0d72:0325650,YAK:THOMAS:9e782613-0d72:0936209,2022-11,FALSE,,FALSE,,,,,,,,,,,,,,,,,,,,,,,,,,,,,,,,,,,,,,,,,,,,,,,,,
301,2026-09-15,18:23:26,5,5,"Forton, Adam",YAK:FO:AD:9e782613-0d72:0168034,Right,YAK:THOMAS:9e782613-0d72:0936209,"Friedberg, Hunter",YAK:FR:HU:9e782613-0d72:0161357,Left,YAK:NKUHOM:9e782613-0d72:0744411,Stretch,9,Bottom,2,2,2,Curveball,Changeup,Foul,,,,0,0,,69.72,2.83,2.13,1978.14,51.49,7:45,5.58,-0.33,6.0,-69.19,-8.84,-16.13,2.48,0.33,62.59,-10.13,-0.92,,,,,,,,,,,,,9.69,-5.94,0.17,50.0,5.77,-3.38,-101.14,3.37,9.38,20.95,-37.93,YAK:NKUHOM:9e782613-0d72:0744411,YAK:THOMAS:9e782613-0d72:0936209,,,,b8025265-b0e8-4bba-9e12-d05e1860d054,dbbd92cc-9138-e91f-677d-f47d9b8672ca,69.86,5.56,-0.33,3.04,2.17,62.64,2.49,0.33,-9.93,-0.88,0.56,-16.47,-13.16,-34.52,81.84,1629.89,-1120.93,82.4,0.51,-0.57,0.64,,,,,,,,,,,,,,,,,1.0,,,,medium,high,16.34,-58.87,54.5,"Marushi, Brady",YAK:MA:BR:9e782613-0d72:0325650,YAK:THOMAS:9e782613-0d72:0936209,2022-11,FALSE,,FALSE,,,,,,,,,,,,,,,,,,,,,,,,,,,,,,,,,,,,,,,,,,,,,,,,,
302,2026-09-15,18:23:50,5,6,"Forton, Adam",YAK:FO:AD:9e782613-0d72:0168034,Right,YAK:THOMAS:9e782613-0d72:0936209,"Friedberg, Hunter",YAK:FR:HU:9e782613-0d72:0161357,Left,YAK:NKUHOM:9e782613-0d72:0744411,Stretch,9,Bottom,2,2,2,Curveball,Changeup,InPlay,,FlyBall,Single,0,1,,69.65,2.25,1.95,2162.63,49.87,7:45,5.27,-0.11,6.0,-70.6,-10.12,-16.99,1.5,0.31,62.66,-10.96,-1.26,,83.67,15.37,22.73,956.9,16.93,,,194.9,,27.44,2.04,10.1,-6.43,-0.03,50.0,5.41,-3.05,-101.07,2.31,9.76,21.1,-38.39,YAK:NKUHOM:9e782613-0d72:0744411,YAK:THOMAS:9e782613-0d72:0936209,,,,b8025265-b0e8-4bba-9e12-d05e1860d054,7de4cc0e-e9d6-18c5-d11c-b230565a69ec,69.77,5.25,-0.12,2.46,2.0,62.7,1.52,0.31,-10.75,-1.22,0.56,-17.4,-14.57,-31.35,35.27,1846.99,-1124.99,85.4,0.55,-0.52,0.65,31.18,74.41,22.18,-0.2,3.04,2.0,89.8,172.98,18.47,-0.36,0.06,0.34,0.28,-0.9,,,1.0,,0.98,49.23,medium,high,58.25,-11.23,54.5,"Marushi, Brady",YAK:MA:BR:9e782613-0d72:0325650,YAK:THOMAS:9e782613-0d72:0936209,2022-11,FALSE,,FALSE,,0.86,5,84.25,3,86.39,4,-0.01,3,-25.44,5,35.44,4,12.84,5,0.6,5,-48.32,0,20.8,5,35.19,0,-10.49,3,22,,-13.9,,31.8,,3.4,,26.4,,32,,659.35,,675.98,,896.57,,14.1,,40.6,,52.7,
303,2026-09-15,18:24:29,6,1,"Forton, Adam",YAK:FO:AD:9e782613-0d72:0168034,Right,YAK:THOMAS:9e782613-0d72:0936209,"Nowak, Mark",YAK:NO:MA:9e782613-0d72:0541523,Right,YAK:NKUHOM:9e782613-0d72:0744411,Stretch,9,Bottom,2,0,0,Curveball,Curveball,StrikeCalled,,,,0,0,,67.34,3.75,2.32,1970.27,54.73,7:45,5.54,0.02,6.0,-72.74,-7.96,-16.98,3.01,0.79,60.39,-9.89,-0.88,,,,,,,,,,,,,10.22,-5.79,-0.2,50.0,5.8,-3.57,-97.59,4.74,9.22,19.4,-37.4,YAK:NKUHOM:9e782613-0d72:0744411,YAK:THOMAS:9e782613-0d72:0936209,,,,b8025265-b0e8-4bba-9e12-d05e1860d054,37d44565-1b17-f678-b8a4-429efd0bc5ec,67.48,5.52,0.02,3.96,2.36,60.43,3.02,0.79,-9.68,-0.84,0.58,-17.34,-12.48,-33.85,74.25,1636.26,-1097.55,83.05,0.48,-0.56,0.68,,,,,,,,,,,,,,,,,1.0,,,,medium,high,23.18,17.97,54.5,"Marushi, Brady",YAK:MA:BR:9e782613-0d72:0325650,YAK:THOMAS:9e782613-0d72:0936209,2022-11,FALSE,,FALSE,,,,,,,,,,,,,,,,,,,,,,,,,,,,,,,,,,,,,,,,,,,,,,,,,
304,2026-09-15,18:24:53,6,2,"Forton, Adam",YAK:FO:AD:9e782613-0d72:0168034,Right,YAK:THOMAS:9e782613-0d72:0936209,"Nowak, Mark",YAK:NO:MA:9e782613-0d72:0541523,Right,YAK:NKUHOM:9e782613-0d72:0744411,Stretch,9,Bottom,2,0,1,Fastball,Fastball,BallCalled,,,,0,0,,83.61,-0.66,-1.25,1745.08,186.27,12:15,6.38,0.36,6.0,-27.31,14.36,0.34,3.48,-0.79,74.69,-5.79,-1.19,,,,,,,,,,,,,-0.65,8.14,-0.26,50.0,6.31,2.65,-121.51,-2.18,-0.91,29.31,-20.75,YAK:NKUHOM:9e782613-0d72:0744411,YAK:THOMAS:9e782613-0d72:0936209,,,,b8025265-b0e8-4bba-9e12-d05e1860d054,4014bd0d-47e0-048c-d0e7-f6f7e52585b6,83.87,6.37,0.36,-0.65,-1.28,74.91,3.48,-0.79,-5.76,-1.22,0.46,0.64,12.66,-55.9,15.58,978.42,-1444.99,56.07,-0.56,-0.83,-0.06,,,,,,,,,,,,,,,,,1.0,,,,medium,high,75.98,-41.48,54.5,"Marushi, Brady",YAK:MA:BR:9e782613-0d72:0325650,YAK:THOMAS:9e782613-0d72:0936209,2022-11,FALSE,,FALSE,,,,,,,,,,,,,,,,,,,,,,,,,,,,,,,,,,,,,,,,,,,,,,,,,
305,2026-09-15,18:25:09,6,3,"Forton, Adam",YAK:FO:AD:9e782613-0d72:0168034,Right,YAK:THOMAS:9e782613-0d72:0936209,"Nowak, Mark",YAK:NO:MA:9e782613-0d72:0541523,Right,YAK:NKUHOM:9e782613-0d72:0744411,Stretch,9,Bottom,2,1,1,Splitter,Cutter,Foul,,,,0,0,,77.46,1.39,0.78,914.31,174.6,11:45,5.64,0.04,6.0,-40.86,7.76,-1.07,3.53,0.68,69.16,-6.3,0.58,,,,,,,,,,,,,0.88,3.76,-0.1,50,5.72,-1.51,-112.56,1.65,1.06,25.42,-27.66,YAK:NKUHOM:9e782613-0d72:0744411,YAK:THOMAS:9e782613-0d72:0936209,,,,b8025265-b0e8-4bba-9e12-d05e1860d054,e80aa461-f289-443b-109c-30b002f6b692,77.71,5.63,0.04,1.46,0.75,69.34,3.54,0.68,-6.21,0.55,0.5,-0.77,5.22,-70.24,43.59,309.09,-860.48,33.81,-0.34,-0.94,0.03,,,,,,,,,,,,,,,,,1.0,,,,medium,high,50.77,20.36,54.5,"Marushi, Brady",YAK:MA:BR:9e782613-0d72:0325650,YAK:THOMAS:9e782613-0d72:0936209,2022-11,FALSE,,FALSE,,,,,,,,,,,,,,,,,,,,,,,,,,,,,,,,,,,,,,,,,,,,,,,,,
306,2026-09-15,18:25:34,6,4,"Forton, Adam",YAK:FO:AD:9e782613-0d72:0168034,Right,YAK:THOMAS:9e782613-0d72:0936209,"Nowak, Mark",YAK:NO:MA:9e782613-0d72:0541523,Right,YAK:NKUHOM:9e782613-0d72:0744411,Stretch,9,Bottom,2,1,2,Fastball,Cutter,StrikeCalled,,,StrikeoutLooking,1,0,,83.34,-1.08,-1.63,1785.38,182.53,12:00,6.5,0.06,6.0,-28.96,13.01,-0.74,3.06,-1.53,74.54,-6.52,-1.77,,,,,,,,,,,,,-0.19,7.55,0.07,50.0,6.4,3.48,-121.08,-3.11,-0.27,29.13,-21.65,YAK:NKUHOM:9e782613-0d72:0744411,YAK:THOMAS:9e782613-0d72:0936209,,,,b8025265-b0e8-4bba-9e12-d05e1860d054,27a2d571-b2ae-5284-42f5-c71c44c0bb88,83.59,6.49,0.07,-1.06,-1.66,74.75,3.07,-1.53,-6.48,-1.8,0.47,-0.46,11.21,-61.51,51.86,851.59,-1569.2,47.7,-0.48,-0.88,-0.02,,,,,,,,,,,,,,,,,0.97,,,,medium,high,43.33,52.24,54.5,"Marushi, Brady",YAK:MA:BR:9e782613-0d72:0325650,YAK:THOMAS:9e782613-0d72:0936209,2022-11,FALSE,,FALSE,,,,,,,,,,,,,,,,,,,,,,,,,,,,,,,,,,,,,,,,,,,,,,,,,
,2026-09-15,18:26:09,,,,,,,,,,,,,,,,,,Fastball,,,,,,,,84.31,-0.16,-0.63,1816.13,224.73,1:30,6.24,0.96,6.0,-25.26,15.72,12.93,3.99,1.44,75.21,-4.91,1.8,,,,,,,,,,,,,-7.35,8.71,-0.92,50.0,6.22,0.99,-122.56,-1.07,-10.48,29.96,-19.75,,,,,,,770249b5-baa2-8320-7d0f-584057305a46,84.57,6.24,0.97,-0.17,-0.72,75.42,3.99,1.44,-4.9,1.72,0.46,13.75,14.19,-26.14,90.45,1630.4,-800.07,89.77,-0.64,-0.44,-0.63,,,,,,,,,,,,,,,,,1.0,,,,medium,high,8.6,-55.77,54.5,,,,2022-11,FALSE,,FALSE,,,,,,,,,,,,,,,,,,,,,,,,,,,,,,,,,,,,,,,,,,,,,,,,,
,2026-09-15,18:26:25,,,,,,,,,,,,,,,,,,Fastball,,,,,,,,89.71,-1.55,-1.99,2013.28,227.78,1:30,5.97,0.51,6.0,-22.97,13.25,11.15,2.6,-0.43,80.14,-5.86,0.12,,,,,,,,,,,,,-6.85,7.85,-0.36,50.0,5.84,4.18,-130.29,-4.22,-11.07,33.52,-19.5,,,,,,,84d54fea-35a0-88b6-5426-15459d6a1cf9,89.97,5.97,0.51,-1.55,-2.07,80.35,2.61,-0.43,-5.85,0.03,0.43,11.93,11.95,-41.03,6.8,1518.83,-1321.54,75.44,-0.51,-0.66,-0.56,,,,,,,,,,,,,,,,,0.98,,,,medium,high,83.88,37.05,54.5,,,,2022-11,FALSE,,FALSE,,,,,,,,,,,,,,,,,,,,,,,,,,,,,,,,,,,,,,,,,,,,,,,,,
,2026-09-15,18:26:35,,,,,,,,,,,,,,,,,,Fastball,,,,,,,,91.38,-1.91,-2.85,1876.67,245.19,2:15,6.04,1.09,6.0,-25.14,9.82,15.58,2.15,-0.29,81.69,-6.62,0.09,,,,,,,,,,,,,-9.6,6.09,-0.87,50.0,5.88,6.11,-132.61,-5.2,-16.06,34.71,-21.98,,,,,,,9cb48939-fa0e-cbd6-c649-60cb535c8c8f,91.63,6.04,1.1,-1.89,-2.95,81.89,2.15,-0.3,-6.59,-0.02,0.43,16.54,8.43,-29.78,28.05,1628.9,-931.98,86.8,-0.36,-0.5,-0.79,,,,,,,,,,,,,,,,,0.98,,,,medium,high,64.76,-66.8,54.5,,,,2022-11,FALSE,,FALSE,,,,,,,,,,,,,,,,,,,,,,,,,,,,,,,,,,,,,,,,,,,,,,,,,
,2026-09-15,18:26:45,,,,,,,,,,,,,,,,,,Slider,,,,,,,,78.99,0.71,-1.59,2310.93,68.95,8:15,5.28,0.66,6.0,-45.88,0.99,-8.28,2.12,-1.52,70.69,-7.9,-3.15,,,,,,,,,,,,,3.96,0.28,-0.53,50.0,5.31,3.4,-114.75,0.19,4.94,26.9,-31.83,,,,,,,e877499c-7ff5-9cff-663b-b65d21534835,79.21,5.27,0.66,0.82,-1.61,70.85,2.13,-1.52,-7.78,-3.16,0.49,-8.09,-1.97,-72.15,9.15,708.37,-2199.68,30.65,0.11,-0.95,0.29,,,,,,,,,,,,,,,,,0.99,,,,medium,high,81.76,-25.16,54.5,,,,2022-11,FALSE,,FALSE,,,,,,,,,,,,,,,,,,,,,,,,,,,,,,,,,,,,,,,,,,,,,,,,,
,2026-09-15,18:26:59,,,,,,,,,,,,,,,,,,Curveball,,,,,,,,73.01,2.73,1.21,2422.92,48.19,7:30,5.38,0.47,6.0,-65.29,-10.27,-15.96,2.5,0.28,65.42,-9.52,-1.8,,,,,,,,,,,,,9.25,-6.7,-0.56,50.0,5.56,-1.85,-105.96,3.44,9.82,23.14,-39.28,,,,,,,f1c2bcf8-11e2-9f9d-752b-254eb0317174,73.15,5.36,0.47,2.93,1.25,65.48,2.52,0.28,-9.32,-1.77,0.53,-16.26,-14.4,-36.41,0.25,1950.05,-1437.99,80.48,0.54,-0.59,0.6,,,,,,,,,,,,,,,,,0.94,,,,medium,high,89.78,-28.03,54.5,,,,2022-11,FALSE,,FALSE,,,,,,,,,,,,,,,,,,,,,,,,,,,,,,,,,,,,,,,,,,,,,,,,,
,2026-09-15,18:27:13,,,,,,,,,,,,,,,,,,Changeup,,,,,,,,84.85,0.04,-2.15,1544.95,242.28,2:00,5.8,0.84,6.0,-30.57,9.93,13.61,3.29,-0.04,75.73,-5.71,0.42,,,,,,,,,,,,,-8.27,5.45,-0.68,50.0,5.78,4.23,-123.26,-0.79,-11.95,30.21,-24.31,,,,,,,649239c3-8429-0e49-23ad-fae2f74e735a,85.1,5.8,0.85,0.07,-2.24,75.92,3.29,-0.05,-5.66,0.33,0.46,14.53,8.16,-34.88,14.52,1267.48,-883.38,82.04,-0.38,-0.57,-0.73,,,,,,,,,,,,,,,,,1.0,,,,medium,high,76.93,-11.14,54.5,,,,2022-11,FALSE,,FALSE,,,,,,,,,,,,,,,,,,,,,,,,,,,,,,,,,,,,,,,,,,,,,,,,,
,2026-09-15,18:27:24,,,,,,,,,,,,,,,,,,Fastball,,,,,,,,90.43,-0.75,-2.4,1943.59,236.93,2:00,6.07,0.78,6.0,-23.92,11.73,13.9,3.37,-0.31,80.68,-5.25,0.22,,,,,,,,,,,,,-8.52,6.73,-0.6,50.0,5.99,5.08,-131.34,-2.46,-13.98,34.15,-21.14,,,,,,,cbaa138c-9042-6d28-99ad-37e5fbaca56a,90.69,6.07,0.79,-0.75,-2.5,80.88,3.37,-0.32,-5.23,0.13,0.43,14.81,10.39,-34.88,6.82,1594.43,-1111.47,82.03,-0.45,-0.57,-0.69,,,,,,,,,,,,,,,,,1.0,,,,medium,high,83.86,11.02,54.5,,,,2022-11,FALSE,,FALSE,,,,,,,,,,,,,,,,,,,,,,,,,,,,,,,,,,,,,,,,,,,,,,,,,
307,2026-09-15,18:27:54,1,1,"Henderson, Christian",YAK:HE:CH:9e782613-0d72:0282706,Right,YAK:NKUHOM:9e782613-0d72:0744411,"Tippie, Austin",YAK:SH:PA:9e782613-0d72:0095366,Right,YAK:THOMAS:9e782613-0d72:0936209,,10,Top,0,0,0,,Curveball,,,,,,,,75.36,1.17,-0.15,2412.7,39.32,7:15,5.39,0.77,6.0,-63.55,-11.9,-13.75,1.19,-0.52,67.73,-10.72,-2.75,,,,,,,,,,,,,7.52,-7.01,-0.75,50.0,5.45,0.64,-109.47,0.62,8.5,25.16,-40.1,YAK:NKUHOM:9e782613-0d72:0744411,YAK:THOMAS:9e782613-0d72:0936209,,,,b8025265-b0e8-4bba-9e12-d05e1860d054,286968a1-9da6-e1f6-b697-24eb1373dd6f,75.49,5.37,0.77,1.38,-0.13,67.79,1.21,-0.52,-10.52,-2.73,0.52,-13.91,-16.0,-37.57,35.19,1912.28,-1471.16,79.26,0.61,-0.61,0.5,,,,,,,,,,,,,,,,,0.99,,,,medium,high,58.33,-32.39,54.5,"Turner, Tyler",YAK:TU:TY:9e782613-0d72:0703730,YAK:NKUHOM:9e782613-0d72:0744411,2022-11,FALSE,,FALSE,,,,,,,,,,,,,,,,,,,,,,,,,,,,,,,,,,,,,,,,,,,,,,,,,
308,2026-09-15,18:28:10,1,2,"Henderson, Christian",YAK:HE:CH:9e782613-0d72:0282706,Right,YAK:NKUHOM:9e782613-0d72:0744411,"Tippie, Austin",YAK:SH:PA:9e782613-0d72:0095366,Right,YAK:THOMAS:9e782613-0d72:0936209,,10,Top,0,1,0,,Fastball,,,,,,,,92.24,-1.42,-1.64,1968.11,232.81,1:45,5.64,0.56,6.0,-21.89,12.37,12.82,2.47,0.08,82.35,-5.53,0.78,,,,,,,,,,,,,-7.65,7.32,-0.44,50,5.51,3.44,-134.01,-4.02,-13.06,35.59,-19.68,YAK:NKUHOM:9e782613-0d72:0744411,YAK:THOMAS:9e782613-0d72:0936209,,,,b8025265-b0e8-4bba-9e12-d05e1860d054,aeef24b1-088f-9455-ba8f-3191f05752f9,92.51,5.64,0.57,-1.43,-1.73,82.56,2.47,0.08,-5.52,0.69,0.42,13.66,11.12,-35.99,19.07,1592.34,-1156.68,80.91,-0.49,-0.59,-0.64,,,,,,,,,,,,,,,,,0.99,,,,medium,high,107.16,14.46,54.5,"Turner, Tyler",YAK:TU:TY:9e782613-0d72:0703730,YAK:NKUHOM:9e782613-0d72:0744411,2022-11,FALSE,,FALSE,,,,,,,,,,,,,,,,,,,,,,,,,,,,,,,,,,,,,,,,,,,,,,,,,
309,2026-09-15,18:28:36,1,3,"Henderson, Christian",YAK:HE:CH:9e782613-0d72:0282706,Right,YAK:NKUHOM:9e782613-0d72:0744411,"Tippie, Austin",YAK:SH:PA:9e782613-0d72:0095366,Right,YAK:THOMAS:9e782613-0d72:0936209,,10,Top,0,1,1,,Changeup,,,,,,,,83.54,-1.62,-4.99,1585.97,251.77,2:30,5.67,0.67,6.0,-34.04,7.95,12.94,1.3,-2.94,74.87,-7.98,-2.56,,,,,,,,,,,,,-8.91,4.96,-0.29,50.0,5.52,10.19,-120.95,-4.4,-12.42,28.68,-25.27,YAK:NKUHOM:9e782613-0d72:0744411,YAK:THOMAS:9e782613-0d72:0936209,,,,b8025265-b0e8-4bba-9e12-d05e1860d054,0c048e5c-8ec4-4b27-9c1a-cafc545f8fb6,83.78,5.66,0.68,-1.58,-5.09,75.05,1.31,-2.95,-7.93,-2.66,0.47,13.89,6.11,-42.55,25.88,1168.36,-1072.49,73.67,-0.23,-0.68,-0.7,,,,,,,,,,,,,,,,,1.0,,,,medium,high,66.7,12.81,54.5,"Turner, Tyler",YAK:TU:TY:9e782613-0d72:0703730,YAK:NKUHOM:9e782613-0d72:0744411,2022-11,FALSE,,FALSE,,,,,,,,,,,,,,,,,,,,,,,,,,,,,,,,,,,,,,,,,,,,,,,,,
310,2026-09-15,18:29:00,1,4,"Henderson, Christian",YAK:HE:CH:9e782613-0d72:0282706,Right,YAK:NKUHOM:9e782613-0d72:0744411,"Tippie, Austin",YAK:SH:PA:9e782613-0d72:0095366,Right,YAK:THOMAS:9e782613-0d72:0936209,,10,Top,0,2,1,,Slider,,,,,,,,78.74,-0.13,0.41,2407.74,57.82,8:00,5.22,0.53,6.0,-50.77,-3.61,-12.21,0.87,-0.1,70.7,-9.63,-1.9,,,,,,,,,,,,,6.88,-1.94,-0.56,50.0,5.19,-0.49,-114.43,-1.62,8.53,26.92,-34.57,YAK:NKUHOM:9e782613-0d72:0744411,YAK:THOMAS:9e782613-0d72:0936209,,,,b8025265-b0e8-4bba-9e12-d05e1860d054,5b5c45be-9116-7f33-9948-dd3aa3555a4a,78.93,5.21,0.53,0.01,0.41,70.83,0.88,-0.1,-9.48,-1.89,0.49,-12.22,-6.9,-59.67,18.88,1215.87,-2078.18,50.5,0.27,-0.86,0.43,,,,,,,,,,,,,,,,,1.0,,,,medium,high,106.99,-19.93,54.5,"Turner, Tyler",YAK:TU:TY:9e782613-0d72:0703730,YAK:NKUHOM:9e782613-0d72:0744411,2022-11,FALSE,,FALSE,,,,,,,,,,,,,,,,,,,,,,,,,,,,,,,,,,,,,,,,,,,,,,,,,
311,2026-09-15,18:29:17,1,5,"Henderson, Christian",YAK:HE:CH:9e782613-0d72:0282706,Right,YAK:NKUHOM:9e782613-0d72:0744411,"Tippie, Austin",YAK:SH:PA:9e782613-0d72:0095366,Right,YAK:THOMAS:9e782613-0d72:0936209,,10,Top,0,3,1,,Fastball,,,,,,,,91.66,-2.44,-1.5,2017.35,229.94,1:45,5.98,0.55,6.0,-21.05,13.66,12.89,1.93,0.22,81.96,-6.38,0.93,,12.41,58.93,112.76,1741.43,,,,7.61,,109.07,1.08,-7.63,8.4,-0.44,50.0,5.78,3.08,-133.08,-6.33,-12.86,34.94,-18.02,YAK:NKUHOM:9e782613-0d72:0744411,YAK:THOMAS:9e782613-0d72:0936209,,,,b8025265-b0e8-4bba-9e12-d05e1860d054,9ab2ea81-05ce-e67d-2a97-ebb1cfe6ed59,91.92,5.98,0.56,-2.45,-1.58,82.17,1.93,0.22,-6.38,0.85,0.42,13.72,12.47,-32.64,14.51,1698.76,-1088.08,84.21,-0.54,-0.54,-0.64,5.91,-2.48,10.63,-1.59,1.39,0.91,7.19,-2.48,-0.02,-0.03,-0.64,-0.2,-0.97,-0.13,,,0.99,,0.99,-18.24,medium,high,76.94,-11.81,54.5,"Turner, Tyler",YAK:TU:TY:9e782613-0d72:0703730,YAK:NKUHOM:9e782613-0d72:0744411,2022-11,FALSE,,FALSE,,,,,,,,,,,,,,,,,,,,,,,,,,,,,,,,,,,,,,,,,,,,,,,,,
312,2026-09-15,18:29:46,1,6,"Henderson, Christian",YAK:HE:CH:9e782613-0d72:0282706,Right,YAK:NKUHOM:9e782613-0d72:0744411,"Tippie, Austin",YAK:SH:PA:9e782613-0d72:0095366,Right,YAK:THOMAS:9e782613-0d72:0936209,Windup,10,Top,0,3,2,Slider,Slider,BallCalled,,,Walk,0,0,,81.21,-0.93,-1.66,2388.13,53.87,7:45,5.65,0.64,6.0,-45.44,-1.05,-8.3,0.99,-1.61,72.91,-9.42,-3.23,,,,,,,,,,,,,3.94,-0.23,-0.51,50.0,5.55,3.65,-117.96,-3.16,5.18,28.63,-32.47,YAK:NKUHOM:9e782613-0d72:0744411,YAK:THOMAS:9e782613-0d72:0936209,,,,b8025265-b0e8-4bba-9e12-d05e1860d054,0ee388a7-2b04-c5e8-163d-3e6d5cd4b998,81.42,5.64,0.65,-0.81,-1.68,73.05,1.0,-1.61,-9.29,-3.24,0.48,-8.11,-4.0,-71.28,25.62,766.52,-2261.77,32.1,0.19,-0.95,0.26,,,,,,,,,,,,,,,,,0.99,,,,medium,high,113.06,-5.72,54.5,"Turner, Tyler",YAK:TU:TY:9e782613-0d72:0703730,YAK:NKUHOM:9e782613-0d72:0744411,2022-11,FALSE,,FALSE,,,,,,,,,,,,,,,,,,,,,,,,,,,,,,,,,,,,,,,,,,,,,,,,,
313,2026-09-15,18:30:12,2,1,"Henderson, Christian",YAK:HE:CH:9e782613-0d72:0282706,Right,YAK:NKUHOM:9e782613-0d72:0744411,"O'Donnell, Sean",YAK:TI:AU:9e782613-0d72:0506154,Right,YAK:THOMAS:9e782613-0d72:0936209,,10,Top,0,0,0,,Fastball,,,,,,,,91.12,-2.03,-2.92,1983.26,232.06,1:45,6.11,0.56,6.0,-21.52,13.63,13.74,2.41,-1.03,81.43,-6.07,-0.33,,,,,,,,,,,,,-8.61,8.23,-0.34,50.0,5.94,6.31,-132.22,-5.37,-14.33,34.28,-18.48,YAK:NKUHOM:9e782613-0d72:0744411,YAK:THOMAS:9e782613-0d72:0936209,,,,b8025265-b0e8-4bba-9e12-d05e1860d054,6492a5e8-ab2d-b3d3-6286-2de6638b550f,91.38,6.11,0.57,-2.04,-3.01,81.64,2.41,-1.04,-6.06,-0.42,0.43,14.6,12.44,-30.44,31.29,1709.89,-1004.78,86.22,-0.53,-0.51,-0.68,,,,,,,,,,,,,,,,,0.99,,,,medium,high,61.84,-12.59,54.5,"Turner, Tyler",YAK:TU:TY:9e782613-0d72:0703730,YAK:NKUHOM:9e782613-0d72:0744411,2022-11,FALSE,,FALSE,,0.7,5,103.58,5,142.14,2,-0.04,5,6.43,2,27.27,5,26.47,3,0.51,5,26.4,0,38.76,2,20.44,4,18.46,2,20.2,,-4.9,,14.2,,-4.9,,20.8,,15.1,,668.79,,941.75,,1035.24,,23.7,,43.4,,51.2,
314,2026-09-15,18:30:34,2,2,"Henderson, Christian",YAK:HE:CH:9e782613-0d72:0282706,Right,YAK:NKUHOM:9e782613-0d72:0744411,"O'Donnell, Sean",YAK:TI:AU:9e782613-0d72:0506154,Right,YAK:THOMAS:9e782613-0d72:0936209,,10,Top,0,0,1,,Fastball,,,,,,,,90.63,-3.08,-2.56,1939.53,232.35,1:45,6.33,0.69,6.0,-22.34,13.21,13.06,1.57,-0.63,81.16,-7.26,-0.1,,,,,,,,,,,,,-8.1,8.37,-0.49,50.0,6.07,5.48,-131.44,-7.78,-13.33,33.82,-18.39,YAK:NKUHOM:9e782613-0d72:0744411,YAK:THOMAS:9e782613-0d72:0936209,,,,b8025265-b0e8-4bba-9e12-d05e1860d054,2f623c8c-4b31-eb9f-0ac1-41abea7609bb,90.89,6.33,0.7,-3.09,-2.65,81.37,1.57,-0.64,-7.25,-0.19,0.43,13.9,11.98,-32.79,47.65,1630.43,-1050.46,84.06,-0.51,-0.54,-0.67,,,,,,,,,,,,,,,,,0.97,,,,medium,high,47.11,-0.92,54.5,"Turner, Tyler",YAK:TU:TY:9e782613-0d72:0703730,YAK:NKUHOM:9e782613-0d72:0744411,2022-11,FALSE,,FALSE,,,,,,,,,,,,,,,,,,,,,,,,,,,,,,,,,,,,,,,,,,,,,,,,,
315,2026-09-15,18:30:53,2,3,"Henderson, Christian",YAK:HE:CH:9e782613-0d72:0282706,Right,YAK:NKUHOM:9e782613-0d72:0744411,"O'Donnell, Sean",YAK:TI:AU:9e782613-0d72:0506154,Right,YAK:THOMAS:9e782613-0d72:0936209,Windup,10,Top,0,0,2,Slider,Slider,StrikeSwinging,,,StrikeoutSwinging,1,0,,80.6,-0.09,-0.98,2414.73,59.1,8:00,5.53,0.64,6.0,-46.39,-1.38,-9.55,1.58,-1.07,72.25,-8.78,-2.78,,,,,,,,,,,,,4.89,-0.73,-0.56,50.0,5.49,2.26,-117.12,-1.45,6.35,28.15,-33.12,YAK:NKUHOM:9e782613-0d72:0744411,YAK:THOMAS:9e782613-0d72:0936209,,,,b8025265-b0e8-4bba-9e12-d05e1860d054,8bbe4f50-a547-aad2-71a0-506795580f00,80.81,5.52,0.64,0.03,-0.99,72.4,1.58,-1.07,-8.65,-2.79,0.48,-9.43,-4.38,-67.88,28.71,909.35,-2236.97,37.66,0.19,-0.93,0.32,,,,,,,,,,,,,,,,,0.98,,,,medium,high,115.84,-6.32,54.5,"Turner, Tyler",YAK:TU:TY:9e782613-0d72:0703730,YAK:NKUHOM:9e782613-0d72:0744411,2022-11,FALSE,,FALSE,,,,,,,,,,,,,,,,,,,,,,,,,,,,,,,,,,,,,,,,,,,,,,,,,
316,2026-09-15,18:31:18,3,1,"Henderson, Christian",YAK:HE:CH:9e782613-0d72:0282706,Right,YAK:NKUHOM:9e782613-0d72:0744411,"Cumberland, Teagan",YAK:OD:SE:9e782613-0d72:0007075,Right,YAK:THOMAS:9e782613-0d72:0936209,,10,Top,1,0,0,,Changeup,,,,,,,,80.45,-0.4,-2.87,1586.61,253.43,2:30,5.77,1.4,6.0,-37.39,7.7,15.46,2.29,-0.01,72.03,-7.41,0.05,,,,,,,,,,,,,-9.55,4.38,-1.18,50.0,5.72,5.43,-116.81,-1.83,-12.39,27.07,-26.49,YAK:NKUHOM:9e782613-0d72:0744411,YAK:THOMAS:9e782613-0d72:0936209,,,,b8025265-b0e8-4bba-9e12-d05e1860d054,5f3891dd-ec76-9789-9d45-c8defa9093f6,80.68,5.77,1.41,-0.35,-2.98,72.2,2.29,-0.01,-7.34,-0.06,0.48,16.52,5.59,-33.6,3.06,1321.57,-877.94,83.3,-0.24,-0.55,-0.8,,,,,,,,,,,,,,,,,0.99,,,,medium,high,87.24,-43.89,54.5,"Turner, Tyler",YAK:TU:TY:9e782613-0d72:0703730,YAK:NKUHOM:9e782613-0d72:0744411,2022-11,FALSE,,FALSE,,,,,,,,,,,,,,,,,,,,,,,,,,,,,,,,,,,,,,,,,,,,,,,,,
317,2026-09-15,18:31:38,3,2,"Henderson, Christian",YAK:HE:CH:9e782613-0d72:0282706,Right,YAK:NKUHOM:9e782613-0d72:0744411,"Cumberland, Teagan",YAK:OD:SE:9e782613-0d72:0007075,Right,YAK:THOMAS:9e782613-0d72:0936209,,10,Top,1,0,1,,Slider,,,,,,,,79.43,-0.1,-1.23,2324.81,55.53,7:45,5.73,1.34,6.0,-46.71,-0.37,-7.3,1.74,-0.42,71.23,-8.84,-2.61,,,,,,,,,,,,,3.56,-0.17,-1.24,50.0,5.69,2.67,-115.41,-1.45,4.48,27.25,-32.38,YAK:NKUHOM:9e782613-0d72:0744411,YAK:THOMAS:9e782613-0d72:0936209,,,,b8025265-b0e8-4bba-9e12-d05e1860d054,ffb39717-03f9-ad69-cfa0-3859e9859f22,79.64,5.72,1.34,0.02,-1.26,71.37,1.75,-0.43,-8.71,-2.63,0.49,-7.03,-3.35,-73.81,27.98,648.24,-2232.6,27.88,0.16,-0.96,0.23,,,,,,,,,,,,,,,,,1.0,,,,medium,high,115.18,-5.43,54.5,"Turner, Tyler",YAK:TU:TY:9e782613-0d72:0703730,YAK:NKUHOM:9e782613-0d72:0744411,2022-11,FALSE,,FALSE,,,,,,,,,,,,,,,,,,,,,,,,,,,,,,,,,,,,,,,,,,,,,,,,,
318,2026-09-15,18:32:01,3,3,"Henderson, Christian",YAK:HE:CH:9e782613-0d72:0282706,Right,YAK:NKUHOM:9e782613-0d72:0744411,"Cumberland, Teagan",YAK:OD:SE:9e782613-0d72:0007075,Right,YAK:THOMAS:9e782613-0d72:0936209,,10,Top,1,0,2,,Fastball,,,,,,,,93.22,-1.94,-1.34,2132.15,223.22,1:30,6.13,0.54,6.0,-17.18,16.35,12.97,2.88,0.37,83.22,-5.16,1.11,,77.18,48.42,-72.7,,82.88,,,242.65,,-72.66,4.57,-7.62,9.69,-0.44,50,5.97,2.75,-135.42,-5.13,-13.29,36.17,-15.26,YAK:NKUHOM:9e782613-0d72:0744411,YAK:THOMAS:9e782613-0d72:0936209,,,,b8025265-b0e8-4bba-9e12-d05e1860d054,7b50ab77-c469-6fd1-56ca-3e9e3dbca856,93.5,6.13,0.55,-1.96,-1.42,83.44,2.88,0.36,-5.17,1.03,0.42,13.75,15.35,-24.59,74.24,1938.75,-887.31,90.93,-0.66,-0.42,-0.62,-48.91,15.24,57.73,-0.38,0.29,2.81,-231.62,72.33,,,,,,,,,1.0,,,30.32,medium,high,23.18,-39.13,54.5,"Turner, Tyler",YAK:TU:TY:9e782613-0d72:0703730,YAK:NKUHOM:9e782613-0d72:0744411,2022-11,FALSE,,FALSE,,,,,,,,,,,,,,,,,,,,,,,,,,,,,,,,,,,,,,,,,,,,,,,,,
319,2026-09-15,18:32:23,3,4,"Henderson, Christian",YAK:HE:CH:9e782613-0d72:0282706,Right,YAK:NKUHOM:9e782613-0d72:0744411,"Cumberland, Teagan",YAK:OD:SE:9e782613-0d72:0007075,Right,YAK:THOMAS:9e782613-0d72:0936209,,10,Top,1,0,2,,Fastball,,,,,,,,91.0,0.19,-0.38,2117.41,225.77,1:30,6.07,1.23,6.0,-19.33,15.88,14.14,4.64,2.05,80.98,-3.45,2.29,,,,,,,,,,,,,-7.92,8.67,-1.2,50.0,6.08,0.44,-132.28,-0.16,-13.16,35.15,-17.78,YAK:NKUHOM:9e782613-0d72:0744411,YAK:THOMAS:9e782613-0d72:0936209,,,,b8025265-b0e8-4bba-9e12-d05e1860d054,ec597e88-b4da-bcf6-5863-37f0486c100f,91.27,6.07,1.23,0.17,-0.47,81.2,4.64,2.04,-3.46,2.2,0.43,15.0,14.69,-23.27,77.66,1945.15,-836.56,91.86,-0.64,-0.4,-0.66,,,,,,,,,,,,,,,,,0.98,,,,medium,high,20.11,45.82,54.5,"Turner, Tyler",YAK:TU:TY:9e782613-0d72:0703730,YAK:NKUHOM:9e782613-0d72:0744411,2022-11,FALSE,,FALSE,,,,,,,,,,,,,,,,,,,,,,,,,,,,,,,,,,,,,,,,,,,,,,,,,
320,2026-09-15,18:32:42,3,5,"Henderson, Christian",YAK:HE:CH:9e782613-0d72:0282706,Right,YAK:NKUHOM:9e782613-0d72:0744411,"Cumberland, Teagan",YAK:OD:SE:9e782613-0d72:0007075,Right,YAK:THOMAS:9e782613-0d72:0936209,,10,Top,1,1,2,,Curveball,,,,,,,,74.18,2.27,1.86,2437.69,45.67,7:30,5.57,0.3,6.0,-62.69,-9.43,-13.67,2.48,0.9,66.49,-9.49,-0.73,,,,,,,,,,,,,8.23,-6.05,-0.44,50.0,5.72,-3.15,-107.66,2.69,9.03,23.77,-38.81,YAK:NKUHOM:9e782613-0d72:0744411,YAK:THOMAS:9e782613-0d72:0936209,,,,b8025265-b0e8-4bba-9e12-d05e1860d054,730bd2bc-7970-e043-97cb-f29c38f7d443,74.33,5.56,0.3,2.46,1.87,66.56,2.49,0.9,-9.3,-0.71,0.53,-13.75,-13.37,-45.45,48.06,1710.25,-1737.06,70.16,0.49,-0.71,0.5,,,,,,,,,,,,,,,,,1.0,,,,medium,high,46.75,-61.21,54.5,"Turner, Tyler",YAK:TU:TY:9e782613-0d72:0703730,YAK:NKUHOM:9e782613-0d72:0744411,2022-11,FALSE,,FALSE,,,,,,,,,,,,,,,,,,,,,,,,,,,,,,,,,,,,,,,,,,,,,,,,,
321,2026-09-15,18:33:03,3,6,"Henderson, Christian",YAK:HE:CH:9e782613-0d72:0282706,Right,YAK:NKUHOM:9e782613-0d72:0744411,"Cumberland, Teagan",YAK:OD:SE:9e782613-0d72:0007075,Right,YAK:THOMAS:9e782613-0d72:0936209,,10,Top,1,1,2,,Changeup,,,,,,,,80.74,1.06,-1.14,1645.52,252.55,2:30,5.52,1.27,6.0,-37.45,7.32,14.72,3.4,1.42,72.05,-5.98,1.64,,,,,,,,,,,,,-8.52,3.63,-1.18,50.0,5.59,1.93,-117.31,1.14,-11.13,27.67,-27.43,YAK:NKUHOM:9e782613-0d72:0744411,YAK:THOMAS:9e782613-0d72:0936209,,,,b8025265-b0e8-4bba-9e12-d05e1860d054,42c60920-fbf4-8b95-b69a-27e040e4d352,80.97,5.52,1.28,1.11,-1.25,72.22,3.4,1.42,-5.92,1.53,0.48,15.79,5.14,-38.99,48.36,1279.03,-1035.28,77.73,-0.23,-0.63,-0.74,,,,,,,,,,,,,,,,,1.0,,,,medium,high,46.47,-9.72,54.5,"Turner, Tyler",YAK:TU:TY:9e782613-0d72:0703730,YAK:NKUHOM:9e782613-0d72:0744411,2022-11,FALSE,,FALSE,,,,,,,,,,,,,,,,,,,,,,,,,,,,,,,,,,,,,,,,,,,,,,,,,
322,2026-09-15,18:33:21,3,7,"Henderson, Christian",YAK:HE:CH:9e782613-0d72:0282706,Right,YAK:NKUHOM:9e782613-0d72:0744411,"Cumberland, Teagan",YAK:OD:SE:9e782613-0d72:0007075,Right,YAK:THOMAS:9e782613-0d72:0936209,Windup,10,Top,1,2,2,Sinker,Fastball,StrikeCalled,,,StrikeoutLooking,1,0,,92.76,-2.64,-1.42,1970.33,232.41,1:45,6.03,0.73,6.0,-19.94,13.95,14.96,1.89,0.64,82.95,-6.37,1.4,,,,,,,,,,,,,-8.74,8.63,-0.62,50.0,5.82,2.87,-134.68,-6.84,-15.09,35.79,-17.28,YAK:NKUHOM:9e782613-0d72:0744411,YAK:THOMAS:9e782613-0d72:0936209,,,,b8025265-b0e8-4bba-9e12-d05e1860d054,27d3b671-2e5f-f872-6729-b095e0cfff28,93.02,6.03,0.74,-2.65,-1.51,83.16,1.89,0.64,-6.37,1.31,0.42,15.84,12.8,-20.97,38.88,1839.85,-705.11,93.38,-0.57,-0.36,-0.74,,,,,,,,,,,,,,,,,1.0,,,,medium,high,55.01,20.64,54.5,"Turner, Tyler",YAK:TU:TY:9e782613-0d72:0703730,YAK:NKUHOM:9e782613-0d72:0744411,2022-11,FALSE,,FALSE,,,,,,,,,,,,,,,,,,,,,,,,,,,,,,,,,,,,,,,,,,,,,,,,,
323,2026-09-15,18:33:50,4,1,"Henderson, Christian",YAK:HE:CH:9e782613-0d72:0282706,Right,YAK:NKUHOM:9e782613-0d72:0744411,"Cones, Logan",YAK:CU:TE:9e782613-0d72:0245369,Left,YAK:THOMAS:9e782613-0d72:0936209,,10,Top,2,0,0,,Changeup,,,,,,,,81.56,-0.36,-3.12,1561.83,249.33,2:15,5.8,1.12,6.0,-35.11,8.77,15.01,2.54,-0.56,72.96,-6.94,-0.3,,,,,,,,,,,,,-9.39,4.95,-0.88,50.0,5.76,6.04,-118.39,-1.72,-12.52,27.72,-25.57,YAK:NKUHOM:9e782613-0d72:0744411,YAK:THOMAS:9e782613-0d72:0936209,,,,b8025265-b0e8-4bba-9e12-d05e1860d054,438cf77f-7ed9-5b0a-c177-05fc1e3a770f,81.79,5.8,1.13,-0.32,-3.23,73.14,2.54,-0.57,-6.89,-0.4,0.48,16.03,6.79,-33.11,50.37,1308.2,-853.19,83.76,-0.3,-0.55,-0.78,,,,,,,,,,,,,,,,,0.98,,,,medium,high,44.67,11.37,54.5,"Turner, Tyler",YAK:TU:TY:9e782613-0d72:0703730,YAK:NKUHOM:9e782613-0d72:0744411,2022-11,FALSE,,FALSE,,,,,,,,,,,,,,,,,,,,,,,,,,,,,,,,,,,,,,,,,,,,,,,,,
324,2026-09-15,18:34:10,4,2,"Henderson, Christian",YAK:HE:CH:9e782613-0d72:0282706,Right,YAK:NKUHOM:9e782613-0d72:0744411,"Cones, Logan",YAK:CU:TE:9e782613-0d72:0245369,Left,YAK:THOMAS:9e782613-0d72:0936209,,10,Top,2,0,1,,Changeup,,,,,,,,82.22,-2.43,-3.68,1730.43,259.34,2:45,5.52,0.96,6.0,-36.99,6.3,16.86,0.15,-1.09,73.9,-9.33,-0.5,,,,,,,,,,,,,-10.61,4.35,-0.68,50.0,5.31,7.19,-119.18,-6.1,-14.34,28.06,-26.3,YAK:NKUHOM:9e782613-0d72:0744411,YAK:THOMAS:9e782613-0d72:0936209,,,,b8025265-b0e8-4bba-9e12-d05e1860d054,2b3eee0c-d947-3dd7-0cd6-bf8f703e0ff7,82.44,5.51,0.97,-2.38,-3.8,74.06,0.15,-1.1,-9.26,-0.62,0.47,17.99,4.26,-29.79,46.74,1501.72,-859.78,86.78,-0.16,-0.5,-0.85,,,,,,,,,,,,,,,,,0.99,,,,medium,high,47.93,-5.42,54.5,"Turner, Tyler",YAK:TU:TY:9e782613-0d72:0703730,YAK:NKUHOM:9e782613-0d72:0744411,2022-11,FALSE,,FALSE,,,,,,,,,,,,,,,,,,,,,,,,,,,,,,,,,,,,,,,,,,,,,,,,,
325,2026-09-15,18:34:43,4,3,"Henderson, Christian",YAK:HE:CH:9e782613-0d72:0282706,Right,YAK:NKUHOM:9e782613-0d72:0744411,"Cones, Logan",YAK:CU:TE:9e782613-0d72:0245369,Left,YAK:THOMAS:9e782613-0d72:0936209,,10,Top,2,1,1,,Slider,,,,,,,,79.89,2.82,0.91,2254.22,69.71,8:15,5.45,0.63,6.0,-46.39,-0.56,-9.09,4.23,0.73,71.15,-5.92,-0.8,,,,,,,,,,,,,5.34,-1.36,-0.69,50.0,5.65,-1.6,-115.97,4.45,6.82,27.16,-33.9,YAK:NKUHOM:9e782613-0d72:0744411,YAK:THOMAS:9e782613-0d72:0936209,,,,b8025265-b0e8-4bba-9e12-d05e1860d054,bf6c08e1-3f46-0c9a-57a5-a93d3517c8a7,80.11,5.44,0.63,2.93,0.9,71.3,4.24,0.73,-5.79,-0.81,0.49,-8.97,-3.49,-67.35,30.17,868.1,-2080.36,38.51,0.13,-0.92,0.36,,,,,,,,,,,,,,,,,0.99,,,,medium,high,62.85,-67.94,54.5,"Turner, Tyler",YAK:TU:TY:9e782613-0d72:0703730,YAK:NKUHOM:9e782613-0d72:0744411,2022-11,FALSE,,FALSE,,,,,,,,,,,,,,,,,,,,,,,,,,,,,,,,,,,,,,,,,,,,,,,,,
326,2026-09-15,18:35:01,4,4,"Henderson, Christian",YAK:HE:CH:9e782613-0d72:0282706,Right,YAK:NKUHOM:9e782613-0d72:0744411,"Cones, Logan",YAK:CU:TE:9e782613-0d72:0245369,Left,YAK:THOMAS:9e782613-0d72:0936209,,10,Top,2,2,1,,Slider,,,,,,,,80.23,1.21,-0.47,2260.59,60.89,8:00,5.59,0.66,6.0,-46.03,-0.64,-7.85,2.89,-0.44,71.71,-7.44,-1.96,,,,,,,,,,,,,4.15,-0.8,-0.62,50.0,5.66,1.18,-116.58,1.2,5.34,27.66,-33.21,YAK:NKUHOM:9e782613-0d72:0744411,YAK:THOMAS:9e782613-0d72:0936209,,,,b8025265-b0e8-4bba-9e12-d05e1860d054,3765a7ad-ffef-4e74-c1ec-b8169c561d8e,80.45,5.58,0.66,1.32,-0.5,71.86,2.9,-0.44,-7.31,-1.97,0.48,-7.65,-3.57,-71.16,46.48,730.05,-2139.46,32.29,0.16,-0.95,0.28,,,,,,,,,,,,,,,,,1.0,,,,medium,high,48.16,-60.76,54.5,"Turner, Tyler",YAK:TU:TY:9e782613-0d72:0703730,YAK:NKUHOM:9e782613-0d72:0744411,2022-11,FALSE,,FALSE,,,,,,,,,,,,,,,,,,,,,,,,,,,,,,,,,,,,,,,,,,,,,,,,,
327,2026-09-15,18:35:20,4,5,"Henderson, Christian",YAK:HE:CH:9e782613-0d72:0282706,Right,YAK:NKUHOM:9e782613-0d72:0744411,"Cones, Logan",YAK:CU:TE:9e782613-0d72:0245369,Left,YAK:THOMAS:9e782613-0d72:0936209,Windup,10,Top,2,2,2,Curveball,Curveball,StrikeSwinging,,,StrikeoutSwinging,1,0,,78.14,0.74,-0.83,2464.34,48.36,7:30,5.29,0.57,6.0,-55.13,-7.14,-13.37,1.39,-1.32,70.1,-9.59,-3.36,,,,,,,,,,,,,7.05,-4.22,-0.5,50.0,5.32,2.0,-113.53,0.0,8.57,26.85,-37.31,YAK:NKUHOM:9e782613-0d72:0744411,YAK:THOMAS:9e782613-0d72:0936209,,,,b8025265-b0e8-4bba-9e12-d05e1860d054,d24d69bd-7776-1e7c-afd4-f4785cbb7f95,78.32,5.27,0.57,0.9,-0.82,70.2,1.4,-1.32,-9.42,-3.34,0.5,-13.46,-10.75,-49.87,13.38,1588.44,-1884.09,64.46,0.43,-0.76,0.48,,,,,,,,,,,,,,,,,0.99,,,,medium,high,102.05,-3.61,54.5,"Turner, Tyler",YAK:TU:TY:9e782613-0d72:0703730,YAK:NKUHOM:9e782613-0d72:0744411,2022-11,FALSE,,FALSE,,,,,,,,,,,,,,,,,,,,,,,,,,,,,,,,,,,,,,,,,,,,,,,,,
,2026-09-15,18:36:21,,,,,,,,,,,,,,,,,,Fastball,,,,,,,,87.31,-1.15,-3.71,1728.83,236.8,2:00,6.65,2.3,6.0,-25.48,12.82,15.3,3.45,0.08,78.0,-5.93,-0.83,,,,,,,,,,,,,-9.75,7.46,-2.01,50,6.55,7.76,-126.65,-3.3,-14.89,31.39,-20.78,,,,,,,86919ea5-c90e-01ab-d6b1-a5ab46b3f16a,87.56,6.65,2.3,-1.14,-3.81,78.2,3.45,0.08,-5.91,-0.93,0.45,16.22,11.39,-22.45,50.55,1597.82,-660.16,92.42,-0.51,-0.38,-0.77,,,,,,,,,,,,,,,,,1.0,,,,medium,high,44.5,61.8,54.5,,,,2022-11,FALSE,,FALSE,,,,,,,,,,,,,,,,,,,,,,,,,,,,,,,,,,,,,,,,,,,,,,,,,
,2026-09-15,18:36:35,,,,,,,,,,,,,,,,,,Fastball,,,,,,,,88.96,0.22,-3.55,1902.52,227.3,1:30,6.57,1.94,6.0,-21.16,15.73,14.26,5.02,-0.21,79.19,-3.76,-0.87,,,,,,,,,,,,,-9.13,8.57,-1.67,50.0,6.58,7.59,-129.09,-0.15,-14.48,32.81,-18.58,,,,,,,5433ddcb-1c8b-e4f3-105b-2ebac34b8179,89.23,6.57,1.95,0.21,-3.64,79.4,5.02,-0.22,-3.76,-0.96,0.44,15.11,14.5,-21.01,94.45,1775.99,-682.21,93.35,-0.63,-0.36,-0.69,,,,,,,,,,,,,,,,,1.0,,,,medium,high,4.99,33.42,54.5,,,,2022-11,FALSE,,FALSE,,,,,,,,,,,,,,,,,,,,,,,,,,,,,,,,,,,,,,,,,,,,,,,,,
,2026-09-15,18:36:50,,,,,,,,,,,,,,,,,,Curveball,,,,,,,,74.93,0.85,-2.69,1940.2,32.79,7:00,5.71,2.05,6.0,-50.61,1.53,-3.21,2.29,-0.74,67.17,-8.64,-3.29,,,,,,,,,,,,,0.76,0.52,-1.84,50.0,5.75,5.19,-108.77,0.32,0.85,24.09,-31.59,,,,,,,1f6aa4d9-a3d6-c5db-2057-cfb18c9f4c24,75.14,5.7,2.06,0.96,-2.74,67.32,2.3,-0.74,-8.5,-3.34,0.52,-2.67,-1.62,-82.08,87.13,267.27,-1921.71,13.78,0.12,-0.99,0.07,,,,,,,,,,,,,,,,,0.98,,,,medium,high,11.58,-64.62,54.5,,,,2022-11,FALSE,,FALSE,,,,,,,,,,,,,,,,,,,,,,,,,,,,,,,,,,,,,,,,,,,,,,,,,
,2026-09-15,18:37:04,,,,,,,,,,,,,,,,,,Curveball,,,,,,,,75.86,-0.67,-3.53,1979.5,27.56,7:00,5.69,1.79,6.0,-51.02,-0.01,-4.47,0.81,-1.9,68.25,-10.18,-4.37,,,,,,,,,,,,,1.12,0.25,-1.51,50.0,5.61,6.89,-110.03,-2.59,1.28,24.9,-31.89,,,,,,,66f4aa25-d64d-a419-71a2-71e0b4b803f7,76.06,5.68,1.79,-0.55,-3.57,68.39,0.82,-1.9,-10.04,-4.41,0.51,-3.99,-3.25,-77.28,90.82,435.93,-1930.9,22.02,0.2,-0.98,0.1,,,,,,,,,,,,,,,,,1.0,,,,medium,high,8.26,-60.33,54.5,,,,2022-11,FALSE,,FALSE,,,,,,,,,,,,,,,,,,,,,,,,,,,,,,,,,,,,,,,,,,,,,,,,,
,2026-09-15,18:37:19,,,,,,,,,,,,,,,,,,Changeup,,,,,,,,81.18,-1.62,-4.85,1584.72,249.92,2:15,6.07,2.68,6.0,-35.53,8.89,18.73,1.58,-0.32,72.83,-8.26,-1.33,,,,,,,,,,,,,-12.03,5.47,-2.3,50,5.93,9.45,-117.57,-4.32,-15.85,26.91,-24.97,,,,,,,82fbd827-50e1-e83e-4957-7286f14ad15a,81.4,6.07,2.68,-1.56,-4.93,72.99,1.59,-0.33,-8.19,-1.42,0.48,19.57,6.81,17.53,3.41,1511.09,477.43,95.35,-0.33,0.3,-0.9,,,,,,,,,,,,,,,,,1.0,,,,medium,high,93.07,-3.56,54.5,,,,2022-11,TRUE,Release side delta >1.5ft pitch-to-pitch,FALSE,,,,,,,,,,,,,,,,,,,,,,,,,,,,,,,,,,,,,,,,,,,,,,,,,
,2026-09-15,18:37:33,,,,,,,,,,,,,,,,,,Changeup,,,,,,,,77.19,0.72,-3.32,1487.9,253.78,2:30,6.2,2.42,6.0,-40.99,8.02,18.8,3.46,0.86,69.03,-6.97,0.22,,,,,,,,,,,,,-11.55,4.15,-2.17,50,6.24,6.01,-112.01,0.33,-13.78,24.83,-27.22,,,,,,,c781d44e-d5a1-4756-efab-0be160526aa1,77.4,6.19,2.42,0.79,-3.41,69.18,3.47,0.85,-6.89,0.13,0.5,19.64,5.54,16.3,0.72,1428.07,417.69,95.98,-0.27,0.28,-0.92,,,,,,,,,,,,,,,,,1.0,,,,medium,high,90.65,-0.12,54.5,,,,2022-11,FALSE,,FALSE,,,,,,,,,,,,,,,,,,,,,,,,,,,,,,,,,,,,,,,,,,,,,,,,,
,2026-09-15,18:37:47,,,,,,,,,,,,,,,,,,Fastball,,,,,,,,87.49,1.69,-2.52,1919.57,227.93,1:30,6.29,2.15,6.0,-22.49,15.67,14.75,6.0,1.01,77.68,-2.56,0.26,,,,,,,,,,,,,-9.04,8.0,-1.96,50.0,6.41,5.14,-127.0,3.07,-13.85,32.2,-19.91,,,,,,,f0ba4cee-e5b0-4ff6-441d-e988817686da,87.75,6.29,2.16,1.68,-2.61,77.89,6.0,1.01,-2.55,0.17,0.44,15.64,14.31,-20.64,88.05,1796.31,-676.76,93.58,-0.63,-0.35,-0.69,,,,,,,,,,,,,,,,,1.0,,,,medium,high,10.76,82.54,54.5,,,,2022-11,FALSE,,FALSE,,,,,,,,,,,,,,,,,,,,,,,,,,,,,,,,,,,,,,,,,,,,,,,,,
328,2026-09-15,18:38:18,1,1,"Tippie, Austin",YAK:TI:AU:9e782613-0d72:0506154,Right,YAK:THOMAS:9e782613-0d72:0936209,"Altman, Jake",YAK:AL:JA:9e782613-0d72:0781326,Left,YAK:NKUHOM:9e782613-0d72:0744411,Windup,10,Bottom,0,0,0,Changeup,Changeup,HitByPitch,,,Walk,0,0,,79.6,-3.55,-6.4,1588.05,254.67,2:30,5.97,1.88,6.0,-39.57,7.02,19.46,-0.68,-2.53,71.74,-10.88,-2.76,,,,,,,,,,,,,-12.99,5.13,-1.39,50.0,5.67,12.35,-114.79,-8.22,-16.32,25.62,-25.73,YAK:NKUHOM:9e782613-0d72:0744411,YAK:THOMAS:9e782613-0d72:0936209,,,,b8025265-b0e8-4bba-9e12-d05e1860d054,d737a631-fabf-a51d-3e8d-982fc8c5e74e,79.77,5.97,1.89,-3.48,-6.47,71.92,-0.67,-2.54,-10.77,-2.87,0.49,20.11,4.92,22.64,,1465.63,611.42,92.29,-0.24,0.39,-0.89,,,,,,,,,,,,,,,,,1,,,,medium,high,,,54.5,"Marushi, Brady",YAK:MA:BR:9e782613-0d72:0325650,YAK:THOMAS:9e782613-0d72:0936209,2022-11,FALSE,,FALSE,,,,,,,,,,,,,,,,,,,,,,,,,,,,,,,,,,,,,,,,,,,,,,,,,
329,2026-09-15,18:38:50,2,1,"Tippie, Austin",YAK:TI:AU:9e782613-0d72:0506154,Right,YAK:THOMAS:9e782613-0d72:0936209,"Harlamert, Braylen",YAK:HA:BR:9e782613-0d72:0259717,Left,YAK:NKUHOM:9e782613-0d72:0744411,Windup,10,Bottom,0,0,0,Fastball,Fastball,BallCalled,,,,0,0,,86.56,1.09,-1.44,1647.15,235.53,1:45,6.39,2.35,6.0,-26.68,12.26,14.37,5.19,2.19,77.02,-3.94,1.27,,,,,,,,,,,,,-8.44,6.34,-2.24,50.0,6.46,2.75,-125.76,1.6,-12.67,31.68,-22.65,YAK:NKUHOM:9e782613-0d72:0744411,YAK:THOMAS:9e782613-0d72:0936209,,,,b8025265-b0e8-4bba-9e12-d05e1860d054,dff6e391-9678-58d4-0d71-7106ee33833d,86.82,6.39,2.35,1.1,-1.54,77.22,5.19,2.18,-3.92,1.17,0.45,15.26,10.66,-27.23,52.61,1464.65,-753.58,88.92,-0.5,-0.46,-0.73,,,,,,,,,,,,,,,,,1.0,,,,medium,high,42.66,49.38,54.5,"Marushi, Brady",YAK:MA:BR:9e782613-0d72:0325650,YAK:THOMAS:9e782613-0d72:0936209,2022-11,FALSE,,FALSE,,,,,,,,,,,,,,,,,,,,,,,,,,,,,,,,,,,,,,,,,,,,,,,,,
330,2026-09-15,18:39:07,2,2,"Tippie, Austin",YAK:TI:AU:9e782613-0d72:0506154,Right,YAK:THOMAS:9e782613-0d72:0936209,"Harlamert, Braylen",YAK:HA:BR:9e782613-0d72:0259717,Left,YAK:NKUHOM:9e782613-0d72:0744411,Windup,10,Bottom,0,1,0,Fastball,Fastball,StrikeCalled,,,,0,0,,87.25,-2.89,-3.33,2116.4,228.67,1:30,6.4,1.84,6.0,-21.35,17.0,16.47,1.9,0.08,78.15,-6.88,-0.23,,,,,,,,,,,,,-10.23,10.37,-1.58,50.0,6.16,6.86,-126.49,-7.03,-15.62,30.95,-16.35,YAK:NKUHOM:9e782613-0d72:0744411,YAK:THOMAS:9e782613-0d72:0936209,,,,b8025265-b0e8-4bba-9e12-d05e1860d054,f5496ad6-2dd1-f919-5427-991d12066d3e,87.49,6.4,1.84,-2.9,-3.42,78.34,1.9,0.07,-6.88,-0.32,0.45,17.37,15.81,-7.13,43.75,2100.04,-262.57,99.23,-0.66,-0.12,-0.75,,,,,,,,,,,,,,,,,0.99,,,,medium,high,50.62,70.02,54.5,"Marushi, Brady",YAK:MA:BR:9e782613-0d72:0325650,YAK:THOMAS:9e782613-0d72:0936209,2022-11,FALSE,,FALSE,,,,,,,,,,,,,,,,,,,,,,,,,,,,,,,,,,,,,,,,,,,,,,,,,
331,2026-09-15,18:39:25,2,3,"Tippie, Austin",YAK:TI:AU:9e782613-0d72:0506154,Right,YAK:THOMAS:9e782613-0d72:0936209,"Harlamert, Braylen",YAK:HA:BR:9e782613-0d72:0259717,Left,YAK:NKUHOM:9e782613-0d72:0744411,Windup,10,Bottom,0,1,1,Fastball,Fastball,HitByPitch,,,Walk,0,0,,87.29,-1.6,-5.76,2083.35,233.32,1:45,6.17,2.16,6.0,-22.86,15.61,17.54,2.75,-1.81,77.99,-5.89,-2.48,,,,,,,,,,,,,-11.67,9.14,-1.71,50.0,6.03,12.22,-126.24,-4.23,-17.76,30.55,-18.26,YAK:NKUHOM:9e782613-0d72:0744411,YAK:THOMAS:9e782613-0d72:0936209,,,,b8025265-b0e8-4bba-9e12-d05e1860d054,b78ace3e-590c-8c0c-ec5d-d749f0176bdd,87.53,6.17,2.17,-1.61,-5.87,78.19,2.75,-1.82,-5.88,-2.58,0.45,18.51,14.4,-8.99,13.61,2057.75,-325.58,98.77,-0.59,-0.16,-0.79,,,,,,,,,,,,,,,,,0.99,,,,medium,high,77.75,7.15,54.5,"Marushi, Brady",YAK:MA:BR:9e782613-0d72:0325650,YAK:THOMAS:9e782613-0d72:0936209,2022-11,FALSE,,FALSE,,,,,,,,,,,,,,,,,,,,,,,,,,,,,,,,,,,,,,,,,,,,,,,,,
332,2026-09-15,18:39:55,3,1,"Tippie, Austin",YAK:TI:AU:9e782613-0d72:0506154,Right,YAK:THOMAS:9e782613-0d72:0936209,"Andersen, Austin",YAK:AN:AU:9e782613-0d72:0885352,Right,YAK:NKUHOM:9e782613-0d72:0744411,Windup,10,Bottom,0,0,0,Fastball,Fastball,BallCalled,,,,0,0,,88.75,-0.16,-2.63,1827.12,226.99,1:30,6.35,2.09,6.0,-21.04,15.97,14.59,4.44,0.83,79.07,-4.12,0.12,,,,,,,,,,,,,-8.98,8.84,-1.89,50.0,6.32,5.48,-128.89,-1.0,-14.19,32.81,-18.2,YAK:NKUHOM:9e782613-0d72:0744411,YAK:THOMAS:9e782613-0d72:0936209,,,,b8025265-b0e8-4bba-9e12-d05e1860d054,cef13854-a331-dacc-e028-0194b5324d8c,89.02,6.35,2.09,-0.17,-2.72,79.28,4.44,0.83,-4.12,0.03,0.44,15.42,14.71,-12.78,61.6,1781.86,-404.16,97.52,-0.67,-0.22,-0.71,,,,,,,,,,,,,,,,,0.98,,,,medium,high,34.56,37.46,54.5,"Marushi, Brady",YAK:MA:BR:9e782613-0d72:0325650,YAK:THOMAS:9e782613-0d72:0936209,2022-11,FALSE,,FALSE,,,,,,,,,,,,,,,,,,,,,,,,,,,,,,,,,,,,,,,,,,,,,,,,,
333,2026-09-15,18:40:15,3,2,"Tippie, Austin",YAK:TI:AU:9e782613-0d72:0506154,Right,YAK:THOMAS:9e782613-0d72:0936209,"Andersen, Austin",YAK:AN:AU:9e782613-0d72:0885352,Right,YAK:NKUHOM:9e782613-0d72:0744411,Windup,10,Bottom,0,1,0,Slider,Curveball,BallCalled,,,,0,0,,73.09,2.55,-2.87,1868.66,42.42,7:30,5.77,2.29,6.0,-51.94,2.93,-2.2,3.84,-0.59,65.28,-7.21,-3.29,,,,,,,,,,,,,0.14,0.66,-2.06,50.0,5.94,5.38,-106.0,3.43,0.15,22.77,-31.47,YAK:NKUHOM:9e782613-0d72:0744411,YAK:THOMAS:9e782613-0d72:0936209,,,,b8025265-b0e8-4bba-9e12-d05e1860d054,9b22c470-7459-6411-305f-db4943e78074,73.31,5.76,2.3,2.66,-2.94,65.43,3.85,-0.6,-7.08,-3.34,0.53,-1.59,-0.28,-85.04,88.49,161.51,-1861.67,8.64,0.06,-1.0,0.06,,,,,,,,,,,,,,,,,0.99,,,,medium,high,10.36,-89.22,54.5,"Marushi, Brady",YAK:MA:BR:9e782613-0d72:0325650,YAK:THOMAS:9e782613-0d72:0936209,2022-11,FALSE,,FALSE,,,,,,,,,,,,,,,,,,,,,,,,,,,,,,,,,,,,,,,,,,,,,,,,,
334,2026-09-15,18:40:53,3,3,"Tippie, Austin",YAK:TI:AU:9e782613-0d72:0506154,Right,YAK:THOMAS:9e782613-0d72:0936209,"Andersen, Austin",YAK:AN:AU:9e782613-0d72:0885352,Right,YAK:NKUHOM:9e782613-0d72:0744411,Windup,10,Bottom,0,2,0,Fastball,Fastball,BallCalled,,,,0,0,,89.78,-3.46,-4.4,2159.13,226.98,1:30,6.47,1.47,6.0,-18.95,17.35,15.79,1.62,-1.35,80.41,-7.01,-1.44,,,,,,,,,,,,,-10.22,10.75,-1.14,50.0,6.18,9.51,-129.93,-8.47,-16.48,32.34,-14.83,YAK:NKUHOM:9e782613-0d72:0744411,YAK:THOMAS:9e782613-0d72:0936209,,,,b8025265-b0e8-4bba-9e12-d05e1860d054,cc5ad7c1-4d67-0459-bf20-43e770c5a9c0,90.03,6.47,1.48,-3.48,-4.49,80.62,1.62,-1.35,-7.01,-1.53,0.43,16.66,16.35,-10.4,40.68,2123.68,-389.65,98.36,-0.67,-0.18,-0.72,,,,,,,,,,,,,,,,,0.96,,,,medium,high,53.39,70.79,54.5,"Marushi, Brady",YAK:MA:BR:9e782613-0d72:0325650,YAK:THOMAS:9e782613-0d72:0936209,2022-11,FALSE,,FALSE,,,,,,,,,,,,,,,,,,,,,,,,,,,,,,,,,,,,,,,,,,,,,,,,,
335,2026-09-15,18:41:12,3,4,"Tippie, Austin",YAK:TI:AU:9e782613-0d72:0506154,Right,YAK:THOMAS:9e782613-0d72:0936209,"Andersen, Austin",YAK:AN:AU:9e782613-0d72:0885352,Right,YAK:NKUHOM:9e782613-0d72:0744411,Windup,10,Bottom,0,3,0,Fastball,Fastball,StrikeCalled,,,,0,0,,87.37,-2.15,-5.01,2024.3,226.11,1:30,5.95,1.71,6.0,-20.86,17.47,15.51,2.19,-1.71,78.13,-6.05,-2.1,,,,,,,,,,,,,-10.29,10.36,-1.32,50.0,5.77,10.62,-126.47,-5.38,-15.71,30.73,-16.35,YAK:NKUHOM:9e782613-0d72:0744411,YAK:THOMAS:9e782613-0d72:0936209,,,,b8025265-b0e8-4bba-9e12-d05e1860d054,0546bdd5-aba2-40ec-9848-6988cbf06076,87.62,5.95,1.71,-2.16,-5.09,78.33,2.19,-1.72,-6.05,-2.19,0.45,16.36,16.34,-8.76,78.77,2000.7,-308.24,98.83,-0.69,-0.15,-0.71,,,,,,,,,,,,,,,,,0.98,,,,medium,high,19.11,11.62,54.5,"Marushi, Brady",YAK:MA:BR:9e782613-0d72:0325650,YAK:THOMAS:9e782613-0d72:0936209,2022-11,FALSE,,FALSE,,,,,,,,,,,,,,,,,,,,,,,,,,,,,,,,,,,,,,,,,,,,,,,,,
336,2026-09-15,18:41:31,3,5,"Tippie, Austin",YAK:TI:AU:9e782613-0d72:0506154,Right,YAK:THOMAS:9e782613-0d72:0936209,"Andersen, Austin",YAK:AN:AU:9e782613-0d72:0885352,Right,YAK:NKUHOM:9e782613-0d72:0744411,Windup,10,Bottom,0,3,1,Fastball,Fastball,StrikeSwinging,,,,0,0,,88.68,-2.0,-2.97,2190.8,222.77,1:30,6.41,1.37,6.0,-18.46,18.62,15.04,2.99,-0.16,79.23,-5.46,-0.14,,,,,,,,,,,,,-9.33,10.95,-1.15,50.0,6.24,6.22,-128.69,-5.05,-14.72,32.23,-14.89,YAK:NKUHOM:9e782613-0d72:0744411,YAK:THOMAS:9e782613-0d72:0936209,,,,b8025265-b0e8-4bba-9e12-d05e1860d054,d0189615-dfd2-0231-b3a5-a4af2be54dd6,88.93,6.41,1.38,-2.02,-3.05,79.44,2.99,-0.17,-5.47,-0.22,0.44,15.86,17.55,-6.78,43.75,2175.47,-258.73,99.3,-0.73,-0.12,-0.67,,,,,,,,,,,,,,,,,0.99,,,,medium,high,50.62,63.46,54.5,"Marushi, Brady",YAK:MA:BR:9e782613-0d72:0325650,YAK:THOMAS:9e782613-0d72:0936209,2022-11,FALSE,,FALSE,,,,,,,,,,,,,,,,,,,,,,,,,,,,,,,,,,,,,,,,,,,,,,,,,
337,2026-09-15,18:41:50,3,6,"Tippie, Austin",YAK:TI:AU:9e782613-0d72:0506154,Right,YAK:THOMAS:9e782613-0d72:0936209,"Andersen, Austin",YAK:AN:AU:9e782613-0d72:0885352,Right,YAK:NKUHOM:9e782613-0d72:0744411,Windup,10,Bottom,0,3,2,Fastball,Fastball,Foul,,,,0,0,,89.38,-1.59,-4.04,2106.17,224.24,1:30,6.22,1.74,6.0,-19.02,17.53,14.42,3.14,-0.86,79.8,-5.16,-1.33,,,,,,,,,,,,,-9.37,10.2,-1.43,50.0,6.09,8.71,-129.59,-4.18,-15.0,32.62,-15.84,YAK:NKUHOM:9e782613-0d72:0744411,YAK:THOMAS:9e782613-0d72:0936209,,,,b8025265-b0e8-4bba-9e12-d05e1860d054,2152030b-c830-184e-f6a1-d5e9b8f9e973,89.64,6.23,1.74,-1.61,-4.13,80.01,3.14,-0.86,-5.17,-1.42,0.43,15.25,16.47,-16.94,47.18,2014.75,-613.79,95.66,-0.69,-0.29,-0.67,,,,,,,,,,,,,,,,,0.99,,,,medium,high,47.54,17.98,54.5,"Marushi, Brady",YAK:MA:BR:9e782613-0d72:0325650,YAK:THOMAS:9e782613-0d72:0936209,2022-11,FALSE,,FALSE,,,,,,,,,,,,,,,,,,,,,,,,,,,,,,,,,,,,,,,,,,,,,,,,,
338,2026-09-15,18:42:13,3,7,"Tippie, Austin",YAK:TI:AU:9e782613-0d72:0506154,Right,YAK:THOMAS:9e782613-0d72:0936209,"Andersen, Austin",YAK:AN:AU:9e782613-0d72:0885352,Right,YAK:NKUHOM:9e782613-0d72:0744411,Windup,10,Bottom,0,3,2,Fastball,Fastball,BallCalled,,,Walk,0,0,,88.29,-3.25,-4.2,1947.71,227.06,1:30,6.24,0.95,6.0,-20.78,16.74,15.03,1.45,-1.75,79.11,-7.13,-1.38,,,,,,,,,,,,,-9.74,10.35,-0.63,50.0,5.97,8.93,-127.84,-7.9,-15.19,31.42,-16.03,YAK:NKUHOM:9e782613-0d72:0744411,YAK:THOMAS:9e782613-0d72:0936209,,,,b8025265-b0e8-4bba-9e12-d05e1860d054,00fd0507-bde5-fdda-2243-fc70d4d85ac8,88.55,6.24,0.96,-3.26,-4.28,79.31,1.45,-1.75,-7.13,-1.46,0.44,15.87,15.62,-12.35,89.61,1902.62,-416.67,97.68,-0.67,-0.21,-0.72,,,,,,,,,,,,,,,,,0.98,,,,medium,high,9.35,67.75,54.5,"Marushi, Brady",YAK:MA:BR:9e782613-0d72:0325650,YAK:THOMAS:9e782613-0d72:0936209,2022-11,FALSE,,FALSE,,,,,,,,,,,,,,,,,,,,,,,,,,,,,,,,,,,,,,,,,,,,,,,,,
339,2026-09-15,18:42:47,4,1,"Tippie, Austin",YAK:TI:AU:9e782613-0d72:0506154,Right,YAK:THOMAS:9e782613-0d72:0936209,"Fonte, Andrew",YAK:FO:AN:9e782613-0d72:0121971,Right,YAK:NKUHOM:9e782613-0d72:0744411,Windup,10,Bottom,0,0,0,Fastball,Fastball,StrikeCalled,,,,0,0,,89.14,-0.94,-4.08,1876.65,227.85,1:30,6.31,1.58,6.0,-20.57,16.18,15.41,3.71,-0.97,79.51,-4.8,-1.19,,,,,,,,,,,,,-9.93,9.23,-1.27,50,6.23,8.75,-129.26,-2.74,-15.81,32.57,-17.47,YAK:NKUHOM:9e782613-0d72:0744411,YAK:THOMAS:9e782613-0d72:0936209,,,,b8025265-b0e8-4bba-9e12-d05e1860d054,ea068e04-15e6-f475-cd0b-c14cd17af384,89.4,6.31,1.59,-0.95,-4.17,79.72,3.71,-0.98,-4.8,-1.27,0.44,16.23,14.99,-5.86,90.51,1866.84,-191.62,99.48,-0.67,-0.1,-0.74,,,,,,,,,,,,,,,,,0.99,,,,medium,high,8.55,-71.27,54.5,"Marushi, Brady",YAK:MA:BR:9e782613-0d72:0325650,YAK:THOMAS:9e782613-0d72:0936209,2022-11,FALSE,,FALSE,,,,,,,,,,,,,,,,,,,,,,,,,,,,,,,,,,,,,,,,,,,,,,,,,
340,2026-09-15,18:43:05,4,2,"Tippie, Austin",YAK:TI:AU:9e782613-0d72:0506154,Right,YAK:THOMAS:9e782613-0d72:0936209,"Fonte, Andrew",YAK:FO:AN:9e782613-0d72:0121971,Right,YAK:NKUHOM:9e782613-0d72:0744411,Windup,10,Bottom,0,0,1,Fastball,Fastball,Foul,,,,0,0,,89.65,-2.32,-3.54,1911.9,226.43,1:30,6.55,1.24,6.0,-19.96,16.37,14.42,2.71,-0.89,80.15,-6.06,-0.83,,,,,,,,,,,,,-9.19,9.83,-0.97,50.0,6.36,7.61,-129.99,-5.89,-14.8,32.81,-16.34,YAK:NKUHOM:9e782613-0d72:0744411,YAK:THOMAS:9e782613-0d72:0936209,,,,b8025265-b0e8-4bba-9e12-d05e1860d054,70df7d3b-77db-80a8-99b9-1ccedd0b9144,89.91,6.55,1.25,-2.33,-3.63,80.36,2.71,-0.89,-6.06,-0.92,0.43,15.23,15.25,-15.01,60.56,1846.67,-495.16,96.59,-0.67,-0.26,-0.7,,,,,,,,,,,,,,,,,1.0,,,,medium,high,35.5,54.26,54.5,"Marushi, Brady",YAK:MA:BR:9e782613-0d72:0325650,YAK:THOMAS:9e782613-0d72:0936209,2022-11,FALSE,,FALSE,,,,,,,,,,,,,,,,,,,,,,,,,,,,,,,,,,,,,,,,,,,,,,,,,
341,2026-09-15,18:43:28,4,3,"Tippie, Austin",YAK:TI:AU:9e782613-0d72:0506154,Right,YAK:THOMAS:9e782613-0d72:0936209,"Fonte, Andrew",YAK:FO:AN:9e782613-0d72:0121971,Right,YAK:NKUHOM:9e782613-0d72:0744411,Windup,10,Bottom,0,0,2,Fastball,Fastball,BallCalled,,,,0,0,,90.57,-1.86,-5.26,1814.44,232.22,1:45,6.41,1.63,6.0,-21.05,14.65,15.68,2.9,-2.02,80.9,-5.81,-2.33,,11.37,-66.62,-130.48,,,,,3.28,,-134.95,-0.04,-10.48,8.71,-1.23,50.0,6.25,11.59,-131.08,-4.92,-17.18,33.15,-17.89,YAK:NKUHOM:9e782613-0d72:0744411,YAK:THOMAS:9e782613-0d72:0936209,,,,b8025265-b0e8-4bba-9e12-d05e1860d054,77d2cbfe-2304-4d43-f7a5-02a36b93bf89,90.83,6.41,1.64,-1.86,-5.35,81.11,2.9,-2.02,-5.8,-2.42,0.43,16.54,13.5,-12.17,78.08,1773.69,-382.38,97.75,-0.6,-0.21,-0.77,-3.43,-2.93,-10.43,-2.16,-2.47,-9.44,-2.32,-2.32,,,,,,,,,0.97,,,-20.32,medium,high,19.73,-10.84,54.5,"Marushi, Brady",YAK:MA:BR:9e782613-0d72:0325650,YAK:THOMAS:9e782613-0d72:0936209,2022-11,FALSE,,FALSE,,1.09,2,17.73,0,32.28,0,-0.36,5,-85.98,0,-3.85,0,0.2,2,0.56,5,-68.17,0,0.21,3,-8.17,0,18.37,2,10.2,,-1.6,,13.2,,1.9,,10.3,,13.3,,113.52,,100.32,,253.45,,49.3,,54.1,,63.1,
342,2026-09-15,18:43:48,4,4,"Tippie, Austin",YAK:TI:AU:9e782613-0d72:0506154,Right,YAK:THOMAS:9e782613-0d72:0936209,"Fonte, Andrew",YAK:FO:AN:9e782613-0d72:0121971,Right,YAK:NKUHOM:9e782613-0d72:0744411,Windup,10,Bottom,0,1,2,Slider,Curveball,StrikeCalled,,,StrikeoutLooking,1,0,,78.65,0.87,-3.45,1961.58,16.27,6:30,5.54,1.73,6.0,-47.0,0.4,-2.44,2.44,-1.72,70.38,-7.94,-3.91,,,,,,,,,,,,,0.04,-0.11,-1.46,50.0,5.58,6.94,-114.09,0.49,0.05,26.53,-32.31,YAK:NKUHOM:9e782613-0d72:0744411,YAK:THOMAS:9e782613-0d72:0936209,,,,b8025265-b0e8-4bba-9e12-d05e1860d054,147648f6-e8ec-cbd0-5777-622f59427b20,78.87,5.53,1.74,0.98,-3.5,70.53,2.45,-1.72,-7.81,-3.96,0.5,-1.92,-2.52,-80.0,55.94,340.68,-1931.77,17.37,0.17,-0.98,0.05,,,,,,,,,,,,,,,,,0.99,,,,medium,high,39.65,0.06,54.5,"Marushi, Brady",YAK:MA:BR:9e782613-0d72:0325650,YAK:THOMAS:9e782613-0d72:0936209,2022-11,FALSE,,FALSE,,,,,,,,,,,,,,,,,,,,,,,,,,,,,,,,,,,,,,,,,,,,,,,,,
343,2026-09-15,18:44:12,5,1,"Tippie, Austin",YAK:TI:AU:9e782613-0d72:0506154,Right,YAK:THOMAS:9e782613-0d72:0936209,"Johnson, Joe",YAK:JO:JO:9e782613-0d72:0371801,Left,YAK:NKUHOM:9e782613-0d72:0744411,Windup,10,Bottom,1,0,0,Fastball,Fastball,BallCalled,,,,0,0,,89.84,-0.89,-1.74,1717.53,232.66,1:45,6.46,1.85,6.0,-22.17,13.93,15.31,3.78,1.49,80.15,-5.05,1.14,,,,,,,,,,,,,-9.06,7.99,-1.72,50.0,6.38,3.5,-130.53,-2.7,-14.67,33.8,-19.23,YAK:NKUHOM:9e782613-0d72:0744411,YAK:THOMAS:9e782613-0d72:0936209,,,,b8025265-b0e8-4bba-9e12-d05e1860d054,54160bf0-3f2c-3e63-221a-07aed1320f21,90.1,6.46,1.86,-0.89,-1.83,80.36,3.78,1.48,-5.04,1.05,0.43,16.15,12.59,-12.05,78.18,1679.68,-358.62,97.8,-0.59,-0.21,-0.78,,,,,,,,,,,,,,,,,0.95,,,,medium,high,19.64,11.36,54.5,"Marushi, Brady",YAK:MA:BR:9e782613-0d72:0325650,YAK:THOMAS:9e782613-0d72:0936209,2022-11,FALSE,,FALSE,,,,,,,,,,,,,,,,,,,,,,,,,,,,,,,,,,,,,,,,,,,,,,,,,
344,2026-09-15,18:44:26,5,2,"Tippie, Austin",YAK:TI:AU:9e782613-0d72:0506154,Right,YAK:THOMAS:9e782613-0d72:0936209,"Johnson, Joe",YAK:JO:JO:9e782613-0d72:0371801,Left,YAK:NKUHOM:9e782613-0d72:0744411,Windup,10,Bottom,1,1,0,Fastball,Fastball,InPlay,,FlyBall,HomeRun,0,4,,88.96,-2.85,-3.92,1807.68,228.58,1:30,6.26,2.07,6.0,-21.08,15.85,15.29,1.83,-0.35,79.64,-6.79,-1.05,,95.82,35.11,-9.87,3561.36,73.45,,,353.1,,-21.1,5.57,-9.8,9.72,-1.77,50.0,6.03,8.37,-128.89,-7.06,-15.53,32.12,-16.76,YAK:NKUHOM:9e782613-0d72:0744411,YAK:THOMAS:9e782613-0d72:0936209,,,,b8025265-b0e8-4bba-9e12-d05e1860d054,2938db59-0afd-ccd2-2b1d-ebbcb6efc12c,89.21,6.27,2.07,-2.85,-4.01,79.84,1.83,-0.35,-6.78,-1.13,0.44,16.1,14.66,-5.89,73.6,1798.13,-185.59,99.47,-0.66,-0.1,-0.75,-13.44,77.23,55.11,0.3,1.23,1.81,-127.12,329.43,-72.56,13.19,1.3,0.89,-0.12,0.44,,,1.0,,0.99,53.99,medium,high,23.76,-4.68,54.5,"Marushi, Brady",YAK:MA:BR:9e782613-0d72:0325650,YAK:THOMAS:9e782613-0d72:0936209,2022-11,FALSE,,FALSE,,,,,,,,,,,,,,,,,,,,,,,,,,,,,,,,,,,,,,,,,,,,,,,,,
345,2026-09-15,18:45:14,6,1,"Tippie, Austin",YAK:TI:AU:9e782613-0d72:0506154,Right,YAK:THOMAS:9e782613-0d72:0936209,"Jeon, SangWoon",YAK:JE:SA:9e782613-0d72:0351706,Left,YAK:NKUHOM:9e782613-0d72:0744411,Windup,10,Bottom,1,0,0,Fastball,Fastball,InPlay,,GroundBall,Out,1,0,,90.64,-3.06,-1.97,1766.94,226.32,1:30,6.57,1.67,6.0,-19.57,15.95,14.27,2.06,1.01,81.13,-6.72,0.72,,,,,,,,,,,,,-8.55,9.86,-1.52,50.0,6.32,4.08,-131.51,-7.64,-14.09,33.81,-15.92,YAK:NKUHOM:9e782613-0d72:0744411,YAK:THOMAS:9e782613-0d72:0936209,,,,b8025265-b0e8-4bba-9e12-d05e1860d054,5b763d54-669c-de35-696e-cc8b4acd650f,90.89,6.57,1.67,-3.07,-2.05,81.34,2.06,1.0,-6.72,0.64,0.43,15.04,14.79,-7.39,49.35,1752.25,-227.38,99.17,-0.68,-0.13,-0.72,,,,,,,,,,,,,,,,,0.99,,,,medium,high,45.58,35.9,54.5,"Marushi, Brady",YAK:MA:BR:9e782613-0d72:0325650,YAK:THOMAS:9e782613-0d72:0936209,2022-11,FALSE,,FALSE,,,,,,,,,,,,,,,,,,,,,,,,,,,,,,,,,,,,,,,,,,,,,,,,,
346,2026-09-15,18:46:07,7,1,"Tippie, Austin",YAK:TI:AU:9e782613-0d72:0506154,Right,YAK:THOMAS:9e782613-0d72:0936209,"Bauerle, Pierce",YAK:BA:PI:9e782613-0d72:0971625,Right,YAK:NKUHOM:9e782613-0d72:0744411,Windup,10,Bottom,2,0,0,Slider,Curveball,BallCalled,,,,0,0,,75.87,0.13,-4.24,1736.46,19.19,6:45,5.59,2.02,6.0,-50.86,0.2,-3.25,1.48,-2.24,68.12,-9.37,-4.85,,,,,,,,,,,,,0.19,0.06,-1.68,50.0,5.58,8.23,-109.97,-1.06,0.21,24.8,-32.11,YAK:NKUHOM:9e782613-0d72:0744411,YAK:THOMAS:9e782613-0d72:0936209,,,,b8025265-b0e8-4bba-9e12-d05e1860d054,7ceb7856-6e73-15a6-04e8-03c3b77b6d4d,76.08,5.58,2.02,0.25,-4.29,68.26,1.48,-2.24,-9.24,-4.9,0.51,-2.75,-3.0,-77.52,68.52,375.16,-1695.45,21.6,0.2,-0.98,0.07,,,,,,,,,,,,,,,,,0.99,,,,medium,high,28.33,-2.04,54.5,"Marushi, Brady",YAK:MA:BR:9e782613-0d72:0325650,YAK:THOMAS:9e782613-0d72:0936209,2022-11,FALSE,,FALSE,,,,,,,,,,,,,,,,,,,,,,,,,,,,,,,,,,,,,,,,,,,,,,,,,
347,2026-09-15,18:46:21,7,2,"Tippie, Austin",YAK:TI:AU:9e782613-0d72:0506154,Right,YAK:THOMAS:9e782613-0d72:0936209,"Bauerle, Pierce",YAK:BA:PI:9e782613-0d72:0971625,Right,YAK:NKUHOM:9e782613-0d72:0744411,Windup,10,Bottom,2,1,0,Fastball,Fastball,BallCalled,,,,0,0,,88.19,-0.59,-2.2,1691.36,228.39,1:30,6.25,1.7,6.0,-22.76,14.72,13.73,3.8,0.77,78.65,-4.87,0.38,,,,,,,,,,,,,-8.35,8.31,-1.53,50,6.19,4.52,-128.1,-2.0,-13.03,32.45,-19.2,YAK:NKUHOM:9e782613-0d72:0744411,YAK:THOMAS:9e782613-0d72:0936209,,,,b8025265-b0e8-4bba-9e12-d05e1860d054,46013108-18fb-26cc-b0c8-3dbd75cf32b0,88.44,6.25,1.7,-0.59,-2.29,78.86,3.8,0.76,-4.86,0.3,0.44,14.53,13.37,-20.14,84.73,1587.91,-582.46,93.88,-0.62,-0.34,-0.7,,,,,,,,,,,,,,,,,1.0,,,,medium,high,13.74,65.35,54.5,"Marushi, Brady",YAK:MA:BR:9e782613-0d72:0325650,YAK:THOMAS:9e782613-0d72:0936209,2022-11,FALSE,,FALSE,,,,,,,,,,,,,,,,,,,,,,,,,,,,,,,,,,,,,,,,,,,,,,,,,
348,2026-09-15,18:46:34,7,3,"Tippie, Austin",YAK:TI:AU:9e782613-0d72:0506154,Right,YAK:THOMAS:9e782613-0d72:0936209,"Bauerle, Pierce",YAK:BA:PI:9e782613-0d72:0971625,Right,YAK:NKUHOM:9e782613-0d72:0744411,Windup,10,Bottom,2,2,0,Fastball,Fastball,StrikeCalled,,,,0,0,,88.93,-1.52,-3.86,1564.29,229.46,1:45,6.13,1.66,6.0,-22.42,14.51,14.07,2.82,-0.8,79.44,-5.73,-1.21,,,,,,,,,,,,,-9.11,8.52,-1.36,50.0,5.99,8.27,-128.96,-4.11,-14.44,32.44,-18.67,YAK:NKUHOM:9e782613-0d72:0744411,YAK:THOMAS:9e782613-0d72:0936209,,,,b8025265-b0e8-4bba-9e12-d05e1860d054,48620de9-e898-9c6c-a487-f5c5c105e436,89.19,6.13,1.67,-1.52,-3.94,79.65,2.82,-0.8,-5.72,-1.29,0.44,14.84,13.21,-12.04,81.34,1529.86,-326.36,97.8,-0.64,-0.21,-0.74,,,,,,,,,,,,,,,,,0.98,,,,medium,high,16.79,56.63,54.5,"Marushi, Brady",YAK:MA:BR:9e782613-0d72:0325650,YAK:THOMAS:9e782613-0d72:0936209,2022-11,FALSE,,FALSE,,,,,,,,,,,,,,,,,,,,,,,,,,,,,,,,,,,,,,,,,,,,,,,,,
349,2026-09-15,18:46:47,7,4,"Tippie, Austin",YAK:TI:AU:9e782613-0d72:0506154,Right,YAK:THOMAS:9e782613-0d72:0936209,"Bauerle, Pierce",YAK:BA:PI:9e782613-0d72:0971625,Right,YAK:NKUHOM:9e782613-0d72:0744411,Windup,10,Bottom,2,2,1,Fastball,Fastball,Foul,,,,0,0,,90.19,-1.97,-2.65,1792.05,222.52,1:30,6.39,1.51,6.0,-18.81,17.03,13.53,2.98,0.14,80.57,-5.5,-0.1,,,,,,,,,,,,,-8.39,10.07,-1.31,50.0,6.23,5.65,-130.91,-5.08,-13.69,33.5,-15.73,YAK:NKUHOM:9e782613-0d72:0744411,YAK:THOMAS:9e782613-0d72:0936209,,,,b8025265-b0e8-4bba-9e12-d05e1860d054,86fde4fe-825d-f83a-2ea4-1cf1270c7c94,90.45,6.39,1.51,-1.98,-2.73,80.78,2.98,0.14,-5.5,-0.18,0.43,14.26,15.91,-6.99,89.44,1778.74,-218.02,99.26,-0.73,-0.12,-0.67,,,,,,,,,,,,,,,,,1.0,,,,medium,high,9.51,-1.42,54.5,"Marushi, Brady",YAK:MA:BR:9e782613-0d72:0325650,YAK:THOMAS:9e782613-0d72:0936209,2022-11,FALSE,,FALSE,,,,,,,,,,,,,,,,,,,,,,,,,,,,,,,,,,,,,,,,,,,,,,,,,
,2026-09-15,18:46:47,,,,,,,,,,,,,,,,,,Fastball,,,,,,,,63.48,52.74,-85.44,249.68,126.48,10:15,5.9,-2.05,59.33,1.27,3.5,-2.73,13.6,-8.04,60.25,51.33,-85.79,,,,,,,,,,,,,-780.0,-1131.56,-301.77,50.0,-658.21,97.1,-20.15,260.97,-10.32,3.95,-47.15,,,,,,,dc45d927-7164-7871-e9dc-fa201cd2decf,382.69,-545.66,255.53,67.81,-72.82,60.26,13.6,-8.04,51.33,-85.79,0.11,-2.77,3.36,17.44,2.77,238.2,74.83,95.4,-0.57,0.3,0.77,,,,,,,,,,,,,,,,,0.91,,,,medium,high,87.51,-32.42,1.17,,,,2022-11,TRUE,Release extension outside 3-8ft range; Spin rate outside 800-3500rpm range,FALSE,,,,,,,,,,,,,,,,,,,,,,,,,,,,,,,,,,,,,,,,,,,,,,,,,
350,2026-09-15,18:47:06,7,5,"Tippie, Austin",YAK:TI:AU:9e782613-0d72:0506154,Right,YAK:THOMAS:9e782613-0d72:0936209,"Bauerle, Pierce",YAK:BA:PI:9e782613-0d72:0971625,Right,YAK:NKUHOM:9e782613-0d72:0744411,Windup,10,Bottom,2,2,2,Fastball,Fastball,BallCalled,,,,0,0,,89.04,-0.14,-2.72,1961.46,227.81,1:30,6.25,2.09,6.0,-20.75,16.03,15.03,4.39,0.79,79.32,-4.05,0.11,,,,,,,,,,,,,-9.25,8.87,-1.89,50.0,6.22,5.7,-129.31,-0.95,-14.72,33.01,-18.07,YAK:NKUHOM:9e782613-0d72:0744411,YAK:THOMAS:9e782613-0d72:0936209,,,,b8025265-b0e8-4bba-9e12-d05e1860d054,8c7d3e88-b591-77e4-3862-f225ea1de766,89.31,6.25,2.1,-0.15,-2.81,79.53,4.39,0.78,-4.04,0.02,0.44,15.9,14.8,-15.76,30.29,1887.71,-532.79,96.24,-0.65,-0.27,-0.71,,,,,,,,,,,,,,,,,0.99,,,,medium,high,62.74,71.76,54.5,"Marushi, Brady",YAK:MA:BR:9e782613-0d72:0325650,YAK:THOMAS:9e782613-0d72:0936209,2022-11,FALSE,,FALSE,,,,,,,,,,,,,,,,,,,,,,,,,,,,,,,,,,,,,,,,,,,,,,,,,
351,2026-09-15,18:47:47,7,6,"Tippie, Austin",YAK:TI:AU:9e782613-0d72:0506154,Right,YAK:THOMAS:9e782613-0d72:0936209,"Bauerle, Pierce",YAK:BA:PI:9e782613-0d72:0971625,Right,YAK:NKUHOM:9e782613-0d72:0744411,,10,Bottom,2,3,2,Fastball,,BallCalled,,,Walk,0,0,,,,,,,,,,,,,,,,,,,,,,,,,,,,,,,,,,,,,,,,,,YAK:NKUHOM:9e782613-0d72:0744411,YAK:THOMAS:9e782613-0d72:0936209,,,,b8025265-b0e8-4bba-9e12-d05e1860d054,e1d34496-b6e8-4e9e-936d-14ceaf8bfc55,,,,,,,,,,,,,,,,,,,,,,,,,,,,,,,,,,,,,,,,,,,,,,,"Marushi, Brady",YAK:MA:BR:9e782613-0d72:0325650,YAK:THOMAS:9e782613-0d72:0936209,,,,,,,,,,,,,,,,,,,,,,,,,,,,,,,,,,,,,,,,,,,,,,,,,,,,,
352,2026-09-15,18:47:54,8,1,"Tippie, Austin",YAK:TI:AU:9e782613-0d72:0506154,Right,YAK:THOMAS:9e782613-0d72:0936209,"Friedberg, Hunter",YAK:FR:HU:9e782613-0d72:0161357,Left,YAK:NKUHOM:9e782613-0d72:0744411,,10,Bottom,2,0,0,Fastball,Fastball,BallCalled,,,,0,0,,87.08,-3.21,-4.39,1938.05,227.69,1:30,6.31,1.57,6.0,-21.81,16.77,15.43,1.47,-1.27,78.05,-7.28,-1.5,,,,,,,,,,,,,-10.02,10.34,-1.24,50.0,6.05,9.23,-126.07,-7.73,-15.21,30.51,-16.48,YAK:NKUHOM:9e782613-0d72:0744411,YAK:THOMAS:9e782613-0d72:0936209,,,,b8025265-b0e8-4bba-9e12-d05e1860d054,953eab45-adac-3f1a-0552-90cd80d791cf,87.33,6.31,1.58,-3.21,-4.48,78.25,1.47,-1.28,-7.27,-1.59,0.45,16.28,15.59,-10.43,77.99,1906.03,-350.86,98.35,-0.66,-0.18,-0.73,,,,,,,,,,,,,,,,,1.0,,,,medium,high,19.81,18.1,54.5,"Marushi, Brady",YAK:MA:BR:9e782613-0d72:0325650,YAK:THOMAS:9e782613-0d72:0936209,2022-11,FALSE,,FALSE,,,,,,,,,,,,,,,,,,,,,,,,,,,,,,,,,,,,,,,,,,,,,,,,,
353,2026-09-15,18:48:11,8,2,"Tippie, Austin",YAK:TI:AU:9e782613-0d72:0506154,Right,YAK:THOMAS:9e782613-0d72:0936209,"Friedberg, Hunter",YAK:FR:HU:9e782613-0d72:0161357,Left,YAK:NKUHOM:9e782613-0d72:0744411,Stretch,10,Bottom,2,1,0,Fastball,Fastball,StrikeCalled,,,,0,0,,86.65,-2.31,-3.46,1929.29,229.89,1:45,6.53,2.14,6.0,-23.05,15.82,15.45,2.44,0.18,77.56,-6.62,-0.55,,,,,,,,,,,,,-9.73,9.52,-1.88,50.0,6.34,7.14,-125.66,-5.75,-14.64,30.67,-17.84,YAK:NKUHOM:9e782613-0d72:0744411,YAK:THOMAS:9e782613-0d72:0936209,,,,b8025265-b0e8-4bba-9e12-d05e1860d054,bc808726-f2b5-2e27-e98c-173f6f5ba7a3,86.9,6.53,2.15,-2.31,-3.55,77.76,2.44,0.17,-6.62,-0.65,0.45,16.34,14.54,-15.6,65.87,1858.24,-518.77,96.32,-0.62,-0.27,-0.74,,,,,,,,,,,,,,,,,1.0,,,,medium,high,30.72,14.02,54.5,"Marushi, Brady",YAK:MA:BR:9e782613-0d72:0325650,YAK:THOMAS:9e782613-0d72:0936209,2022-11,FALSE,,FALSE,,,,,,,,,,,,,,,,,,,,,,,,,,,,,,,,,,,,,,,,,,,,,,,,,
354,2026-09-15,18:48:34,8,3,"Tippie, Austin",YAK:TI:AU:9e782613-0d72:0506154,Right,YAK:THOMAS:9e782613-0d72:0936209,"Friedberg, Hunter",YAK:FR:HU:9e782613-0d72:0161357,Left,YAK:NKUHOM:9e782613-0d72:0744411,Stretch,10,Bottom,2,1,1,Fastball,Fastball,StrikeCalled,,,,0,0,,86.34,-1.99,-3.82,1880.43,230.46,1:45,6.36,1.47,6.0,-23.39,15.78,15.98,2.53,-0.79,77.24,-6.38,-0.82,,,,,,,,,,,,,-10.14,9.39,-1.18,50.0,6.19,7.89,-125.18,-5.06,-15.15,30.4,-18.15,YAK:NKUHOM:9e782613-0d72:0744411,YAK:THOMAS:9e782613-0d72:0936209,,,,b8025265-b0e8-4bba-9e12-d05e1860d054,11fd6286-34ea-d3c8-0b18-5dc3844e83c0,86.58,6.36,1.48,-2.0,-3.91,77.44,2.53,-0.79,-6.36,-0.91,0.45,16.86,14.47,-9.87,72.35,1852.57,-322.45,98.52,-0.63,-0.17,-0.76,,,,,,,,,,,,,,,,,1.0,,,,medium,high,24.88,18.82,54.5,"Marushi, Brady",YAK:MA:BR:9e782613-0d72:0325650,YAK:THOMAS:9e782613-0d72:0936209,2022-11,FALSE,,FALSE,,,,,,,,,,,,,,,,,,,,,,,,,,,,,,,,,,,,,,,,,,,,,,,,,
355,2026-09-15,18:48:54,8,4,"Tippie, Austin",YAK:TI:AU:9e782613-0d72:0506154,Right,YAK:THOMAS:9e782613-0d72:0936209,"Friedberg, Hunter",YAK:FR:HU:9e782613-0d72:0161357,Left,YAK:NKUHOM:9e782613-0d72:0744411,Stretch,10,Bottom,2,1,2,Slider,Curveball,StrikeSwinging,,,StrikeoutSwinging,1,0,,76.23,1.13,-0.91,1772.61,358.19,6:00,5.47,2.23,6.0,-48.27,1.97,-1.2,2.51,1.28,68.24,-7.93,-1.13,,,,,,,,,,,,,0.33,0.66,-2.16,50.0,5.54,1.78,-110.77,0.94,0.38,24.82,-31.4,YAK:NKUHOM:9e782613-0d72:0744411,YAK:THOMAS:9e782613-0d72:0936209,,,,b8025265-b0e8-4bba-9e12-d05e1860d054,c364ced4-8a39-6235-1fb3-bcfceff195a3,76.45,5.47,2.24,1.23,-0.97,68.4,2.52,1.28,-7.81,-1.19,0.51,-0.62,-0.99,-86.56,14.7,106.22,-1769.42,5.99,0.06,-1.0,0.0,,,,,,,,,,,,,,,,,0.99,,,,medium,high,76.77,12.71,54.5,"Marushi, Brady",YAK:MA:BR:9e782613-0d72:0325650,YAK:THOMAS:9e782613-0d72:0936209,2022-11,FALSE,,FALSE,,,,,,,,,,,,,,,,,,,,,,,,,,,,,,,,,,,,,,,,,,,,,,,,,